window,genome,horizon,stop_ev,hold_ev,stop_cvar05,hold_cvar05,stop_loss20_rate,hold_loss20_rate,stop_sequence_mdd_proxy,hold_sequence_mdd_proxy
21_25,2298,21,0.06151976436376572,0.06151976436376572,-0.18331271409988403,-0.18331271409988403,0.012987012987012988,0.012987012987012988,-0.4643651247024536,-0.4643651247024536
21_25,2298,22,0.060139719396829605,0.060139719396829605,-0.179299458861351,-0.179299458861351,0.012987012987012988,0.012987012987012988,-0.4564778208732605,-0.4564778208732605
21_25,2298,23,0.060199253261089325,0.060199253261089325,-0.17567774653434753,-0.17567774653434753,0.012987012987012988,0.012987012987012988,-0.4147868752479553,-0.4147868752479553
21_25,2298,24,0.06205509230494499,0.06205509230494499,-0.17801135778427124,-0.17801135778427124,0.012987012987012988,0.012987012987012988,-0.40740400552749634,-0.40740400552749634
21_25,2298,25,0.06453588604927063,0.06453588604927063,-0.1706113964319229,-0.1706113964319229,0.01948051948051948,0.01948051948051948,-0.34830015897750854,-0.34830015897750854
21_25,1128,21,0.09478455036878586,0.09478455036878586,-0.19534003734588623,-0.19534003734588623,0.025,0.025,-0.5620011687278748,-0.5620011687278748
21_25,1128,22,0.09685482084751129,0.09685482084751129,-0.18364039063453674,-0.18364039063453674,0.0,0.0,-0.5664275884628296,-0.5664275884628296
21_25,1128,23,0.09819917380809784,0.09819917380809784,-0.17798897624015808,-0.17798897624015808,0.0,0.0,-0.5470112562179565,-0.5470112562179565
21_25,1128,24,0.09640293568372726,0.09640293568372726,-0.16558074951171875,-0.16558074951171875,0.0,0.0,-0.48448050022125244,-0.48448050022125244
21_25,1128,25,0.09527046233415604,0.09527046233415604,-0.1611790955066681,-0.1611790955066681,0.0,0.0,-0.46325814723968506,-0.46325814723968506
21_25,1672,21,0.023675378412008286,0.02787388116121292,-0.16754958033561707,-0.17366889119148254,0.0,0.023255813953488372,-0.6949681043624878,-0.7419641017913818
21_25,1672,22,0.02229263447225094,0.029255259782075882,-0.16754958033561707,-0.1726488322019577,0.0,0.023255813953488372,-0.737274169921875,-0.7846479415893555
21_25,1672,23,0.023572199046611786,0.03151100128889084,-0.16754958033561707,-0.17260535061359406,0.0,0.023255813953488372,-0.7700893878936768,-0.8226826190948486
21_25,1672,24,0.025519607588648796,0.033449433743953705,-0.16754958033561707,-0.1812768429517746,0.0,0.023255813953488372,-0.7864940166473389,-0.8312267065048218
21_25,1672,25,0.026798957958817482,0.035946108400821686,-0.16754958033561707,-0.19882364571094513,0.0,0.023255813953488372,-0.7921643257141113,-0.8361449241638184
21_25,2164,21,-0.01710343360900879,0.006185062695294619,-0.15357983112335205,-0.20650607347488403,0.006329113924050633,0.03164556962025317,-0.9748085141181946,-0.8138428926467896
21_25,2164,22,-0.016381200402975082,0.008729527704417706,-0.15357983112335205,-0.20413994789123535,0.006329113924050633,0.0189873417721519,-0.97300124168396,-0.8234202265739441
21_25,2164,23,0.013022636994719505,0.013022636994719505,-0.197383850812912,-0.197383850812912,0.02531645569620253,0.02531645569620253,-0.8492418527603149,-0.8492418527603149
21_25,2164,24,0.013136313296854496,0.013136313296854496,-0.193313866853714,-0.193313866853714,0.012658227848101266,0.012658227848101266,-0.8569060564041138,-0.8569060564041138
21_25,2164,25,0.012987538240849972,0.012987538240849972,-0.19532808661460876,-0.19532808661460876,0.012658227848101266,0.012658227848101266,-0.8639899492263794,-0.8639899492263794
21_25,4298,21,0.022844696417450905,0.06997308135032654,-0.07966535538434982,-0.11393942683935165,0.0,0.0,-0.3625321388244629,-0.13431119918823242
21_25,4298,22,0.019974244758486748,0.06061863899230957,-0.07966535538434982,-0.13020895421504974,0.0,0.0,-0.3721715211868286,-0.1744481325149536
21_25,4298,23,0.01705935411155224,0.048679471015930176,-0.07966535538434982,-0.13774245977401733,0.0,0.0,-0.37523847818374634,-0.1923530101776123
21_25,4298,24,0.015995318070054054,0.044135935604572296,-0.07966535538434982,-0.14551012217998505,0.0,0.0,-0.3752385377883911,-0.19162702560424805
21_25,4298,25,0.015099532902240753,0.04010569304227829,-0.07966535538434982,-0.14606797695159912,0.0,0.0,-0.3752385377883911,-0.1841016411781311
21_25,592,21,0.00751893687993288,0.021437684074044228,-0.09803390502929688,-0.15134753286838531,0.0,0.004878048780487805,-0.8389835953712463,-0.9512259364128113
21_25,592,22,0.004135881084948778,0.01535608246922493,-0.09803390502929688,-0.15200060606002808,0.0,0.00975609756097561,-0.8314909934997559,-0.9520269632339478
21_25,592,23,-0.00028387512429617345,0.009806987829506397,-0.09803390502929688,-0.15790235996246338,0.0,0.004878048780487805,-0.8593481183052063,-0.9536495208740234
21_25,592,24,-0.002482364187017083,0.00683484086766839,-0.09803390502929688,-0.15763193368911743,0.0,0.004878048780487805,-0.8856559991836548,-0.9659250974655151
21_25,592,25,-0.0016112057492136955,0.01159678678959608,-0.09803390502929688,-0.14666657149791718,0.0,0.00975609756097561,-0.8806911110877991,-0.9405485987663269
21_25,1898,21,0.02127128280699253,0.07001668214797974,-0.09501171857118607,-0.12834897637367249,0.0,0.0,-0.5674903392791748,-0.43584001064300537
21_25,1898,22,0.02058437466621399,0.07234220951795578,-0.09501171857118607,-0.12966498732566833,0.0,0.0,-0.5925240516662598,-0.43759065866470337
21_25,1898,23,0.0203537754714489,0.07879050076007843,-0.09501171857118607,-0.13495363295078278,0.0,0.0,-0.5428943037986755,-0.45642656087875366
21_25,1898,24,0.022423289716243744,0.08158785849809647,-0.09501171857118607,-0.14729933440685272,0.0,0.0,-0.5225237011909485,-0.47137296199798584
21_25,1898,25,0.01903964951634407,0.08105930685997009,-0.09501171857118607,-0.151409313082695,0.0,0.0,-0.5908868312835693,-0.4338735342025757
21_25,806,21,0.007980193011462688,0.007980193011462688,-0.2199396938085556,-0.2199396938085556,0.028,0.028,-0.9860244393348694,-0.9860244393348694
21_25,806,22,0.00689125107601285,0.00689125107601285,-0.22707393765449524,-0.22707393765449524,0.03,0.03,-0.9889962077140808,-0.9889962077140808
21_25,806,23,0.007087312638759613,0.007087312638759613,-0.232561856508255,-0.232561856508255,0.03,0.03,-0.9921180605888367,-0.9921180605888367
21_25,806,24,0.008468501269817352,0.008468501269817352,-0.2391403615474701,-0.2391403615474701,0.032,0.032,-0.9943903088569641,-0.9943903088569641
21_25,806,25,0.009974796324968338,0.009974796324968338,-0.2436574399471283,-0.2436574399471283,0.032,0.032,-0.9958332180976868,-0.9958332180976868
21_25,172,21,0.05307567119598389,0.05307567119598389,-0.2778172791004181,-0.2778172791004181,0.05,0.05,-0.6820056438446045,-0.6820056438446045
21_25,172,22,0.04810531437397003,0.04810531437397003,-0.29955920577049255,-0.29955920577049255,0.05,0.05,-0.7139243483543396,-0.7139243483543396
21_25,172,23,0.04893134906888008,0.04893134906888008,-0.2840029001235962,-0.2840029001235962,0.03333333333333333,0.03333333333333333,-0.7203084230422974,-0.7203084230422974
21_25,172,24,0.051730699837207794,0.051730699837207794,-0.24731679260730743,-0.24731679260730743,0.016666666666666666,0.016666666666666666,-0.5938608646392822,-0.5938608646392822
21_25,172,25,0.05558541789650917,0.05558541789650917,-0.21453873813152313,-0.21453873813152313,0.016666666666666666,0.016666666666666666,-0.5807127952575684,-0.5807127952575684
21_25,4082,21,0.015757761895656586,0.027424737811088562,-0.19532492756843567,-0.20742490887641907,0.023952095808383235,0.03592814371257485,-0.9689385294914246,-0.9426748752593994
21_25,4082,22,0.012315862812101841,0.02787208929657936,-0.157239630818367,-0.22441816329956055,0.0,0.03592814371257485,-0.982732355594635,-0.9418812394142151
21_25,4082,23,0.016971074044704437,0.02971368283033371,-0.157239630818367,-0.23078849911689758,0.0,0.059880239520958084,-0.9786337018013,-0.937738299369812
21_25,4082,24,0.018124131485819817,0.02684485912322998,-0.157239630818367,-0.2496347725391388,0.0,0.08383233532934131,-0.9782869815826416,-0.9659336805343628
21_25,4082,25,0.020318370312452316,0.0273954626172781,-0.157239630818367,-0.2687165439128876,0.0,0.11976047904191617,-0.9741258025169373,-0.9761578440666199
21_25,756,21,-0.007093335036188364,-0.007093335036188364,-0.24593102931976318,-0.24593102931976318,0.07092198581560284,0.07092198581560284,-0.9997850656509399,-0.9997850656509399
21_25,756,22,-0.009200444445014,-0.009200444445014,-0.2564234137535095,-0.2564234137535095,0.07092198581560284,0.07092198581560284,-0.9998692274093628,-0.9998692274093628
21_25,756,23,-0.006589602213352919,-0.006589602213352919,-0.2650272846221924,-0.2650272846221924,0.0851063829787234,0.0851063829787234,-0.9999077320098877,-0.9999077320098877
21_25,756,24,-0.0029797181487083435,-0.0029797181487083435,-0.2738645076751709,-0.2738645076751709,0.11347517730496454,0.11347517730496454,-0.9999176859855652,-0.9999176859855652
21_25,756,25,0.0011321906931698322,0.0011321906931698322,-0.28187376260757446,-0.28187376260757446,0.12056737588652482,0.12056737588652482,-0.9999092221260071,-0.9999092221260071
21_25,452,21,-0.006592972204089165,-0.0023545336443930864,-0.129435732960701,-0.28719860315322876,0.004,0.034,-0.9987695217132568,-0.9998972415924072
21_25,452,22,-0.004329781047999859,-0.00042517425026744604,-0.14576134085655212,-0.27578991651535034,0.006,0.044,-0.9970241189002991,-0.9995104074478149
21_25,452,23,-0.004870677832514048,0.010242188349366188,-0.13496540486812592,-0.28786709904670715,0.002,0.038,-0.9978393912315369,-0.9879541397094727
21_25,452,24,-0.0033502383157610893,0.004619208630174398,-0.13595029711723328,-0.2806735932826996,0.0,0.046,-0.997855007648468,-0.9989787936210632
21_25,452,25,-0.00296015408821404,0.004511787090450525,-0.13941273093223572,-0.2676349878311157,0.0,0.054,-0.996377170085907,-0.9981387257575989
21_25,1568,21,0.048684969544410706,0.048684969544410706,-0.12521590292453766,-0.12521590292453766,0.0024813895781637717,0.0024813895781637717,-0.8210532665252686,-0.8210532665252686
21_25,1568,22,0.05134391784667969,0.05134391784667969,-0.12428542226552963,-0.12428542226552963,0.0,0.0,-0.7674686908721924,-0.7674686908721924
21_25,1568,23,0.05108986049890518,0.05108986049890518,-0.12627018988132477,-0.12627018988132477,0.0,0.0,-0.7388789057731628,-0.7388789057731628
21_25,1568,24,0.05349257215857506,0.05349257215857506,-0.12298493087291718,-0.12298493087291718,0.0,0.0,-0.7137979865074158,-0.7137979865074158
21_25,1568,25,0.05243091285228729,0.05243091285228729,-0.1286485195159912,-0.1286485195159912,0.0,0.0,-0.7071410417556763,-0.7071410417556763
21_25,1014,21,0.007435276173055172,0.011011874303221703,-0.12788541615009308,-0.21044175326824188,0.0,0.011764705882352941,-0.5122941732406616,-0.7944790124893188
21_25,1014,22,0.0077011859975755215,0.015324017964303493,-0.12788541615009308,-0.21273714303970337,0.0,0.01764705882352941,-0.5122942924499512,-0.7932647466659546
21_25,1014,23,0.007751926314085722,0.01586528867483139,-0.12788541615009308,-0.2272198498249054,0.0,0.023529411764705882,-0.5122942924499512,-0.8153502941131592
21_25,1014,24,0.007746970746666193,0.011999048292636871,-0.12788541615009308,-0.2515427768230438,0.0,0.04142011834319527,-0.5122941732406616,-0.8922062516212463
21_25,1014,25,0.007710897829383612,0.013904980383813381,-0.12788541615009308,-0.282925546169281,0.0,0.05325443786982249,-0.5122941732406616,-0.937249481678009
21_25,1082,21,0.0032455523032695055,0.018351305276155472,-0.12087554484605789,-0.24242082238197327,0.002188183807439825,0.024070021881838075,-0.9629409313201904,-0.9885510206222534
21_25,1082,22,0.004989480134099722,0.02055571973323822,-0.12143326550722122,-0.2514367997646332,0.002188183807439825,0.030634573304157548,-0.9647709727287292,-0.9870877265930176
21_25,1082,23,0.0062935324385762215,0.022180523723363876,-0.12143326550722122,-0.2538556456565857,0.002188183807439825,0.024070021881838075,-0.9628915190696716,-0.9877966046333313
21_25,1082,24,0.007219910155981779,0.02291591465473175,-0.12143326550722122,-0.25942882895469666,0.002188183807439825,0.028446389496717725,-0.9602693915367126,-0.9916457533836365
21_25,1082,25,0.0075857266783714294,0.024355756118893623,-0.12143326550722122,-0.26683473587036133,0.002188183807439825,0.028446389496717725,-0.9675172567367554,-0.9941127896308899
21_25,3278,21,0.004201890435069799,0.008571169339120388,-0.09248998016119003,-0.16984835267066956,0.0,0.012987012987012988,-0.5825037956237793,-0.5122865438461304
21_25,3278,22,0.004803759511560202,0.00910193007439375,-0.09248998016119003,-0.1702285259962082,0.0,0.012987012987012988,-0.5767039060592651,-0.5415875911712646
21_25,3278,23,0.005491883493959904,0.009073462337255478,-0.09248998016119003,-0.16873282194137573,0.0,0.012987012987012988,-0.5801303386688232,-0.589984655380249
21_25,3278,24,0.006300007458776236,0.01013033278286457,-0.16020967066287994,-0.1667584627866745,0.012987012987012988,0.012987012987012988,-0.5846632122993469,-0.5923888683319092
21_25,3278,25,0.004228493198752403,0.008903790265321732,-0.16020967066287994,-0.15612125396728516,0.012987012987012988,0.012987012987012988,-0.6329987645149231,-0.6678504943847656
21_25,394,21,0.00667818496003747,0.012549825012683868,-0.18022334575653076,-0.22166547179222107,0.011764705882352941,0.03529411764705882,-0.9682355523109436,-0.9754088521003723
21_25,394,22,0.00669357692822814,0.013941074721515179,-0.18612772226333618,-0.2100815773010254,0.011764705882352941,0.03529411764705882,-0.9690194725990295,-0.9750450849533081
21_25,394,23,0.00999631267040968,0.02013246901333332,-0.18612772226333618,-0.2084055244922638,0.011764705882352941,0.03529411764705882,-0.9690194725990295,-0.9712920784950256
21_25,394,24,0.0014834910398349166,0.014189890585839748,-0.16859455406665802,-0.23481690883636475,0.012195121951219513,0.06097560975609756,-0.9750062227249146,-0.9772297143936157
21_25,394,25,0.007501959800720215,0.007501959800720215,-0.25817304849624634,-0.25817304849624634,0.06172839506172839,0.06172839506172839,-0.9847511053085327,-0.9847511053085327
21_25,2066,21,0.05046452581882477,0.06215333566069603,-0.08258950710296631,-0.045506641268730164,0.0,0.0,-0.13971781730651855,-0.04645967483520508
21_25,2066,22,0.05236693471670151,0.06299528479576111,-0.08258950710296631,-0.037471190094947815,0.0,0.0,-0.13971787691116333,-0.04425954818725586
21_25,2066,23,0.05261281505227089,0.06167205423116684,-0.08258950710296631,-0.039559073746204376,0.0,0.0,-0.13971787691116333,-0.045477449893951416
21_25,2066,24,0.04498842731118202,0.05343244969844818,-0.08258950710296631,-0.03879828006029129,0.0,0.0,-0.13971781730651855,-0.062238097190856934
21_25,2066,25,0.04045629873871803,0.045148417353630066,-0.08258950710296631,-0.09771725535392761,0.0,0.0,-0.13971787691116333,-0.15622729063034058
21_25,3662,21,0.017277564853429794,0.017277564853429794,-0.22173112630844116,-0.22173112630844116,0.041666666666666664,0.041666666666666664,-0.8375281095504761,-0.8375281095504761
21_25,3662,22,0.015191806480288506,0.015191806480288506,-0.22640672326087952,-0.22640672326087952,0.041666666666666664,0.041666666666666664,-0.8609117269515991,-0.8609117269515991
21_25,3662,23,0.0012720637023448944,0.016486434265971184,-0.12065888196229935,-0.22646671533584595,0.0,0.041666666666666664,-0.6885806322097778,-0.8691346645355225
21_25,3662,24,0.010763352736830711,0.010763352736830711,-0.24683243036270142,-0.24683243036270142,0.05555555555555555,0.05555555555555555,-0.8891085386276245,-0.8891085386276245
21_25,3662,25,-0.0035411666613072157,0.01026710495352745,-0.12065888196229935,-0.2677995562553406,0.0,0.05555555555555555,-0.7100211381912231,-0.8711298704147339
21_25,2274,21,0.004927817732095718,0.004927817732095718,-0.2890622913837433,-0.2890622913837433,0.11409395973154363,0.11409395973154363,-0.9997323751449585,-0.9997323751449585
21_25,2274,22,0.007990283891558647,0.007990283891558647,-0.2878483533859253,-0.2878483533859253,0.12080536912751678,0.12080536912751678,-0.9997792840003967,-0.9997792840003967
21_25,2274,23,0.008434855379164219,0.008434855379164219,-0.2832523286342621,-0.2832523286342621,0.10067114093959731,0.10067114093959731,-0.9998067021369934,-0.9998067021369934
21_25,2274,24,0.006599707994610071,0.006599707994610071,-0.2656295895576477,-0.2656295895576477,0.09395973154362416,0.09395973154362416,-0.9997621774673462,-0.9997621774673462
21_25,2274,25,0.003928613383322954,0.003928613383322954,-0.25453808903694153,-0.25453808903694153,0.10738255033557047,0.10738255033557047,-0.9997813105583191,-0.9997813105583191
21_25,2076,21,0.04541816562414169,0.04541816562414169,-0.31285223364830017,-0.31285223364830017,0.07608695652173914,0.07608695652173914,-0.8090049028396606,-0.8090049028396606
21_25,2076,22,0.04573693871498108,0.04573693871498108,-0.2863016724586487,-0.2863016724586487,0.08695652173913043,0.08695652173913043,-0.8398513197898865,-0.8398513197898865
21_25,2076,23,0.03067016415297985,0.04612129554152489,-0.2725736200809479,-0.28489214181900024,0.07608695652173914,0.06521739130434782,-0.9187221527099609,-0.8633124232292175
21_25,2076,24,0.03555193543434143,0.051662467420101166,-0.2607600688934326,-0.2845260500907898,0.07608695652173914,0.07608695652173914,-0.9309661388397217,-0.864945650100708
21_25,2076,25,0.031741369515657425,0.05027079954743385,-0.2607600688934326,-0.29403164982795715,0.07608695652173914,0.07608695652173914,-0.9314380288124084,-0.8584848642349243
21_25,2144,21,-0.007330949883908033,-0.003019023220986128,-0.23380011320114136,-0.27520468831062317,0.027906976744186046,0.037209302325581395,-0.9979327321052551,-0.9975739121437073
21_25,2144,22,-0.009754869155585766,-0.004636794328689575,-0.22236213088035583,-0.24792800843715668,0.027906976744186046,0.03255813953488372,-0.9981326460838318,-0.996720016002655
21_25,2144,23,-0.010537322610616684,-0.0059868767857551575,-0.22236213088035583,-0.23518018424510956,0.027906976744186046,0.023255813953488372,-0.9981027841567993,-0.9967261552810669
21_25,2144,24,-0.009845993481576443,-0.00796702690422535,-0.2279193252325058,-0.22999607026576996,0.027906976744186046,0.027906976744186046,-0.998079240322113,-0.9978148341178894
21_25,2144,25,-0.010689455084502697,-0.010044454596936703,-0.2279193252325058,-0.22998294234275818,0.027906976744186046,0.027906976744186046,-0.9984362721443176,-0.9983928799629211
21_25,1074,21,0.01246852520853281,0.017920583486557007,-0.13110613822937012,-0.2318824827671051,0.0,0.036,-0.9995051622390747,-0.999941349029541
21_25,1074,22,0.013272680342197418,0.019530875608325005,-0.13110613822937012,-0.23436060547828674,0.0,0.046,-0.9995403289794922,-0.9999642372131348
21_25,1074,23,0.011199976317584515,0.020059050992131233,-0.11127392947673798,-0.23083730041980743,0.0,0.034,-0.9966018795967102,-0.9999704360961914
21_25,1074,24,0.012584465555846691,0.019635768607258797,-0.12394789606332779,-0.22853954136371613,0.002,0.034,-0.973918080329895,-0.9999597668647766
21_25,1074,25,0.012183396145701408,0.019853662699460983,-0.12394789606332779,-0.22806912660598755,0.002,0.036,-0.9742683172225952,-0.9999589920043945
21_25,3212,21,-0.011035600677132607,-0.012181755155324936,-0.13995318114757538,-0.1755409836769104,0.0136986301369863,0.0136986301369863,-0.7244503498077393,-0.7491817474365234
21_25,3212,22,-0.01282854750752449,-0.01282854750752449,-0.17918765544891357,-0.17918765544891357,0.0136986301369863,0.0136986301369863,-0.7535854578018188,-0.7535854578018188
21_25,3212,23,-0.011738375760614872,-0.01317860372364521,-0.13995318114757538,-0.1795952171087265,0.0136986301369863,0.0136986301369863,-0.7088167667388916,-0.7336324453353882
21_25,3212,24,-0.018339674919843674,-0.013118365779519081,-0.1733171045780182,-0.17995038628578186,0.0136986301369863,0.0273972602739726,-0.7838960289955139,-0.7332594394683838
21_25,3212,25,-0.01941700093448162,-0.01389280240982771,-0.1733171045780182,-0.18830913305282593,0.0136986301369863,0.0136986301369863,-0.7993311882019043,-0.7410255074501038
26_30,1660,26,0.2095504105091095,0.2095504105091095,-0.3287521004676819,-0.3287521004676819,0.1,0.1,-0.6934072971343994,-0.6934072971343994
26_30,1660,27,0.20025357604026794,0.20025357604026794,-0.3362453877925873,-0.3362453877925873,0.1,0.1,-0.700706422328949,-0.700706422328949
26_30,1660,28,0.21983812749385834,0.21983812749385834,-0.33291858434677124,-0.33291858434677124,0.1,0.1,-0.6830291748046875,-0.6830291748046875
26_30,1660,29,0.2226681262254715,0.2226681262254715,-0.32611674070358276,-0.32611674070358276,0.1,0.1,-0.6897456049919128,-0.6897456049919128
26_30,1660,30,0.25361427664756775,0.25361427664756775,-0.30841290950775146,-0.30841290950775146,0.1,0.1,-0.6531813144683838,-0.6531813144683838
26_30,586,26,0.07518776506185532,0.0853058323264122,-0.1275848150253296,-0.20703430473804474,0.0,0.02610966057441253,-0.6442351341247559,-0.48491597175598145
26_30,586,27,0.07597975432872772,0.08731172978878021,-0.1275848150253296,-0.19762715697288513,0.0,0.020887728459530026,-0.6077725291252136,-0.5026630163192749
26_30,586,28,0.07739071547985077,0.09010542184114456,-0.1275848150253296,-0.18878869712352753,0.0,0.02349869451697128,-0.6580638885498047,-0.588822066783905
26_30,586,29,0.07838957011699677,0.09257407486438751,-0.1275848150253296,-0.1872462034225464,0.0,0.020887728459530026,-0.6733558177947998,-0.5352891683578491
26_30,586,30,0.0806797668337822,0.09499900788068771,-0.1275848150253296,-0.18033954501152039,0.0,0.018276762402088774,-0.6558259129524231,-0.442579984664917
26_30,2800,26,0.02618248015642166,0.04672214761376381,-0.14194299280643463,-0.164058119058609,0.005154639175257732,0.007731958762886598,-0.9287989139556885,-0.8097622990608215
26_30,2800,27,0.0245423074811697,0.04523395374417305,-0.14217239618301392,-0.16474804282188416,0.005154639175257732,0.010309278350515464,-0.9276494979858398,-0.8418258428573608
26_30,2800,28,0.006852737627923489,0.049008261412382126,-0.11638519912958145,-0.1554664969444275,0.0,0.010309278350515464,-0.9107946157455444,-0.8613755106925964
26_30,2800,29,0.007051937282085419,0.053123101592063904,-0.11638519912958145,-0.15752527117729187,0.0,0.010309278350515464,-0.9092771410942078,-0.7963494062423706
26_30,2800,30,0.032626282423734665,0.05564035475254059,-0.16153642535209656,-0.1576514095067978,0.007731958762886598,0.007731958762886598,-0.9362784028053284,-0.8161137104034424
26_30,2234,26,0.005152019672095776,0.008518648333847523,-0.1596308797597885,-0.3442041873931885,0.008333333333333333,0.07083333333333333,-0.9807840585708618,-0.9999902248382568
26_30,2234,27,0.0042329453863203526,0.00848494004458189,-0.1596308797597885,-0.3402000665664673,0.008368200836820083,0.07322175732217573,-0.9824682474136353,-0.9999758005142212
26_30,2234,28,0.0027203820645809174,0.005996898282319307,-0.16045275330543518,-0.34511518478393555,0.008403361344537815,0.07983193277310924,-0.9836662411689758,-0.9999750256538391
26_30,2234,29,0.002848283387720585,0.006861555390059948,-0.16045275330543518,-0.34377479553222656,0.008421052631578947,0.08421052631578947,-0.9848122000694275,-0.9999897480010986
26_30,2234,30,0.003262866986915469,0.007385529577732086,-0.16146878898143768,-0.3498347997665405,0.008438818565400843,0.09071729957805907,-0.9852770566940308,-0.9999948143959045
26_30,1006,26,0.0937063992023468,0.0937063992023468,-0.221355602145195,-0.221355602145195,0.03977272727272727,0.03977272727272727,-0.9797131419181824,-0.9797131419181824
26_30,1006,27,0.09623872488737106,0.09623872488737106,-0.2279781997203827,-0.2279781997203827,0.05113636363636364,0.05113636363636364,-0.9737535715103149,-0.9737535715103149
26_30,1006,28,0.09014377743005753,0.1006603017449379,-0.2091873288154602,-0.2282540500164032,0.022727272727272728,0.03977272727272727,-0.9783247709274292,-0.9627821445465088
26_30,1006,29,0.09299735724925995,0.10556896030902863,-0.2091873288154602,-0.22905233502388,0.022727272727272728,0.03977272727272727,-0.97565758228302,-0.9494043588638306
26_30,1006,30,0.09382171183824539,0.10578589141368866,-0.20620176196098328,-0.2298828512430191,0.017045454545454544,0.045454545454545456,-0.9734828472137451,-0.936194896697998
26_30,1732,26,-0.02833201363682747,-0.010798835195600986,-0.2645304501056671,-0.40340760350227356,0.050239234449760764,0.1291866028708134,-1.0,-0.9999999403953552
26_30,1732,27,-0.029332080855965614,-0.009979527443647385,-0.2801550030708313,-0.40583348274230957,0.06235011990407674,0.13908872901678657,-1.0,-1.0
26_30,1732,28,-0.03041600063443184,-0.009631145745515823,-0.2801550030708313,-0.3972042202949524,0.06235011990407674,0.14628297362110312,-1.0,-0.9999999403953552
26_30,1732,29,-0.03134467825293541,-0.012553544715046883,-0.2645304501056671,-0.39322739839553833,0.05048076923076923,0.15144230769230768,-1.0,-0.9999999403953552
26_30,1732,30,-0.03050304390490055,-0.013994853012263775,-0.2645304501056671,-0.3944527804851532,0.05048076923076923,0.15865384615384615,-1.0,-1.0
26_30,2572,26,0.017762241885066032,0.02968674525618553,-0.3187114894390106,-0.3967958986759186,0.056768558951965066,0.07860262008733625,-0.9745729565620422,-0.9915847182273865
26_30,2572,27,0.017941735684871674,0.031070204451680183,-0.3187114894390106,-0.38739287853240967,0.056768558951965066,0.06986899563318777,-0.975584864616394,-0.9895517230033875
26_30,2572,28,0.00336999143473804,0.03543616458773613,-0.16008728742599487,-0.36428722739219666,0.008733624454148471,0.06550218340611354,-0.8896641135215759,-0.9882689714431763
26_30,2572,29,0.014608848839998245,0.0317188985645771,-0.33512234687805176,-0.37218940258026123,0.05240174672489083,0.07423580786026202,-0.9742536544799805,-0.9905725121498108
26_30,2572,30,-0.0012804336147382855,0.03469032421708107,-0.16008728742599487,-0.36048468947410583,0.008733624454148471,0.07860262008733625,-0.938949465751648,-0.9922741055488586
26_30,706,26,0.047992043197155,0.11449593305587769,-0.08499062806367874,-0.07799135148525238,0.0,0.0,-0.3390693664550781,-0.11750102043151855
26_30,706,27,0.048884328454732895,0.11326920241117477,-0.08499062806367874,-0.08514951914548874,0.0,0.0,-0.3390692472457886,-0.12037926912307739
26_30,706,28,0.05279936268925667,0.11597047001123428,-0.08499062806367874,-0.07998798787593842,0.0,0.0,-0.3390693664550781,-0.14820361137390137
26_30,706,29,0.054471880197525024,0.11846847832202911,-0.08499062806367874,-0.07337841391563416,0.0,0.0,-0.33906930685043335,-0.12685555219650269
26_30,706,30,0.0575191006064415,0.12194512039422989,-0.08499062806367874,-0.070401132106781,0.0,0.0,-0.3390693664550781,-0.10118997097015381
26_30,3202,26,-0.006380717735737562,0.009069089777767658,-0.20542097091674805,-0.2115536332130432,0.03389830508474576,0.03389830508474576,-0.8467612266540527,-0.7952581644058228
26_30,3202,27,-0.009522424079477787,0.006717281881719828,-0.20542097091674805,-0.21239632368087769,0.03389830508474576,0.03389830508474576,-0.859988272190094,-0.7879037857055664
26_30,3202,28,-0.0026753454003483057,0.009430297650396824,-0.2178276628255844,-0.21449820697307587,0.03389830508474576,0.03389830508474576,-0.840453028678894,-0.8107478022575378
26_30,3202,29,-0.003914778586477041,0.011169109493494034,-0.2178276628255844,-0.203329935669899,0.03389830508474576,0.03389830508474576,-0.8337363004684448,-0.8089253306388855
26_30,3202,30,0.0003887711791321635,0.010641341097652912,-0.2178276628255844,-0.20277951657772064,0.03389830508474576,0.03389830508474576,-0.7965940237045288,-0.8281061053276062
26_30,2124,26,0.05226081237196922,0.05226081237196922,-0.12063942104578018,-0.12063942104578018,0.0,0.0,-0.24449455738067627,-0.24449455738067627
26_30,2124,27,0.05028582736849785,0.05028582736849785,-0.12267570197582245,-0.12267570197582245,0.0,0.0,-0.26001518964767456,-0.26001518964767456
26_30,2124,28,0.041479066014289856,0.041479066014289856,-0.13317392766475677,-0.13317392766475677,0.0,0.0,-0.5086841583251953,-0.5086841583251953
26_30,2124,29,0.03268050029873848,0.03268050029873848,-0.14214947819709778,-0.14214947819709778,0.006006006006006006,0.006006006006006006,-0.6267783641815186,-0.6267783641815186
26_30,2124,30,0.02706201560795307,0.02706201560795307,-0.14622221887111664,-0.14622221887111664,0.009009009009009009,0.009009009009009009,-0.5121733546257019,-0.5121733546257019
26_30,2182,26,0.07010024040937424,0.07010024040937424,-0.18714240193367004,-0.18714240193367004,0.018796992481203006,0.018796992481203006,-0.976209282875061,-0.976209282875061
26_30,2182,27,0.07593546062707901,0.07593546062707901,-0.1833617389202118,-0.1833617389202118,0.018796992481203006,0.018796992481203006,-0.9772526621818542,-0.9772526621818542
26_30,2182,28,0.08257000148296356,0.08257000148296356,-0.18824326992034912,-0.18824326992034912,0.018796992481203006,0.018796992481203006,-0.9772539734840393,-0.9772539734840393
26_30,2182,29,0.09079250693321228,0.09079250693321228,-0.1909787356853485,-0.1909787356853485,0.015037593984962405,0.015037593984962405,-0.9756649136543274,-0.9756649136543274
26_30,2182,30,0.09975358098745346,0.09975358098745346,-0.19271400570869446,-0.19271400570869446,0.018796992481203006,0.018796992481203006,-0.9705598950386047,-0.9705598950386047
26_30,48,26,0.027138957753777504,0.10845717042684555,-0.1812499463558197,-0.21531760692596436,0.02054794520547945,0.03424657534246575,-0.9741329550743103,-0.9323265552520752
26_30,48,27,0.027268005535006523,0.11290328204631805,-0.1812499463558197,-0.20579728484153748,0.02054794520547945,0.0136986301369863,-0.9736425876617432,-0.9266936182975769
26_30,48,28,0.029366888105869293,0.1201346144080162,-0.1812499463558197,-0.2107655555009842,0.02054794520547945,0.0136986301369863,-0.9730948805809021,-0.9223603010177612
26_30,48,29,0.03122108243405819,0.12422557920217514,-0.1812499463558197,-0.2259359061717987,0.02054794520547945,0.0136986301369863,-0.9727917909622192,-0.9363317489624023
26_30,48,30,0.03213023021817207,0.12662994861602783,-0.1812499463558197,-0.2410317361354828,0.02054794520547945,0.0273972602739726,-0.9706149697303772,-0.9341447949409485
26_30,312,26,-0.010022163391113281,-0.010022163391113281,-0.605532169342041,-0.605532169342041,0.17647058823529413,0.17647058823529413,-0.9126701354980469,-0.9126701354980469
26_30,312,27,-0.019028568640351295,-0.019028568640351295,-0.614582359790802,-0.614582359790802,0.17647058823529413,0.17647058823529413,-0.929422914981842,-0.929422914981842
26_30,312,28,-0.02484239637851715,-0.02484239637851715,-0.6154944896697998,-0.6154944896697998,0.20588235294117646,0.20588235294117646,-0.9324968457221985,-0.9324968457221985
26_30,312,29,-0.030889268964529037,-0.030889268964529037,-0.6192517876625061,-0.6192517876625061,0.17647058823529413,0.17647058823529413,-0.9301832318305969,-0.9301832318305969
26_30,312,30,0.003697990905493498,-0.024285688996315002,-0.3742052912712097,-0.6139273643493652,0.08823529411764706,0.14705882352941177,-0.7545498013496399,-0.9136257767677307
26_30,4320,26,0.11327933520078659,0.14135943353176117,-0.09053647518157959,-0.09669864177703857,0.0,0.0,-0.5181998014450073,-0.23511993885040283
26_30,4320,27,0.11492285877466202,0.14192882180213928,-0.09806474298238754,-0.0942157581448555,0.0,0.0,-0.2327367663383484,-0.23212677240371704
26_30,4320,28,0.11478177458047867,0.1435583084821701,-0.09815811365842819,-0.09650817513465881,0.0,0.0,-0.2327367663383484,-0.25002187490463257
26_30,4320,29,0.11508353799581528,0.1446092277765274,-0.09815811365842819,-0.10743849724531174,0.0,0.0,-0.23273682594299316,-0.2858354449272156
26_30,4320,30,0.11504974216222763,0.14592599868774414,-0.09815811365842819,-0.10855167359113693,0.0,0.0,-0.24825042486190796,-0.2322506308555603
26_30,426,26,0.01747949793934822,0.039971329271793365,-0.13646942377090454,-0.2058844417333603,0.002,0.018,-0.981460690498352,-0.9900336265563965
26_30,426,27,0.018048720434308052,0.04176691919565201,-0.14099003374576569,-0.21005699038505554,0.004,0.022,-0.9815234541893005,-0.9911587238311768
26_30,426,28,0.017599262297153473,0.043133445084095,-0.1421624720096588,-0.2199796438217163,0.004,0.02,-0.9844657182693481,-0.9950803518295288
26_30,426,29,0.018429432064294815,0.04597385972738266,-0.1421624720096588,-0.23219133913516998,0.004,0.028,-0.985098123550415,-0.9957056045532227
26_30,426,30,0.019832344725728035,0.0517832413315773,-0.1421624720096588,-0.22877784073352814,0.004,0.024,-0.9824735522270203,-0.9953490495681763
26_30,482,26,0.01197150256484747,0.07271245121955872,-0.10188103467226028,-0.11798525601625443,0.0,0.0,-0.8812291622161865,-0.7048829197883606
26_30,482,27,0.012162758968770504,0.07438679784536362,-0.10188103467226028,-0.115696981549263,0.0,0.0,-0.8723107576370239,-0.6318677067756653
26_30,482,28,0.011990083381533623,0.0734533965587616,-0.10188103467226028,-0.11850640922784805,0.0,0.002,-0.872391402721405,-0.6879438161849976
26_30,482,29,0.011809587478637695,0.07356005907058716,-0.10188103467226028,-0.12331242859363556,0.0,0.004,-0.8723989129066467,-0.7359660267829895
26_30,482,30,0.011861761100590229,0.07278614491224289,-0.10188103467226028,-0.13199515640735626,0.0,0.004,-0.8758153319358826,-0.8357456922531128
26_30,1570,26,0.07610587030649185,0.07610587030649185,-0.1365363448858261,-0.1365363448858261,0.011538461538461539,0.011538461538461539,-0.46300357580184937,-0.46300357580184937
26_30,1570,27,0.07816141098737717,0.07816141098737717,-0.13988657295703888,-0.13988657295703888,0.007692307692307693,0.007692307692307693,-0.5364906787872314,-0.5364906787872314
26_30,1570,28,0.07653963565826416,0.07653963565826416,-0.1486971080303192,-0.1486971080303192,0.007692307692307693,0.007692307692307693,-0.6836689710617065,-0.6836689710617065
26_30,1570,29,0.07398584485054016,0.07398584485054016,-0.15398778021335602,-0.15398778021335602,0.007692307692307693,0.007692307692307693,-0.6934154033660889,-0.6934154033660889
26_30,1570,30,0.07134652882814407,0.07134652882814407,-0.15783117711544037,-0.15783117711544037,0.011538461538461539,0.011538461538461539,-0.7133451700210571,-0.7133451700210571
26_30,1034,26,0.003112773410975933,0.035597484558820724,-0.17124053835868835,-0.3156682848930359,0.012,0.042,-0.935804009437561,-0.9973444938659668
26_30,1034,27,0.0017134809168055654,0.04269718751311302,-0.13858936727046967,-0.27398884296417236,0.004,0.03,-0.9501248598098755,-0.9988870620727539
26_30,1034,28,0.00554349971935153,0.04408548027276993,-0.14597439765930176,-0.22858558595180511,0.008,0.024,-0.927078366279602,-0.9962111711502075
26_30,1034,29,0.002678926568478346,0.050344280898571014,-0.15061500668525696,-0.24373005330562592,0.008,0.016,-0.9309965372085571,-0.9966974854469299
26_30,1034,30,-0.0005686673102900386,0.03660420700907707,-0.16049404442310333,-0.30885234475135803,0.008,0.042,-0.9479925632476807,-0.9970511794090271
26_30,540,26,0.0013534638565033674,0.03764756768941879,-0.1831790953874588,-0.32086101174354553,0.014,0.058,-0.9504919052124023,-0.9851027131080627
26_30,540,27,0.0004050095158163458,0.034971557557582855,-0.1587701290845871,-0.33208808302879333,0.012,0.068,-0.94230055809021,-0.9953076243400574
26_30,540,28,-0.0011488544987514615,0.0378330834209919,-0.14271414279937744,-0.3248806893825531,0.008,0.062,-0.9841957092285156,-0.9976415038108826
26_30,540,29,-0.002226080046966672,0.04930055886507034,-0.18055005371570587,-0.3419257402420044,0.02,0.056,-0.9887825846672058,-0.9945943355560303
26_30,540,30,0.0007003326318226755,0.04824976995587349,-0.1751406490802765,-0.33970409631729126,0.008,0.062,-0.9777722358703613,-0.9974125027656555
26_30,2990,26,0.04873557761311531,0.09400992095470428,-0.11917109042406082,-0.07711747288703918,0.0,0.0,-0.49613624811172485,-0.18463832139968872
26_30,2990,27,0.0942097157239914,0.0942097157239914,-0.07795674353837967,-0.07795674353837967,0.0,0.0,-0.19261354207992554,-0.19261354207992554
26_30,2990,28,0.0954585149884224,0.0954585149884224,-0.07561013102531433,-0.07561013102531433,0.0,0.0,-0.22234463691711426,-0.22234463691711426
26_30,2990,29,0.0966651663184166,0.0966651663184166,-0.07262658327817917,-0.07262658327817917,0.0,0.0,-0.16974228620529175,-0.16974228620529175
26_30,2990,30,0.0948491245508194,0.0948491245508194,-0.07478967308998108,-0.07478967308998108,0.0,0.0,-0.14405834674835205,-0.14405834674835205
26_30,1008,26,0.11437749117612839,0.11105288565158844,-0.09854628890752792,-0.19702287018299103,0.0,0.018867924528301886,-0.11647659540176392,-0.32427018880844116
26_30,1008,27,0.11181050539016724,0.10778879374265671,-0.09854628890752792,-0.19613520801067352,0.0,0.018867924528301886,-0.11647659540176392,-0.331265389919281
26_30,1008,28,0.11132406443357468,0.10575025528669357,-0.09854628890752792,-0.19645869731903076,0.0,0.018867924528301886,-0.11647653579711914,-0.3177766799926758
26_30,1008,29,0.10425243526697159,0.10445322841405869,-0.1590314507484436,-0.18345777690410614,0.018867924528301886,0.018867924528301886,-0.26424479484558105,-0.2843588590621948
26_30,1008,30,0.1070578321814537,0.10801011323928833,-0.1590314507484436,-0.17848090827465057,0.018867924528301886,0.018867924528301886,-0.26424479484558105,-0.31365883350372314
26_30,954,26,0.0023328785318881273,-0.0016575121553614736,-0.14742359519004822,-0.38479554653167725,0.008,0.068,-0.9853681325912476,-0.9998610615730286
26_30,954,27,0.0033277422189712524,0.0016874768771231174,-0.14742359519004822,-0.39008328318595886,0.008032128514056224,0.06827309236947791,-0.9837024807929993,-0.9997565746307373
26_30,954,28,0.003340646391734481,0.0038033523596823215,-0.14742359519004822,-0.3868483901023865,0.008032128514056224,0.06827309236947791,-0.9842307567596436,-0.9996364116668701
26_30,954,29,0.0022370682563632727,0.005300105549395084,-0.14742359519004822,-0.37871333956718445,0.008032128514056224,0.07228915662650602,-0.9879345297813416,-0.9995436072349548
26_30,954,30,0.0038696560077369213,0.0069822994992136955,-0.22987717390060425,-0.3752554655075073,0.020080321285140562,0.08433734939759036,-0.9983786344528198,-0.9995244145393372
26_30,938,26,0.06168602034449577,0.06168602034449577,-0.2247949093580246,-0.2247949093580246,0.028,0.028,-0.9591858983039856,-0.9591858983039856
26_30,938,27,0.0652802586555481,0.0652802586555481,-0.22926564514636993,-0.22926564514636993,0.03,0.03,-0.9618321061134338,-0.9618321061134338
26_30,938,28,0.06689975410699844,0.06689975410699844,-0.24353082478046417,-0.24353082478046417,0.03,0.03,-0.9776694178581238,-0.9776694178581238
26_30,938,29,0.06999020278453827,0.06999020278453827,-0.2484510987997055,-0.2484510987997055,0.034,0.034,-0.9848714470863342,-0.9848714470863342
26_30,938,30,0.07507234811782837,0.07507234811782837,-0.2590723931789398,-0.2590723931789398,0.042,0.042,-0.9871261715888977,-0.9871261715888977
26_30,438,26,0.032851945608854294,0.049268048256635666,-0.1884736567735672,-0.2094741314649582,0.014,0.026,-0.9848167300224304,-0.959614098072052
26_30,438,27,0.04887304827570915,0.04887304827570915,-0.2023913562297821,-0.2023913562297821,0.014,0.014,-0.9635971188545227,-0.9635971188545227
26_30,438,28,0.04019530490040779,0.05846478417515755,-0.18442603945732117,-0.2200184315443039,0.02,0.03,-0.9836564064025879,-0.9852479696273804
26_30,438,29,0.03969648852944374,0.058011382818222046,-0.18442603945732117,-0.22694827616214752,0.02,0.032,-0.984178900718689,-0.9854419231414795
26_30,438,30,0.04009592905640602,0.05677657946944237,-0.18442603945732117,-0.22322812676429749,0.02,0.03,-0.9839344024658203,-0.9855761528015137
31_35,1570,31,0.0697125792503357,0.0697125792503357,-0.1675236076116562,-0.1675236076116562,0.011538461538461539,0.011538461538461539,-0.8076637387275696,-0.8076637387275696
31_35,1570,32,0.06992782652378082,0.06992782652378082,-0.1735183149576187,-0.1735183149576187,0.015384615384615385,0.015384615384615385,-0.7880702614784241,-0.7880702614784241
31_35,1570,33,0.0690121129155159,0.0690121129155159,-0.17654164135456085,-0.17654164135456085,0.015384615384615385,0.015384615384615385,-0.7798765301704407,-0.7798765301704407
31_35,1570,34,0.07131022214889526,0.07131022214889526,-0.17005111277103424,-0.17005111277103424,0.007692307692307693,0.007692307692307693,-0.7286921143531799,-0.7286921143531799
31_35,1570,35,0.07276301831007004,0.07276301831007004,-0.16910022497177124,-0.16910022497177124,0.011538461538461539,0.011538461538461539,-0.6947473287582397,-0.6947473287582397
31_35,180,31,-0.012365936301648617,-0.004901324864476919,-0.27528178691864014,-0.49297526478767395,0.04,0.1,-0.9999960660934448,-1.0
31_35,180,32,-0.013669505715370178,-0.0029385348316282034,-0.24455805122852325,-0.5064862966537476,0.03,0.102,-0.9999951720237732,-1.0
31_35,180,33,-0.013010405004024506,-0.0012792835477739573,-0.27216437458992004,-0.5162904262542725,0.042,0.114,-0.9999964833259583,-1.0
31_35,180,34,-0.015526015311479568,0.006505265366286039,-0.27172648906707764,-0.4801047444343567,0.038,0.096,-0.9999987483024597,-1.0
31_35,180,35,-0.014372474513947964,0.009566400200128555,-0.2751811742782593,-0.4593220055103302,0.042,0.098,-0.9999963045120239,-1.0
31_35,2412,31,-0.0038438518531620502,0.006764486897736788,-0.1683991402387619,-0.27671149373054504,0.01,0.052,-0.999489426612854,-0.9999626278877258
31_35,2412,32,-0.0019170275190845132,0.008533075451850891,-0.16400855779647827,-0.2937007248401642,0.01,0.06,-0.9995969533920288,-0.9999743103981018
31_35,2412,33,-0.0047559598460793495,0.004489088896661997,-0.16741247475147247,-0.2954059839248657,0.01,0.062,-0.9999194145202637,-0.9999952912330627
31_35,2412,34,-0.007042336743324995,0.0074069746769964695,-0.1746818721294403,-0.30583494901657104,0.01,0.058,-0.9998455047607422,-0.9999788403511047
31_35,2412,35,-0.0040414887480437756,0.0077269840985536575,-0.17242024838924408,-0.31963399052619934,0.01,0.072,-0.999890923500061,-0.9999933838844299
31_35,592,31,2.248229066026397e-05,-0.01051738765090704,-0.1406237781047821,-0.19715090095996857,0.004878048780487805,0.02926829268292683,-0.9107685089111328,-0.9894962310791016
31_35,592,32,-0.01059633307158947,-0.015277054160833359,-0.09981844574213028,-0.20751863718032837,0.0,0.02926829268292683,-0.9592397212982178,-0.996873140335083
31_35,592,33,-0.01198632549494505,-0.020095355808734894,-0.10045881569385529,-0.21067537367343903,0.0,0.02926829268292683,-0.9711795449256897,-0.9989643692970276
31_35,592,34,-0.013709026388823986,-0.022320954129099846,-0.10045881569385529,-0.21726331114768982,0.0,0.02926829268292683,-0.9772502183914185,-0.9991937875747681
31_35,592,35,-0.01208784244954586,-0.01850268617272377,-0.10045881569385529,-0.2282109409570694,0.0,0.03414634146341464,-0.9713118076324463,-0.9991466403007507
31_35,2124,31,0.022054603323340416,0.022054603323340416,-0.1560664176940918,-0.1560664176940918,0.015015015015015015,0.015015015015015015,-0.7810490131378174,-0.7810490131378174
31_35,2124,32,0.02114333026111126,0.02114333026111126,-0.15844647586345673,-0.15844647586345673,0.015015015015015015,0.015015015015015015,-0.8111699819564819,-0.8111699819564819
31_35,2124,33,0.025387747213244438,0.025387747213244438,-0.15897127985954285,-0.15897127985954285,0.012012012012012012,0.012012012012012012,-0.7329404354095459,-0.7329404354095459
31_35,2124,34,0.03476345166563988,0.03476345166563988,-0.15498238801956177,-0.15498238801956177,0.015015015015015015,0.015015015015015015,-0.6448338031768799,-0.6448338031768799
31_35,2124,35,0.041244301944971085,0.041244301944971085,-0.15272019803524017,-0.15272019803524017,0.018018018018018018,0.018018018018018018,-0.38891053199768066,-0.38891053199768066
31_35,1610,31,-0.020320001989603043,-0.01181806717067957,-0.31788170337677,-0.3680320084095001,0.048582995951417005,0.08097165991902834,-0.9999566078186035,-0.9999664425849915
31_35,1610,32,-0.020004453137516975,-0.01674800179898739,-0.3273368179798126,-0.3570619821548462,0.044534412955465584,0.08906882591093117,-0.9999574422836304,-0.9999916553497314
31_35,1610,33,-0.01823408715426922,-0.013122547417879105,-0.3273368179798126,-0.35827547311782837,0.044534412955465584,0.0728744939271255,-0.9999592900276184,-0.9999861121177673
31_35,1610,34,-0.020054666325449944,-0.013051360845565796,-0.32683518528938293,-0.364657461643219,0.04048582995951417,0.0728744939271255,-0.9999672770500183,-0.9999849200248718
31_35,1610,35,-0.018210627138614655,-0.011193563230335712,-0.32683518528938293,-0.38170763850212097,0.04048582995951417,0.0728744939271255,-0.9999721050262451,-0.9999833703041077
31_35,2356,31,0.01303178258240223,0.11846958845853806,-0.16845299303531647,-0.32530397176742554,0.008771929824561403,0.07894736842105263,-0.7667758464813232,-0.7990124821662903
31_35,2356,32,0.01303178258240223,0.12804217636585236,-0.16845299303531647,-0.32143768668174744,0.008771929824561403,0.07894736842105263,-0.7667758464813232,-0.7625117301940918
31_35,2356,33,0.01303178258240223,0.12998108565807343,-0.16845299303531647,-0.3309444487094879,0.008771929824561403,0.07894736842105263,-0.7667758464813232,-0.807091236114502
31_35,2356,34,0.01303178258240223,0.1292981654405594,-0.16845299303531647,-0.3344719409942627,0.008771929824561403,0.07894736842105263,-0.7667758464813232,-0.7838884592056274
31_35,2356,35,0.01303178258240223,0.12815485894680023,-0.16845299303531647,-0.33306923508644104,0.008771929824561403,0.07894736842105263,-0.7667758464813232,-0.7670119404792786
31_35,4298,31,0.0002092420036206022,-0.0074419849552214146,-0.07231762260198593,-0.20317178964614868,0.0,0.037037037037037035,-0.47858691215515137,-0.6359226703643799
31_35,4298,32,0.0018858814146369696,-0.008211459964513779,-0.07231762260198593,-0.22509898245334625,0.0,0.037037037037037035,-0.47650647163391113,-0.692806601524353
31_35,4298,33,-0.0011722161434590816,-0.009930861182510853,-0.07231762260198593,-0.2280978411436081,0.0,0.037037037037037035,-0.5071629285812378,-0.687143087387085
31_35,4298,34,-0.004428284242749214,-0.006845128256827593,-0.07231762260198593,-0.22869598865509033,0.0,0.05555555555555555,-0.4803236126899719,-0.5659922957420349
31_35,4298,35,-0.003272603964433074,0.0007310244254767895,-0.07231762260198593,-0.22559957206249237,0.0,0.05555555555555555,-0.4600179195404053,-0.3459283113479614
31_35,954,31,0.003555922070518136,0.008705361746251583,-0.22987717390060425,-0.37516868114471436,0.020080321285140562,0.07630522088353414,-0.9984354972839355,-0.9993931651115417
31_35,954,32,0.0024959177244454622,0.010275373235344887,-0.22987717390060425,-0.376144140958786,0.020242914979757085,0.0728744939271255,-0.998520016670227,-0.9993107914924622
31_35,954,33,0.0027463382575660944,0.01282633375376463,-0.22987717390060425,-0.37762653827667236,0.020242914979757085,0.08097165991902834,-0.9985151886940002,-0.9992047548294067
31_35,954,34,0.0030656391754746437,0.01512853056192398,-0.22987717390060425,-0.37775638699531555,0.020242914979757085,0.06882591093117409,-0.9985448122024536,-0.9990811347961426
31_35,954,35,-0.0018076790729537606,0.011033548973500729,-0.22987717390060425,-0.3826543688774109,0.020491803278688523,0.06967213114754098,-0.9985684752464294,-0.9992035627365112
31_35,2190,31,0.0038545560091733932,0.03412475064396858,-0.1624683290719986,-0.27113181352615356,0.0026041666666666665,0.036458333333333336,-0.9766045808792114,-0.9901915192604065
31_35,2190,32,0.00978709664195776,0.035575952380895615,-0.17186616361141205,-0.2625124752521515,0.0026041666666666665,0.036458333333333336,-0.9747775793075562,-0.9912678003311157
31_35,2190,33,0.005360654555261135,0.03471456468105316,-0.1624683290719986,-0.26876240968704224,0.002617801047120419,0.041884816753926704,-0.9800463318824768,-0.9931634664535522
31_35,2190,34,0.006217272486537695,0.0317591167986393,-0.17419232428073883,-0.2853437662124634,0.002631578947368421,0.03684210526315789,-0.9792551398277283,-0.9952349066734314
31_35,2190,35,0.004181498195976019,0.029826022684574127,-0.17419232428073883,-0.2803795039653778,0.0026455026455026454,0.03439153439153439,-0.9883625507354736,-0.9963014721870422
31_35,996,31,0.05674096941947937,0.05674096941947937,-0.17455171048641205,-0.17455171048641205,0.015,0.015,-0.9124259352684021,-0.9124259352684021
31_35,996,32,0.05368189886212349,0.056148651987314224,-0.12841692566871643,-0.18006396293640137,0.0025,0.0125,-0.7748870253562927,-0.9076824188232422
31_35,996,33,0.05262063816189766,0.05262063816189766,-0.18974538147449493,-0.18974538147449493,0.0225,0.0225,-0.9138972163200378,-0.9138972163200378
31_35,996,34,0.04692375287413597,0.04692375287413597,-0.20311829447746277,-0.20311829447746277,0.0225,0.0225,-0.8888963460922241,-0.8888963460922241
31_35,996,35,0.04538728669285774,0.042986489832401276,-0.1397620588541031,-0.21290190517902374,0.0025,0.025,-0.7691638469696045,-0.8544541001319885
31_35,2252,31,0.00039282074430957437,-0.007045395206660032,-0.13370761275291443,-0.15636460483074188,0.0,0.0,-0.8915485143661499,-0.9901583194732666
31_35,2252,32,0.0003604670928325504,-0.006201413460075855,-0.14631333947181702,-0.15592800080776215,0.005376344086021506,0.0,-0.905312180519104,-0.989881157875061
31_35,2252,33,-6.556510925292969e-07,-0.0071678864769637585,-0.14631333947181702,-0.17093047499656677,0.005376344086021506,0.0,-0.9070330858230591,-0.9904370903968811
31_35,2252,34,0.0002471086918376386,-0.00831521674990654,-0.15192076563835144,-0.18207666277885437,0.005376344086021506,0.016129032258064516,-0.9160526990890503,-0.990852952003479
31_35,2252,35,0.0005668227677233517,-0.01045974250882864,-0.15192076563835144,-0.19621451199054718,0.005405405405405406,0.032432432432432434,-0.9178687334060669,-0.9926966428756714
31_35,2572,31,0.009297920390963554,0.03320273384451866,-0.15379026532173157,-0.3536604940891266,0.004366812227074236,0.06986899563318777,-0.844641387462616,-0.9909189939498901
31_35,2572,32,0.03376708924770355,0.03376708924770355,-0.3219923675060272,-0.3219923675060272,0.06986899563318777,0.06986899563318777,-0.9858190417289734,-0.9858190417289734
31_35,2572,33,0.027869075536727905,0.027869075536727905,-0.33098259568214417,-0.33098259568214417,0.06550218340611354,0.06550218340611354,-0.9894137382507324,-0.9894137382507324
31_35,2572,34,0.007688494864851236,0.024197502061724663,-0.3764360845088959,-0.33520111441612244,0.06167400881057269,0.06607929515418502,-0.9908027648925781,-0.9900543093681335
31_35,2572,35,0.006766046397387981,0.02373787760734558,-0.3764360845088959,-0.3397757112979889,0.06167400881057269,0.07048458149779736,-0.9906482100486755,-0.9913471937179565
31_35,626,31,0.002337914891541004,0.02393564023077488,-0.40417852997779846,-0.3784859776496887,0.076,0.098,-0.9999926090240479,-0.9997755885124207
31_35,626,32,-0.014345001429319382,0.023224258795380592,-0.2824879288673401,-0.3819935917854309,0.044,0.094,-0.9999997615814209,-0.9998065233230591
31_35,626,33,-0.015768995508551598,0.01397699024528265,-0.29262688755989075,-0.40329134464263916,0.038,0.112,-0.9999998211860657,-0.9999666213989258
31_35,626,34,-0.014424609020352364,0.02264551632106304,-0.26375091075897217,-0.38570937514305115,0.028,0.1,-0.9999993443489075,-0.9998359084129333
31_35,626,35,-0.009232868440449238,0.02494116500020027,-0.23751400411128998,-0.42949849367141724,0.024,0.098,-0.9999803304672241,-0.9999703168869019
31_35,2466,31,0.09572504460811615,0.10340996831655502,-0.08046267181634903,-0.0890759825706482,0.0,0.0,-0.12730813026428223,-0.15204483270645142
31_35,2466,32,0.10528726130723953,0.10528726130723953,-0.09926284104585648,-0.09926284104585648,0.0,0.0,-0.15292811393737793,-0.15292811393737793
31_35,2466,33,0.09457908570766449,0.1013675108551979,-0.08762931823730469,-0.09491274505853653,0.0,0.0,-0.1433485746383667,-0.1616228222846985
31_35,2466,34,0.08841898292303085,0.09422909468412399,-0.09025721997022629,-0.12202188372612,0.0,0.0,-0.15361899137496948,-0.1806221604347229
31_35,2466,35,0.08234342932701111,0.0885208249092102,-0.09025721997022629,-0.12928444147109985,0.0,0.0,-0.17573755979537964,-0.19987201690673828
31_35,3190,31,0.036828674376010895,0.0403636209666729,-0.15001434087753296,-0.2045193612575531,0.016042780748663103,0.0213903743315508,-0.8474662899971008,-0.9290415048599243
31_35,3190,32,0.035686101764440536,0.039629243314266205,-0.15688413381576538,-0.2055760622024536,0.010752688172043012,0.016129032258064516,-0.8384068012237549,-0.936852216720581
31_35,3190,33,0.034694232046604156,0.04146789014339447,-0.15688413381576538,-0.21526655554771423,0.010810810810810811,0.021621621621621623,-0.8242877721786499,-0.9412441849708557
31_35,3190,34,0.03474470600485802,0.04374529421329498,-0.16671772301197052,-0.20820169150829315,0.010810810810810811,0.016216216216216217,-0.8784627318382263,-0.9285674095153809
31_35,3190,35,0.049351830035448074,0.049351830035448074,-0.21252217888832092,-0.21252217888832092,0.021621621621621623,0.021621621621621623,-0.8826781511306763,-0.8826781511306763
31_35,2234,31,0.0027744267135858536,0.011548365466296673,-0.16121582686901093,-0.3397442400455475,0.008438818565400843,0.08016877637130802,-0.9843775629997253,-0.9999865889549255
31_35,2234,32,0.0017492700135335326,0.013016685843467712,-0.16075499355793,-0.3320593535900116,0.00847457627118644,0.0847457627118644,-0.9851366281509399,-0.9999779462814331
31_35,2234,33,0.0009895614348351955,0.015056852251291275,-0.16084887087345123,-0.3237576186656952,0.00851063829787234,0.08297872340425531,-0.9904969930648804,-0.9999740123748779
31_35,2234,34,0.00034526720992289484,0.0159563310444355,-0.16084887087345123,-0.32936447858810425,0.008528784648187633,0.08315565031982942,-0.9947336316108704,-0.9999717473983765
31_35,2234,35,0.0010113599710166454,0.01896623894572258,-0.16084887087345123,-0.3290999233722687,0.008528784648187633,0.08742004264392324,-0.9947646856307983,-0.999947190284729
31_35,2358,31,0.009247041307389736,0.06494471430778503,-0.17759203910827637,-0.23466570675373077,0.015463917525773196,0.05154639175257732,-0.9222749471664429,-0.7616362571716309
31_35,2358,32,0.009640617296099663,0.0670454353094101,-0.17759203910827637,-0.23673148453235626,0.015463917525773196,0.05154639175257732,-0.9241695404052734,-0.6920977830886841
31_35,2358,33,0.010134336538612843,0.06702392548322678,-0.17759203910827637,-0.25457847118377686,0.015463917525773196,0.05154639175257732,-0.9187275171279907,-0.6926841735839844
31_35,2358,34,0.008722248487174511,0.06215381994843483,-0.17759203910827637,-0.25453776121139526,0.015463917525773196,0.04639175257731959,-0.9411174654960632,-0.8181762099266052
31_35,2358,35,0.009757116436958313,0.06700776517391205,-0.17759203910827637,-0.26003652811050415,0.015463917525773196,0.05670103092783505,-0.9441930651664734,-0.8350110054016113
31_35,1998,31,0.017672957852482796,0.012946504168212414,-0.21727660298347473,-0.3403930068016052,0.04666666666666667,0.1,-0.9438456296920776,-0.987520158290863
31_35,1998,32,0.01181167084723711,0.010617731139063835,-0.22559000551700592,-0.32988566160202026,0.040268456375838924,0.12751677852348994,-0.9559968709945679,-0.9873684048652649
31_35,1998,33,0.008272891864180565,0.008595275692641735,-0.22559000551700592,-0.32299405336380005,0.04054054054054054,0.14864864864864866,-0.954543948173523,-0.9885832071304321
31_35,1998,34,0.00447289552539587,0.007151530124247074,-0.22696486115455627,-0.3246888816356659,0.0547945205479452,0.1232876712328767,-0.9620358347892761,-0.9897515773773193
31_35,1998,35,0.0033459386322647333,0.00539576169103384,-0.22696486115455627,-0.3200097382068634,0.05555555555555555,0.14583333333333334,-0.9628884196281433,-0.990829348564148
31_35,3278,31,-0.000877962913364172,0.003684360533952713,-0.18041694164276123,-0.178806871175766,0.013513513513513514,0.013513513513513514,-0.7062622308731079,-0.7494490146636963
31_35,3278,32,-0.004212906118482351,0.0018567213555797935,-0.18296322226524353,-0.18585911393165588,0.013513513513513514,0.013513513513513514,-0.7327232360839844,-0.7554088234901428
31_35,3278,33,-0.003188200993463397,0.0010221308330073953,-0.18296322226524353,-0.19056934118270874,0.013513513513513514,0.013513513513513514,-0.7145758271217346,-0.7542728781700134
31_35,3278,34,0.0011524847941473126,0.0011524847941473126,-0.22532884776592255,-0.22532884776592255,0.02702702702702703,0.02702702702702703,-0.7979131937026978,-0.7979131937026978
31_35,3278,35,0.0011740296613425016,0.0011740296613425016,-0.2509603500366211,-0.2509603500366211,0.04054054054054054,0.04054054054054054,-0.8153291344642639,-0.8153291344642639
31_35,48,31,0.030474498867988586,0.12740349769592285,-0.1812499463558197,-0.234259694814682,0.020689655172413793,0.027586206896551724,-0.9691829681396484,-0.9302769303321838
31_35,48,32,0.028384217992424965,0.12556852400302887,-0.1812499463558197,-0.25260022282600403,0.020689655172413793,0.041379310344827586,-0.9657348394393921,-0.936760663986206
31_35,48,33,0.02703891322016716,0.12404639273881912,-0.1812499463558197,-0.25717538595199585,0.020689655172413793,0.05517241379310345,-0.9638596773147583,-0.9323871731758118
31_35,48,34,0.025406071916222572,0.12237555533647537,-0.1812499463558197,-0.25048720836639404,0.020689655172413793,0.04827586206896552,-0.9617571830749512,-0.9144457578659058
31_35,48,35,0.02370111458003521,0.12043478339910507,-0.1812499463558197,-0.24039141833782196,0.020689655172413793,0.04827586206896552,-0.9622273445129395,-0.8916527032852173
31_35,1568,31,0.046903036534786224,0.046903036534786224,-0.13410790264606476,-0.13410790264606476,0.0024813895781637717,0.0024813895781637717,-0.5874028205871582,-0.5874028205871582
31_35,1568,32,0.046414367854595184,0.046414367854595184,-0.1392006129026413,-0.1392006129026413,0.0024813895781637717,0.0024813895781637717,-0.6257356405258179,-0.6257356405258179
31_35,1568,33,0.04424789547920227,0.04424789547920227,-0.14477886259555817,-0.14477886259555817,0.0,0.0,-0.5607528686523438,-0.5607528686523438
31_35,1568,34,0.04239850863814354,0.04496633633971214,-0.13059578835964203,-0.14532163739204407,0.0024813895781637717,0.0,-0.810921847820282,-0.6684261560440063
31_35,1568,35,0.042721908539533615,0.044763632118701935,-0.13059578835964203,-0.14569821953773499,0.0024813895781637717,0.0,-0.810921847820282,-0.6475521326065063
31_35,1224,31,-0.005180689971894026,-0.0014049654128029943,-0.3223268985748291,-0.3816710412502289,0.048,0.07,-0.9996531009674072,-0.9999985694885254
31_35,1224,32,-0.006271847523748875,-0.0006901865126565099,-0.32857850193977356,-0.3806432783603668,0.048,0.076,-0.9998916387557983,-0.9999992251396179
31_35,1224,33,-0.004702411126345396,-0.00016264153236988932,-0.1559496521949768,-0.38698580861091614,0.01,0.078,-0.9966625571250916,-0.9999988675117493
31_35,1224,34,-0.003971773665398359,0.003117274260148406,-0.1559496521949768,-0.3854106068611145,0.01,0.074,-0.9954898953437805,-0.9999982118606567
31_35,1224,35,-0.0028646045830100775,0.005699910223484039,-0.1559496521949768,-0.3915221691131592,0.01,0.082,-0.9929013252258301,-0.9999969601631165
31_35,1500,31,-0.018888993188738823,-0.01888207532465458,-0.22533173859119415,-0.35893014073371887,0.02914798206278027,0.09192825112107623,-0.9999984502792358,-0.9999998807907104
31_35,1500,32,-0.018492717295885086,-0.017803607508540154,-0.22533173859119415,-0.3454507887363434,0.02927927927927928,0.0945945945945946,-0.9999985098838806,-0.9999998211860657
31_35,1500,33,-0.016691280528903008,-0.014348842203617096,-0.22533173859119415,-0.3531093895435333,0.02927927927927928,0.08558558558558559,-0.9999972581863403,-0.9999994039535522
31_35,1500,34,-0.01933734491467476,-0.018061267212033272,-0.22568590939044952,-0.35294172167778015,0.02927927927927928,0.09234234234234234,-0.9999990463256836,-0.9999998807907104
31_35,1500,35,-0.02270304225385189,-0.022533554583787918,-0.22568590939044952,-0.35479193925857544,0.02927927927927928,0.0990990990990991,-0.9999997615814209,-1.0
36_40,1008,36,0.09666547179222107,0.10095252096652985,-0.1410226672887802,-0.20924949645996094,0.018867924528301886,0.018867924528301886,-0.2708967924118042,-0.37685173749923706
36_40,1008,37,0.0975770503282547,0.10307206958532333,-0.1410226672887802,-0.17727577686309814,0.018867924528301886,0.018867924528301886,-0.2708967924118042,-0.28134971857070923
36_40,1008,38,0.09399305284023285,0.09845056384801865,-0.14036767184734344,-0.1946527510881424,0.018867924528301886,0.018867924528301886,-0.23716217279434204,-0.3858792781829834
36_40,1008,39,0.08177735656499863,0.08116812258958817,-0.14036767184734344,-0.20585662126541138,0.018867924528301886,0.018867924528301886,-0.23716217279434204,-0.3931646943092346
36_40,1008,40,0.07354912906885147,0.06822866946458817,-0.16203196346759796,-0.22387902438640594,0.018867924528301886,0.018867924528301886,-0.325580358505249,-0.42290014028549194
36_40,172,36,0.048343319445848465,0.0640949085354805,-0.2853933870792389,-0.3369022309780121,0.05084745762711865,0.06779661016949153,-0.7367807626724243,-0.7213727235794067
36_40,172,37,0.04179328307509422,0.04989329352974892,-0.2853933870792389,-0.34720638394355774,0.05084745762711865,0.06779661016949153,-0.7363045811653137,-0.7276239395141602
36_40,172,38,0.04366469383239746,0.04610395058989525,-0.2778172791004181,-0.3330817222595215,0.05084745762711865,0.11864406779661017,-0.715421199798584,-0.7408548593521118
36_40,172,39,0.04167165607213974,0.048096925020217896,-0.2778172791004181,-0.3493228256702423,0.05084745762711865,0.06779661016949153,-0.7378546595573425,-0.7674325108528137
36_40,172,40,0.04229440167546272,0.04829910397529602,-0.29955920577049255,-0.3346618711948395,0.05084745762711865,0.06779661016949153,-0.7764924764633179,-0.7554065585136414
36_40,3914,36,0.033331260085105896,0.033331260085105896,-0.20223528146743774,-0.20223528146743774,0.0379746835443038,0.0379746835443038,-0.8441304564476013,-0.8441304564476013
36_40,3914,37,0.04219769686460495,0.04219769686460495,-0.18722496926784515,-0.18722496926784515,0.012658227848101266,0.012658227848101266,-0.7642230987548828,-0.7642230987548828
36_40,3914,38,0.04395442083477974,0.04395442083477974,-0.1951962113380432,-0.1951962113380432,0.02531645569620253,0.02531645569620253,-0.7216629385948181,-0.7216629385948181
36_40,3914,39,0.045697204768657684,0.045697204768657684,-0.19942352175712585,-0.19942352175712585,0.02531645569620253,0.02531645569620253,-0.7243846654891968,-0.7243846654891968
36_40,3914,40,0.04143410548567772,0.04143410548567772,-0.21226465702056885,-0.21226465702056885,0.0379746835443038,0.0379746835443038,-0.8210151791572571,-0.8210151791572571
36_40,2770,36,0.011553998105227947,0.054547104984521866,-0.16612397134304047,-0.23863133788108826,0.0,0.04054054054054054,-0.7938317060470581,-0.6833401918411255
36_40,2770,37,0.012702882289886475,0.05708063021302223,-0.16612397134304047,-0.23907682299613953,0.0,0.05405405405405406,-0.7845954895019531,-0.6699755191802979
36_40,2770,38,0.01291046291589737,0.05501941591501236,-0.16612397134304047,-0.23568886518478394,0.0,0.04054054054054054,-0.7760915756225586,-0.7206766605377197
36_40,2770,39,0.013894477859139442,0.05758023262023926,-0.16612397134304047,-0.2564733624458313,0.0,0.04054054054054054,-0.7687861919403076,-0.7616677284240723
36_40,2770,40,0.01334073580801487,0.05230383202433586,-0.16612397134304047,-0.2703291177749634,0.0,0.05405405405405406,-0.7882302403450012,-0.8058185577392578
36_40,586,36,0.08044587075710297,0.09835895895957947,-0.1275848150253296,-0.19779546558856964,0.0,0.015665796344647518,-0.6725798845291138,-0.5149433612823486
36_40,586,37,0.08189945667982101,0.10126391798257828,-0.1275848150253296,-0.19698889553546906,0.0,0.013054830287206266,-0.6665401458740234,-0.45192229747772217
36_40,586,38,0.08411990106105804,0.1054149642586708,-0.1275848150253296,-0.18924160301685333,0.0,0.010443864229765013,-0.6509159803390503,-0.47326236963272095
36_40,586,39,0.09530612081289291,0.11045974493026733,-0.2194373905658722,-0.19292128086090088,0.02610966057441253,0.010443864229765013,-0.6395217776298523,-0.5219029188156128
36_40,586,40,0.08958488702774048,0.11319909244775772,-0.1275848150253296,-0.19233468174934387,0.0,0.010443864229765013,-0.7138407230377197,-0.550958514213562
36_40,3124,36,0.03088214620947838,0.08793199062347412,-0.08402136713266373,-0.12153346836566925,0.0,0.0,-0.494803249835968,-0.25329214334487915
36_40,3124,37,0.030663928017020226,0.08743448555469513,-0.08402136713266373,-0.12187527865171432,0.0,0.0,-0.4757142663002014,-0.25413548946380615
36_40,3124,38,0.030281169340014458,0.08597012609243393,-0.08402136713266373,-0.12313444167375565,0.0,0.0,-0.48721522092819214,-0.2815145254135132
36_40,3124,39,0.03059144876897335,0.08663810044527054,-0.08402136713266373,-0.13306626677513123,0.0,0.0,-0.46640318632125854,-0.31044816970825195
36_40,3124,40,0.03232468664646149,0.08549129962921143,-0.08402136713266373,-0.14681492745876312,0.0,0.0,-0.4398305416107178,-0.35674142837524414
36_40,974,36,-0.012606927193701267,-0.012606927193701267,-0.27101239562034607,-0.27101239562034607,0.04878048780487805,0.04878048780487805,-0.8907299041748047,-0.8907299041748047
36_40,974,37,-0.011631974019110203,-0.011631974019110203,-0.28377124667167664,-0.28377124667167664,0.04878048780487805,0.04878048780487805,-0.8874615430831909,-0.8874615430831909
36_40,974,38,-0.026473719626665115,-0.010150810703635216,-0.1795477271080017,-0.2852739691734314,0.012345679012345678,0.04938271604938271,-0.9138659238815308,-0.8797196745872498
36_40,974,39,-0.027955155819654465,-0.006333816796541214,-0.1795477271080017,-0.2779819071292877,0.012345679012345678,0.04938271604938271,-0.9232104420661926,-0.848475456237793
36_40,974,40,-0.027769265696406364,7.636716327397153e-05,-0.1795477271080017,-0.2706562578678131,0.012345679012345678,0.06172839506172839,-0.922886073589325,-0.8184184432029724
36_40,1074,36,0.011955086141824722,0.00907706655561924,-0.12394789606332779,-0.22194011509418488,0.002,0.044,-0.9744060039520264,-0.9999992847442627
36_40,1074,37,0.011955086141824722,0.009498991072177887,-0.12394789606332779,-0.21714630722999573,0.002,0.036,-0.9744060039520264,-0.9999988675117493
36_40,1074,38,0.011955086141824722,0.00984882190823555,-0.12394789606332779,-0.21231795847415924,0.002,0.032,-0.9744060039520264,-0.999998152256012
36_40,1074,39,0.011955086141824722,0.01050627138465643,-0.12394789606332779,-0.2089024931192398,0.002,0.03,-0.9744060039520264,-0.9999974966049194
36_40,1074,40,0.011955086141824722,0.012413623742759228,-0.12394789606332779,-0.20124387741088867,0.002,0.026,-0.9744060039520264,-0.9999914765357971
36_40,1732,36,-0.022654611617326736,-0.0011551117058843374,-0.2801550030708313,-0.4092957675457001,0.06388206388206388,0.16216216216216217,-0.9999999403953552,-0.9999998807907104
36_40,1732,37,-0.023452864959836006,-0.00018068986537400633,-0.2801550030708313,-0.4158433675765991,0.06403940886699508,0.1724137931034483,-0.9999999403953552,-0.9999997615814209
36_40,1732,38,-0.024408625438809395,-0.0004743384779430926,-0.2801550030708313,-0.41250747442245483,0.06419753086419754,0.18765432098765433,-0.9999999403953552,-0.9999995231628418
36_40,1732,39,-0.023378819227218628,0.0026820884086191654,-0.2801550030708313,-0.4069924056529999,0.06419753086419754,0.18765432098765433,-0.9999999403953552,-0.9999990463256836
36_40,1732,40,-0.02345266379415989,0.005677851848304272,-0.2801550030708313,-0.39683061838150024,0.06419753086419754,0.17777777777777778,-0.9999999403953552,-0.9999956488609314
36_40,1366,36,-0.04855030030012131,0.08628786355257034,-0.15752986073493958,-0.2291719913482666,0.0,0.0625,-0.969575822353363,-0.3822166323661804
36_40,1366,37,-0.04855030030012131,0.08947595953941345,-0.15752986073493958,-0.2712089717388153,0.0,0.0625,-0.969575822353363,-0.3723054528236389
36_40,1366,38,-0.04855030030012131,0.09080996364355087,-0.15752986073493958,-0.3011617660522461,0.0,0.0625,-0.969575822353363,-0.4354064464569092
36_40,1366,39,-0.04855030030012131,0.08814456313848495,-0.15752986073493958,-0.3424570560455322,0.0,0.09375,-0.969575822353363,-0.651315450668335
36_40,1366,40,-0.04855030030012131,0.09859129041433334,-0.15752986073493958,-0.33822548389434814,0.0,0.09375,-0.969575822353363,-0.604582667350769
36_40,1220,36,0.007962135598063469,0.007962135598063469,-0.39780116081237793,-0.39780116081237793,0.1375,0.1375,-0.999645471572876,-0.999645471572876
36_40,1220,37,0.012378621846437454,0.012378621846437454,-0.3878396451473236,-0.3878396451473236,0.1506276150627615,0.1506276150627615,-0.9994615316390991,-0.9994615316390991
36_40,1220,38,0.013554532080888748,0.013554532080888748,-0.375338077545166,-0.375338077545166,0.15126050420168066,0.15126050420168066,-0.9994547367095947,-0.9994547367095947
36_40,1220,39,0.016174746677279472,0.016174746677279472,-0.3744676411151886,-0.3744676411151886,0.1638655462184874,0.1638655462184874,-0.9995356798171997,-0.9995356798171997
36_40,1220,40,0.015792489051818848,0.015792489051818848,-0.37504637241363525,-0.37504637241363525,0.16455696202531644,0.16455696202531644,-0.9995735883712769,-0.9995735883712769
36_40,3874,36,-0.002115038223564625,0.02908039093017578,-0.15933452546596527,-0.2892799973487854,0.010810810810810811,0.07027027027027027,-0.9989728927612305,-0.9999801516532898
36_40,3874,37,0.0006002503214403987,0.03203965350985527,-0.15933452546596527,-0.290989488363266,0.010810810810810811,0.07027027027027027,-0.998694896697998,-0.999978244304657
36_40,3874,38,-0.0007087861886247993,0.02949775569140911,-0.15933452546596527,-0.3060494363307953,0.010810810810810811,0.08108108108108109,-0.9990448951721191,-0.9999925494194031
36_40,3874,39,-0.00011293372517684475,0.03191635385155678,-0.15933452546596527,-0.30501803755760193,0.010810810810810811,0.07567567567567568,-0.9990626573562622,-0.9999896883964539
36_40,3874,40,-1.4593149899155833e-05,0.03286334499716759,-0.15933452546596527,-0.3043729364871979,0.010810810810810811,0.07837837837837838,-0.9989856481552124,-0.9999856352806091
36_40,1922,36,0.025631846860051155,0.03399644419550896,-0.12252729386091232,-0.18433891236782074,0.0,0.02142857142857143,-0.6157268285751343,-0.9118666052818298
36_40,1922,37,0.024888046085834503,0.036122191697359085,-0.12252729386091232,-0.18170413374900818,0.0,0.02142857142857143,-0.6157269477844238,-0.92318195104599
36_40,1922,38,0.02426183968782425,0.03303760662674904,-0.12252729386091232,-0.17006036639213562,0.0,0.007142857142857143,-0.6157269477844238,-0.9449567198753357
36_40,1922,39,0.03325825557112694,0.03325825557112694,-0.1718197911977768,-0.1718197911977768,0.0,0.0,-0.9429670572280884,-0.9429670572280884
36_40,1922,40,0.03406011313199997,0.03406011313199997,-0.1747216135263443,-0.1747216135263443,0.0,0.0,-0.940399169921875,-0.940399169921875
36_40,1122,36,-0.0031412530224770308,0.00693933293223381,-0.20229403674602509,-0.46816229820251465,0.030303030303030304,0.07575757575757576,-0.7721238732337952,-0.9377474784851074
36_40,1122,37,0.002239375840872526,0.014997542835772038,-0.20229403674602509,-0.45876291394233704,0.030303030303030304,0.07575757575757576,-0.7695393562316895,-0.9344013929367065
36_40,1122,38,0.006347854621708393,0.021069437265396118,-0.20229403674602509,-0.45378386974334717,0.030303030303030304,0.07575757575757576,-0.7674912810325623,-0.9333040118217468
36_40,1122,39,0.009985044598579407,0.027480777353048325,-0.20229403674602509,-0.4494093656539917,0.030303030303030304,0.07575757575757576,-0.7742292881011963,-0.933301568031311
36_40,1122,40,0.012907691299915314,0.029947660863399506,-0.20229403674602509,-0.4552555978298187,0.030303030303030304,0.07575757575757576,-0.778252363204956,-0.9403924345970154
36_40,2930,36,0.026142369955778122,0.06230539828538895,-0.1455259472131729,-0.18437279760837555,0.0,0.02,-0.44507336616516113,-0.5506656765937805
36_40,2930,37,0.026693517342209816,0.05966104939579964,-0.1455259472131729,-0.20331807434558868,0.0,0.04,-0.44507336616516113,-0.6046775579452515
36_40,2930,38,0.02715965546667576,0.06019999831914902,-0.1455259472131729,-0.19766366481781006,0.0,0.04,-0.44507336616516113,-0.619574785232544
36_40,2930,39,0.027210524305701256,0.058974288403987885,-0.1455259472131729,-0.1740366816520691,0.0,0.0,-0.44507336616516113,-0.597201943397522
36_40,2930,40,0.02683217264711857,0.05491171404719353,-0.1455259472131729,-0.18442405760288239,0.0,0.0,-0.44507336616516113,-0.6226394176483154
36_40,2990,36,0.082364521920681,0.082364521920681,-0.1091766282916069,-0.1091766282916069,0.0,0.0,-0.25345295667648315,-0.25345295667648315
36_40,2990,37,0.08263292163610458,0.08263292163610458,-0.10993151366710663,-0.10993151366710663,0.0,0.0,-0.24612551927566528,-0.24612551927566528
36_40,2990,38,0.08343469351530075,0.08343469351530075,-0.11784186214208603,-0.11784186214208603,0.0,0.0,-0.19576632976531982,-0.19576632976531982
36_40,2990,39,0.07864705473184586,0.07864705473184586,-0.12060470879077911,-0.12060470879077911,0.0,0.0,-0.264903724193573,-0.264903724193573
36_40,2990,40,0.07165798544883728,0.07165798544883728,-0.13042905926704407,-0.13042905926704407,0.0,0.0,-0.31061089038848877,-0.31061089038848877
36_40,976,36,0.02812715247273445,0.037419892847537994,-0.18500491976737976,-0.24921561777591705,0.01639344262295082,0.03278688524590164,-0.679713249206543,-0.5799697637557983
36_40,976,37,0.029052941128611565,0.03724798560142517,-0.18500491976737976,-0.24463336169719696,0.01639344262295082,0.02459016393442623,-0.6838841438293457,-0.5627255439758301
36_40,976,38,0.02690199576318264,0.04003148153424263,-0.19728021323680878,-0.24393728375434875,0.01639344262295082,0.02459016393442623,-0.7609241008758545,-0.5717191696166992
36_40,976,39,0.02812356874346733,0.039389703422784805,-0.19728021323680878,-0.23978982865810394,0.01639344262295082,0.02459016393442623,-0.7681223154067993,-0.5621874332427979
36_40,976,40,0.025765569880604744,0.03654656186699867,-0.2029433697462082,-0.24382083117961884,0.01639344262295082,0.03278688524590164,-0.7393035888671875,-0.5808002948760986
36_40,2376,36,-0.02474181540310383,-0.029685502871870995,-0.21393367648124695,-0.43710124492645264,0.013333333333333334,0.06666666666666667,-0.961139440536499,-0.9922234416007996
36_40,2376,37,-0.024656830355525017,-0.027399057522416115,-0.21393367648124695,-0.4566395580768585,0.013333333333333334,0.08,-0.9605395793914795,-0.9923012256622314
36_40,2376,38,-0.025310777127742767,-0.028034836053848267,-0.21393367648124695,-0.42867225408554077,0.013333333333333334,0.09333333333333334,-0.9607884883880615,-0.9929201602935791
36_40,2376,39,-0.02607535757124424,-0.027514571323990822,-0.21393367648124695,-0.4045615494251251,0.013333333333333334,0.10666666666666667,-0.9608650207519531,-0.9906554818153381
36_40,2376,40,-0.026159029453992844,-0.030437549576163292,-0.21393367648124695,-0.35862046480178833,0.013333333333333334,0.13333333333333333,-0.9604821801185608,-0.9903712868690491
36_40,3802,36,-0.001653744955547154,0.04763760045170784,-0.09437809884548187,-0.18832583725452423,0.0,0.045454545454545456,-0.5515841245651245,-0.4164525270462036
36_40,3802,37,-0.001757851685397327,0.05041221156716347,-0.09437809884548187,-0.17739717662334442,0.0,0.030303030303030304,-0.5544066429138184,-0.38503825664520264
36_40,3802,38,-0.002012184588238597,0.05045019090175629,-0.09437809884548187,-0.17420914769172668,0.0,0.045454545454545456,-0.5613020062446594,-0.3830646276473999
36_40,3802,39,-0.00195489008910954,0.051403388381004333,-0.09437809884548187,-0.17185935378074646,0.0,0.030303030303030304,-0.5597487092018127,-0.3775629997253418
36_40,3802,40,-0.00195489008910954,0.05291150137782097,-0.09437809884548187,-0.17476600408554077,0.0,0.030303030303030304,-0.5597487092018127,-0.37030041217803955
36_40,1478,36,-0.010653783567249775,0.030913323163986206,-0.33183303475379944,-0.3483099043369293,0.08333333333333333,0.10416666666666667,-0.7998723983764648,-0.7110524773597717
36_40,1478,37,-0.006846898701041937,0.03918999806046486,-0.33183303475379944,-0.3474343717098236,0.08333333333333333,0.08333333333333333,-0.8011826276779175,-0.7380013465881348
36_40,1478,38,-0.011687072925269604,0.03488025441765785,-0.3492690622806549,-0.38639941811561584,0.10416666666666667,0.0625,-0.835329532623291,-0.7275981903076172
36_40,1478,39,-0.010778185911476612,0.039222437888383865,-0.3492690622806549,-0.3870735168457031,0.10416666666666667,0.08333333333333333,-0.8056522607803345,-0.7218819260597229
36_40,1478,40,-0.010715569369494915,0.040520329028367996,-0.35018190741539,-0.36613568663597107,0.10416666666666667,0.0625,-0.8033309578895569,-0.7034584283828735
36_40,1698,36,-0.005078714340925217,0.02396942861378193,-0.09999626874923706,-0.14283733069896698,0.0,0.0029498525073746312,-0.981209933757782,-0.6854032874107361
36_40,1698,37,-0.004705676808953285,0.0232660211622715,-0.09999626874923706,-0.15129491686820984,0.0,0.0029498525073746312,-0.9798677563667297,-0.785982608795166
36_40,1698,38,-0.00442950613796711,0.023087477311491966,-0.09999626874923706,-0.16022257506847382,0.0,0.0029498525073746312,-0.981337308883667,-0.7926655411720276
36_40,1698,39,-0.004749196115881205,0.023210544139146805,-0.09999626874923706,-0.15863578021526337,0.0,0.0,-0.9834470748901367,-0.7792485356330872
36_40,1698,40,-0.0038455729372799397,0.024470973759889603,-0.09999626874923706,-0.1640639305114746,0.0,0.0058997050147492625,-0.980925440788269,-0.8144401907920837
36_40,4128,36,0.013603275641798973,0.00804124865680933,-0.10332077741622925,-0.22378505766391754,0.0,0.02643171806167401,-0.6704330444335938,-0.9375255107879639
36_40,4128,37,0.01507496926933527,0.009723328053951263,-0.10518614202737808,-0.22392231225967407,0.0,0.02643171806167401,-0.6579768657684326,-0.9350098371505737
36_40,4128,38,0.016320424154400826,0.011912812478840351,-0.10332077741622925,-0.22055582702159882,0.0,0.022026431718061675,-0.6553624272346497,-0.9390321969985962
36_40,4128,39,0.01259950827807188,0.01259950827807188,-0.21516020596027374,-0.21516020596027374,0.022026431718061675,0.022026431718061675,-0.9390119910240173,-0.9390119910240173
36_40,4128,40,0.01021868921816349,0.013150190003216267,-0.07912969589233398,-0.21707837283611298,0.0,0.022026431718061675,-0.7952039241790771,-0.9241417050361633
41_45,1660,41,0.2461853325366974,0.2461853325366974,-0.4511510133743286,-0.4511510133743286,0.13333333333333333,0.13333333333333333,-0.8811884522438049,-0.8811884522438049
41_45,1660,42,0.2407052218914032,0.2407052218914032,-0.45740488171577454,-0.45740488171577454,0.13333333333333333,0.13333333333333333,-0.8908534049987793,-0.8908534049987793
41_45,1660,43,0.22413672506809235,0.22413672506809235,-0.46652457118034363,-0.46652457118034363,0.13333333333333333,0.13333333333333333,-0.8902600407600403,-0.8902600407600403
41_45,1660,44,0.2054082751274109,0.2054082751274109,-0.46346673369407654,-0.46346673369407654,0.13333333333333333,0.13333333333333333,-0.8878835439682007,-0.8878835439682007
41_45,1660,45,0.19250288605690002,0.19250288605690002,-0.46852725744247437,-0.46852725744247437,0.13333333333333333,0.13333333333333333,-0.8941248655319214,-0.8941248655319214
41_45,426,41,0.07195466756820679,0.07195466756820679,-0.2618007957935333,-0.2618007957935333,0.022,0.022,-0.997852087020874,-0.997852087020874
41_45,426,42,0.07228261232376099,0.07228261232376099,-0.2694465219974518,-0.2694465219974518,0.024,0.024,-0.9983847737312317,-0.9983847737312317
41_45,426,43,0.07178495079278946,0.07178495079278946,-0.2785969376564026,-0.2785969376564026,0.028,0.028,-0.9985540509223938,-0.9985540509223938
41_45,426,44,0.07028911262750626,0.07028911262750626,-0.282978892326355,-0.282978892326355,0.032,0.032,-0.9984294772148132,-0.9984294772148132
41_45,426,45,0.07193706929683685,0.07193706929683685,-0.2793475091457367,-0.2793475091457367,0.028,0.028,-0.9979561567306519,-0.9979561567306519
41_45,2574,41,0.02183249406516552,0.02183249406516552,-0.580231249332428,-0.580231249332428,0.0784313725490196,0.0784313725490196,-0.9902833700180054,-0.9902833700180054
41_45,2574,42,0.023470694199204445,0.023470694199204445,-0.5946118831634521,-0.5946118831634521,0.09803921568627451,0.09803921568627451,-0.993423342704773,-0.993423342704773
41_45,2574,43,0.023946180939674377,0.023946180939674377,-0.5920530557632446,-0.5920530557632446,0.11764705882352941,0.11764705882352941,-0.9906693696975708,-0.9906693696975708
41_45,2574,44,0.026438798755407333,0.026438798755407333,-0.5950003266334534,-0.5950003266334534,0.11764705882352941,0.11764705882352941,-0.9893919825553894,-0.9893919825553894
41_45,2574,45,0.02436096780002117,0.02436096780002117,-0.6089755892753601,-0.6089755892753601,0.11764705882352941,0.11764705882352941,-0.9908149838447571,-0.9908149838447571
41_45,574,41,0.005880947690457106,0.05811571702361107,-0.14921003580093384,-0.3060818016529083,0.008,0.048,-0.9921233654022217,-0.9995338320732117
41_45,574,42,0.0032661790028214455,0.057511020451784134,-0.1710742563009262,-0.37297070026397705,0.012,0.054,-0.9975982904434204,-0.9999885559082031
41_45,574,43,-0.0041701230220496655,0.04872985556721687,-0.16844172775745392,-0.3586297333240509,0.012,0.052,-0.9993780255317688,-0.9999731779098511
41_45,574,44,0.005613235756754875,0.05928497388958931,-0.16983850300312042,-0.366881400346756,0.012,0.05,-0.9988047480583191,-0.9999842643737793
41_45,574,45,0.003306777449324727,0.061569035053253174,-0.16022811830043793,-0.35810351371765137,0.012,0.056,-0.9976868629455566,-0.9998791813850403
41_45,1006,41,0.10772204399108887,0.10772204399108887,-0.25410062074661255,-0.25410062074661255,0.05113636363636364,0.05113636363636364,-0.9143889546394348,-0.9143889546394348
41_45,1006,42,0.10965299606323242,0.10965299606323242,-0.25667044520378113,-0.25667044520378113,0.05113636363636364,0.05113636363636364,-0.918182373046875,-0.918182373046875
41_45,1006,43,0.11498621106147766,0.11498621106147766,-0.25788673758506775,-0.25788673758506775,0.05113636363636364,0.05113636363636364,-0.9189320802688599,-0.9189320802688599
41_45,1006,44,0.11628276854753494,0.11628276854753494,-0.2656959295272827,-0.2656959295272827,0.05113636363636364,0.05113636363636364,-0.9270180463790894,-0.9270180463790894
41_45,1006,45,0.11811324954032898,0.11811324954032898,-0.27018773555755615,-0.27018773555755615,0.05113636363636364,0.05113636363636364,-0.9321267604827881,-0.9321267604827881
41_45,706,41,0.0530710332095623,0.11554484814405441,-0.08499062806367874,-0.09892438352108002,0.0,0.0,-0.33906930685043335,-0.24845361709594727
41_45,706,42,0.057943712919950485,0.123663030564785,-0.08499062806367874,-0.0954575389623642,0.0,0.0,-0.3390693664550781,-0.21171993017196655
41_45,706,43,0.056980200111866,0.12572145462036133,-0.08499062806367874,-0.08229056000709534,0.0,0.0,-0.33906930685043335,-0.15219873189926147
41_45,706,44,0.05850033834576607,0.12711435556411743,-0.08499062806367874,-0.08099862933158875,0.0,0.0,-0.33906930685043335,-0.15408718585968018
41_45,706,45,0.054065629839897156,0.1236809566617012,-0.08499062806367874,-0.08364871889352798,0.0,0.0,-0.3390693664550781,-0.18072736263275146
41_45,2202,41,0.006668829824775457,0.052290212363004684,-0.16671207547187805,-0.3346900939941406,0.008,0.056,-0.9755372405052185,-0.9996817111968994
41_45,2202,42,0.005093791522085667,0.05122915282845497,-0.16671207547187805,-0.34301894903182983,0.008,0.056,-0.9756466746330261,-0.9996499419212341
41_45,2202,43,0.004710122011601925,0.05299486592411995,-0.17312513291835785,-0.34005284309387207,0.01,0.058,-0.9824497699737549,-0.9996301531791687
41_45,2202,44,0.007763181813061237,0.06437470018863678,-0.1826658397912979,-0.3631563186645508,0.014,0.054,-0.986307680606842,-0.9998732805252075
41_45,2202,45,0.008424011059105396,0.06292308866977692,-0.19003954529762268,-0.3709278106689453,0.016,0.054,-0.9943112134933472,-0.9999014139175415
41_45,458,41,0.0948297455906868,0.11797238141298294,-0.30629509687423706,-0.3305746912956238,0.08,0.102,-0.9975566267967224,-0.9990994930267334
41_45,458,42,0.08904591202735901,0.10863985121250153,-0.3124043345451355,-0.3362376391887665,0.088,0.128,-0.9973951578140259,-0.9993352293968201
41_45,458,43,0.09927279502153397,0.09927279502153397,-0.36016449332237244,-0.36016449332237244,0.14,0.14,-0.9996947050094604,-0.9996947050094604
41_45,458,44,0.11235532909631729,0.11235532909631729,-0.35746124386787415,-0.35746124386787415,0.114,0.114,-0.9995703101158142,-0.9995703101158142
41_45,458,45,0.1198602095246315,0.1198602095246315,-0.35931941866874695,-0.35931941866874695,0.118,0.118,-0.9996545910835266,-0.9996545910835266
41_45,312,41,-0.02515549771487713,-0.004477040842175484,-0.47136765718460083,-0.6034420728683472,0.20588235294117646,0.20588235294117646,-0.8946186304092407,-0.914012610912323
41_45,312,42,-0.03280790150165558,-0.001957253087311983,-0.5938297510147095,-0.6076644659042358,0.17647058823529413,0.17647058823529413,-0.9339313507080078,-0.903435468673706
41_45,312,43,-0.031658776104450226,1.2462191989470739e-05,-0.5938297510147095,-0.6025596857070923,0.17647058823529413,0.17647058823529413,-0.933593213558197,-0.9087774157524109
41_45,312,44,-0.03583310544490814,-0.0018534933915361762,-0.7057653069496155,-0.6302266120910645,0.23529411764705882,0.20588235294117646,-0.9641348123550415,-0.9270423054695129
41_45,312,45,-0.04317765682935715,-0.016665391623973846,-0.7057653069496155,-0.6979444026947021,0.23529411764705882,0.17647058823529413,-0.9662321209907532,-0.9579319357872009
41_45,2800,41,0.03827380761504173,0.06970705091953278,-0.1472242772579193,-0.19819271564483643,0.005154639175257732,0.023195876288659795,-0.9403885006904602,-0.9431833028793335
41_45,2800,42,0.03830989822745323,0.06975902616977692,-0.1472242772579193,-0.201943039894104,0.005154639175257732,0.020618556701030927,-0.9394078850746155,-0.9583253860473633
41_45,2800,43,0.0404430627822876,0.07180174440145493,-0.1472242772579193,-0.19982218742370605,0.005154639175257732,0.01804123711340206,-0.9401163458824158,-0.9609463214874268
41_45,2800,44,0.0387924425303936,0.07120613008737564,-0.1472242772579193,-0.20543666183948517,0.005154639175257732,0.020618556701030927,-0.9480529427528381,-0.9595325589179993
41_45,2800,45,0.03784273937344551,0.07295944541692734,-0.1472242772579193,-0.2065366506576538,0.005154639175257732,0.020618556701030927,-0.9487630724906921,-0.9514197111129761
41_45,1010,41,0.0729367583990097,0.1113344132900238,-0.2768697738647461,-0.28372207283973694,0.025210084033613446,0.025210084033613446,-0.9377386569976807,-0.7061853408813477
41_45,1010,42,0.07713715732097626,0.11610783636569977,-0.3003718852996826,-0.29851803183555603,0.04201680672268908,0.025210084033613446,-0.9208991527557373,-0.7407932281494141
41_45,1010,43,0.07793866842985153,0.11604592204093933,-0.3003718852996826,-0.317148894071579,0.04201680672268908,0.025210084033613446,-0.9174073338508606,-0.7987390160560608
41_45,1010,44,0.07841755449771881,0.11697536706924438,-0.2968536913394928,-0.3069002628326416,0.03389830508474576,0.03389830508474576,-0.8905560970306396,-0.7837604284286499
41_45,1010,45,0.0756579339504242,0.11528407037258148,-0.2968536913394928,-0.3023090660572052,0.03389830508474576,0.03389830508474576,-0.8886198401451111,-0.7893964052200317
41_45,558,41,0.00743658933788538,0.03140623867511749,-0.16736455261707306,-0.3296144902706146,0.006,0.066,-0.9973397850990295,-0.999396026134491
41_45,558,42,0.00527156749740243,0.03217802941799164,-0.15464013814926147,-0.3341767489910126,0.006,0.068,-0.9945039749145508,-0.9994767904281616
41_45,558,43,0.005435105878859758,0.0354030542075634,-0.15464013814926147,-0.3259962797164917,0.006,0.072,-0.9940792918205261,-0.9996016621589661
41_45,558,44,0.008867712691426277,0.037089284509420395,-0.16736455261707306,-0.33365893363952637,0.006,0.074,-0.9959997534751892,-0.9995592832565308
41_45,558,45,0.009453092701733112,0.04168172553181648,-0.16736455261707306,-0.33762168884277344,0.006,0.076,-0.9959903359413147,-0.9995651841163635
41_45,4320,41,0.11274354159832001,0.14683032035827637,-0.09434797614812851,-0.1305973082780838,0.0,0.0,-0.6178305149078369,-0.49949872493743896
41_45,4320,42,0.10933175683021545,0.14101459085941315,-0.09502694755792618,-0.1340743601322174,0.0,0.003076923076923077,-0.6947667598724365,-0.6308801770210266
41_45,4320,43,0.10671311616897583,0.13751234114170074,-0.09502694755792618,-0.13951648771762848,0.0,0.003076923076923077,-0.6898651123046875,-0.6876927614212036
41_45,4320,44,0.10368538647890091,0.1330452412366867,-0.09790435433387756,-0.14827099442481995,0.0,0.006153846153846154,-0.7805966734886169,-0.8220470547676086
41_45,4320,45,0.09981628507375717,0.129068523645401,-0.09923812001943588,-0.15237957239151,0.0,0.009230769230769232,-0.8271927237510681,-0.8906797170639038
41_45,540,41,0.02466649003326893,0.06078527495265007,-0.18841005861759186,-0.33271366357803345,0.016,0.06,-0.9877794981002808,-0.9985795617103577
41_45,540,42,0.026405997574329376,0.06338749825954437,-0.18841005861759186,-0.3429246246814728,0.016,0.072,-0.9871944189071655,-0.9992848038673401
41_45,540,43,0.023977089673280716,0.06885368376970291,-0.1957811564207077,-0.3291967809200287,0.018,0.074,-0.9985695481300354,-0.9956620335578918
41_45,540,44,0.021241120994091034,0.06112032011151314,-0.20001642405986786,-0.3752124011516571,0.022,0.074,-0.9899030923843384,-0.9998205304145813
41_45,540,45,0.005855294410139322,0.05590999498963356,-0.2336788922548294,-0.4067385196685791,0.03,0.094,-0.9998688101768494,-0.9996911287307739
41_45,3912,41,0.017106009647250175,0.075386643409729,-0.1494167149066925,-0.3178064227104187,0.004016064257028112,0.04417670682730924,-0.9241225719451904,-0.9705217480659485
41_45,3912,42,0.014066693373024464,0.07662183791399002,-0.1494167149066925,-0.311745822429657,0.004016064257028112,0.04819277108433735,-0.9356042146682739,-0.9705499410629272
41_45,3912,43,0.01503903791308403,0.08070088177919388,-0.1494167149066925,-0.30820778012275696,0.004016064257028112,0.04819277108433735,-0.9374704957008362,-0.9646337032318115
41_45,3912,44,0.017955943942070007,0.08376825600862503,-0.1494167149066925,-0.3090079426765442,0.004016064257028112,0.04819277108433735,-0.9350675344467163,-0.9596267938613892
41_45,3912,45,0.019749507308006287,0.08278477936983109,-0.1494167149066925,-0.3127021789550781,0.004016064257028112,0.04819277108433735,-0.9393737316131592,-0.9688161015510559
41_45,1482,41,0.02469738945364952,0.06202985718846321,-0.18319082260131836,-0.203434556722641,0.00967741935483871,0.01935483870967742,-0.9986658692359924,-0.9916619658470154
41_45,1482,42,0.023922830820083618,0.06155187636613846,-0.18319082260131836,-0.19941481947898865,0.00967741935483871,0.016129032258064516,-0.9987789988517761,-0.9894267916679382
41_45,1482,43,0.02283649891614914,0.060417111963033676,-0.18319082260131836,-0.20117928087711334,0.00967741935483871,0.016129032258064516,-0.9988410472869873,-0.988301694393158
41_45,1482,44,0.022227078676223755,0.05817596614360809,-0.18319082260131836,-0.19587475061416626,0.00967741935483871,0.01935483870967742,-0.9988980889320374,-0.9850038290023804
41_45,1482,45,0.022072192281484604,0.059533655643463135,-0.18319082260131836,-0.20004719495773315,0.00967741935483871,0.012903225806451613,-0.9988539218902588,-0.9822491407394409
41_45,2992,41,0.03524657338857651,0.055488914251327515,-0.19895483553409576,-0.34267762303352356,0.024,0.07,-0.9975203275680542,-0.9974198937416077
41_45,2992,42,0.035040482878685,0.056201234459877014,-0.19899362325668335,-0.3438270688056946,0.024,0.066,-0.9979096055030823,-0.9986723065376282
41_45,2992,43,0.03499095141887665,0.057139791548252106,-0.20245741307735443,-0.35290950536727905,0.026,0.06,-0.9980060458183289,-0.9991478323936462
41_45,2992,44,0.03487102687358856,0.05806693807244301,-0.20245741307735443,-0.3517967164516449,0.026,0.06,-0.9979799389839172,-0.9995312094688416
41_45,2992,45,0.03589027002453804,0.060934022068977356,-0.20245741307735443,-0.35530951619148254,0.026,0.056,-0.9978534579277039,-0.9997578859329224
41_45,272,41,0.013501070439815521,0.08129490911960602,-0.1618414670228958,-0.23680326342582703,0.012,0.032,-0.9985735416412354,-0.9838504791259766
41_45,272,42,0.014529322274029255,0.08344784379005432,-0.1618414670228958,-0.23837673664093018,0.012,0.034,-0.9986370205879211,-0.9870214462280273
41_45,272,43,0.014477558434009552,0.08396054059267044,-0.1618414670228958,-0.24386587738990784,0.012,0.038,-0.9987478256225586,-0.9864482283592224
41_45,272,44,0.014189457520842552,0.08583877235651016,-0.1618414670228958,-0.2474779486656189,0.012,0.04,-0.998831033706665,-0.9823558926582336
41_45,272,45,0.014622446149587631,0.08910062909126282,-0.1618414670228958,-0.2493208348751068,0.012,0.036,-0.9989393949508667,-0.9736387133598328
41_45,2910,41,0.07408992201089859,0.09750538319349289,-0.11992526054382324,-0.080994613468647,0.0,0.0,-0.7036657333374023,-0.16544991731643677
41_45,2910,42,0.07411404699087143,0.09789638966321945,-0.11992526054382324,-0.08035020530223846,0.0,0.0,-0.701890230178833,-0.14941251277923584
41_45,2910,43,0.07359367609024048,0.09729453921318054,-0.11992526054382324,-0.0799253061413765,0.0,0.0,-0.6902339458465576,-0.16489362716674805
41_45,2910,44,0.07212211191654205,0.0961497351527214,-0.11992526054382324,-0.08034873008728027,0.0,0.0,-0.6900697946548462,-0.16425490379333496
41_45,2910,45,0.0708356648683548,0.09573552012443542,-0.11992526054382324,-0.08152751624584198,0.0,0.0,-0.688521683216095,-0.17890697717666626
41_45,3202,41,0.007252252660691738,0.03354960307478905,-0.20542097091674805,-0.24290435016155243,0.03389830508474576,0.11864406779661017,-0.8387320637702942,-0.8841424584388733
41_45,3202,42,0.009616773575544357,0.03596137836575508,-0.20542097091674805,-0.2521926164627075,0.03389830508474576,0.1016949152542373,-0.8430768251419067,-0.8774505853652954
41_45,3202,43,0.010328086093068123,0.03428850322961807,-0.20542097091674805,-0.26274290680885315,0.03389830508474576,0.1016949152542373,-0.8321254849433899,-0.8931514620780945
41_45,3202,44,0.0028093745931982994,0.02466043084859848,-0.20542097091674805,-0.26089709997177124,0.03389830508474576,0.13559322033898305,-0.8354188203811646,-0.9074782133102417
41_45,3202,45,0.0029960209503769875,0.027648983523249626,-0.20542097091674805,-0.2567111551761627,0.03389830508474576,0.15254237288135594,-0.8499996662139893,-0.9257402420043945
41_45,432,41,0.050002600997686386,0.050002600997686386,-0.3925423324108124,-0.3925423324108124,0.10948905109489052,0.10948905109489052,-0.9869933128356934,-0.9869933128356934
41_45,432,42,0.0588754266500473,0.0588754266500473,-0.3833155035972595,-0.3833155035972595,0.11764705882352941,0.11764705882352941,-0.9779821634292603,-0.9779821634292603
41_45,432,43,0.06958283483982086,0.06958283483982086,-0.3799279034137726,-0.3799279034137726,0.11851851851851852,0.11851851851851852,-0.9650585651397705,-0.9650585651397705
41_45,432,44,0.06937369704246521,0.06937369704246521,-0.3933049738407135,-0.3933049738407135,0.11940298507462686,0.11940298507462686,-0.9705910086631775,-0.9705910086631775
41_45,432,45,0.06580071896314621,0.06580071896314621,-0.39978235960006714,-0.39978235960006714,0.12686567164179105,0.12686567164179105,-0.975914716720581,-0.975914716720581
41_45,1044,41,0.01739548332989216,0.07964808493852615,-0.17556777596473694,-0.32523635029792786,0.012,0.05,-0.9878798127174377,-0.9990094900131226
41_45,1044,42,0.015431995503604412,0.07025975733995438,-0.17370355129241943,-0.36091509461402893,0.008,0.062,-0.9997054934501648,-0.9988096952438354
41_45,1044,43,0.010071629658341408,0.0693684071302414,-0.17639854550361633,-0.32754868268966675,0.014,0.06,-0.9947469830513,-0.9987944960594177
41_45,1044,44,0.008448904380202293,0.06357941031455994,-0.16752889752388,-0.3713134825229645,0.01,0.068,-0.999839186668396,-0.9963901042938232
41_45,1044,45,0.019229862838983536,0.08269227296113968,-0.15009456872940063,-0.27891361713409424,0.006,0.044,-0.9990363717079163,-0.9886544346809387
41_45,668,41,0.025611041113734245,0.049530599266290665,-0.19348308444023132,-0.27941176295280457,0.018,0.026,-0.9931948184967041,-0.9993286728858948
41_45,668,42,0.02592315711081028,0.0510123148560524,-0.1936061829328537,-0.2770758271217346,0.018,0.028,-0.9936437606811523,-0.9992445707321167
41_45,668,43,0.026799915358424187,0.052471473813056946,-0.1936061829328537,-0.28581157326698303,0.018,0.028,-0.9931020140647888,-0.9993677735328674
41_45,668,44,0.02664315328001976,0.05383608862757683,-0.1936061829328537,-0.28464275598526,0.018,0.032,-0.9918723106384277,-0.9988390803337097
41_45,668,45,0.02743273600935936,0.05623750016093254,-0.1936061829328537,-0.2809843122959137,0.018,0.032,-0.9901444911956787,-0.9979909062385559
46_50,432,46,0.07108551263809204,0.07108551263809204,-0.4158180058002472,-0.4158180058002472,0.12686567164179105,0.12686567164179105,-0.979924738407135,-0.979924738407135
46_50,432,47,0.04633737727999687,0.07724198698997498,-0.2620563209056854,-0.4417378604412079,0.06716417910447761,0.12686567164179105,-0.993550717830658,-0.9810298085212708
46_50,432,48,0.05254589766263962,0.07946235686540604,-0.2623243033885956,-0.4575204849243164,0.07462686567164178,0.1417910447761194,-0.9866163730621338,-0.9839348793029785
46_50,432,49,0.05329536274075508,0.08300775289535522,-0.2623243033885956,-0.44601935148239136,0.07462686567164178,0.15671641791044777,-0.9852526783943176,-0.9838353395462036
46_50,432,50,0.056054793298244476,0.0853499099612236,-0.27868300676345825,-0.4672011435031891,0.06716417910447761,0.15671641791044777,-0.983391284942627,-0.9835031628608704
46_50,974,46,-0.030714917927980423,-0.003162810578942299,-0.1795477271080017,-0.2683957815170288,0.012345679012345678,0.037037037037037035,-0.9406670331954956,-0.8901714086532593
46_50,974,47,-0.030520014464855194,-0.003993485122919083,-0.1795477271080017,-0.2655283808708191,0.012345679012345678,0.037037037037037035,-0.9393916726112366,-0.8827406764030457
46_50,974,48,-0.0024412560742348433,-0.0024412560742348433,-0.25682857632637024,-0.25682857632637024,0.037037037037037035,0.037037037037037035,-0.8626090884208679,-0.8626090884208679
46_50,974,49,0.0021386677399277687,0.0021386677399277687,-0.2672346234321594,-0.2672346234321594,0.04938271604938271,0.04938271604938271,-0.8387564420700073,-0.8387564420700073
46_50,974,50,-0.005608547478914261,-0.005608547478914261,-0.2995929419994354,-0.2995929419994354,0.037037037037037035,0.037037037037037035,-0.8949686884880066,-0.8949686884880066
46_50,936,46,0.0008069291361607611,0.015116505324840546,-0.0902031734585762,-0.18108654022216797,0.0,0.008928571428571428,-0.7936819791793823,-0.9990410804748535
46_50,936,47,0.0008615193073637784,0.015685701742768288,-0.0902031734585762,-0.17957453429698944,0.0,0.008928571428571428,-0.7936819791793823,-0.9989894032478333
46_50,936,48,0.0008833167375996709,0.014792092144489288,-0.0902031734585762,-0.1784788817167282,0.0,0.008928571428571428,-0.7936819791793823,-0.9992615580558777
46_50,936,49,0.0009015934192575514,0.014198295772075653,-0.0902031734585762,-0.17804591357707977,0.0,0.011160714285714286,-0.7936819791793823,-0.999419093132019
46_50,936,50,0.0009212863515131176,0.013512942008674145,-0.0902031734585762,-0.17959490418434143,0.0,0.008928571428571428,-0.7936819791793823,-0.9996318221092224
46_50,2182,46,0.12986788153648376,0.12986788153648376,-0.1756523996591568,-0.1756523996591568,0.003816793893129771,0.003816793893129771,-0.9048705697059631,-0.9048705697059631
46_50,2182,47,0.13036838173866272,0.13036838173866272,-0.173080176115036,-0.173080176115036,0.011450381679389313,0.011450381679389313,-0.8915278315544128,-0.8915278315544128
46_50,2182,48,0.12878161668777466,0.12878161668777466,-0.1801477074623108,-0.1801477074623108,0.011583011583011582,0.011583011583011582,-0.8875484466552734,-0.8875484466552734
46_50,2182,49,0.12631767988204956,0.12631767988204956,-0.19221888482570648,-0.19221888482570648,0.019305019305019305,0.019305019305019305,-0.9150464534759521,-0.9150464534759521
46_50,2182,50,0.12735503911972046,0.12735503911972046,-0.19370971620082855,-0.19370971620082855,0.015444015444015444,0.015444015444015444,-0.9187476634979248,-0.9187476634979248
46_50,2514,46,0.013841962441802025,0.029163820669054985,-0.17401349544525146,-0.18922963738441467,0.0,0.010362694300518135,-0.9653398394584656,-0.9694254398345947
46_50,2514,47,0.013111837208271027,0.0299345962703228,-0.17401349544525146,-0.17695952951908112,0.0,0.010362694300518135,-0.963080108165741,-0.9622461199760437
46_50,2514,48,0.013269425369799137,0.03060799650847912,-0.18242286145687103,-0.18425846099853516,0.0,0.0051813471502590676,-0.9688631296157837,-0.9587645530700684
46_50,2514,49,0.012446741573512554,0.030662763863801956,-0.18242286145687103,-0.1823815554380417,0.0,0.0051813471502590676,-0.968622088432312,-0.9497191905975342
46_50,2514,50,0.012599179521203041,0.03050953894853592,-0.1861407458782196,-0.1954050362110138,0.0051813471502590676,0.015544041450777202,-0.9736487865447998,-0.9485511183738708
46_50,2912,46,-0.007927722297608852,0.0008009529556147754,-0.10730616748332977,-0.18591637909412384,0.0,0.010638297872340425,-0.6415923237800598,-0.7235745191574097
46_50,2912,47,-0.007677444256842136,0.0023928664159029722,-0.10730616748332977,-0.19119876623153687,0.0,0.02127659574468085,-0.6340804100036621,-0.6941996216773987
46_50,2912,48,-0.007692847400903702,0.0011786666000261903,-0.10730616748332977,-0.1759280264377594,0.0,0.010638297872340425,-0.6344392895698547,-0.73694908618927
46_50,2912,49,-0.00742674944922328,-0.0003003010351676494,-0.10730616748332977,-0.1887073814868927,0.0,0.010638297872340425,-0.6266443133354187,-0.7639424800872803
46_50,2912,50,-0.007448280695825815,0.001341541763395071,-0.10730616748332977,-0.17926481366157532,0.0,0.010638297872340425,-0.6271941065788269,-0.7143003940582275
46_50,2910,46,0.06991627812385559,0.09445899724960327,-0.11992526054382324,-0.08351124823093414,0.0,0.002,-0.6910615563392639,-0.20016872882843018
46_50,2910,47,0.06939567625522614,0.09400545060634613,-0.11992526054382324,-0.08487976342439651,0.0,0.0,-0.6971242427825928,-0.19533652067184448
46_50,2910,48,0.06797625124454498,0.0932881161570549,-0.11992526054382324,-0.08024314790964127,0.0,0.0,-0.6997401714324951,-0.1924372911453247
46_50,2910,49,0.06636789441108704,0.09148559719324112,-0.11992526054382324,-0.08492936939001083,0.0,0.0,-0.6849664449691772,-0.18934744596481323
46_50,2910,50,0.06525138765573502,0.09002815932035446,-0.11992526054382324,-0.08737057447433472,0.0,0.0,-0.6963990330696106,-0.23301094770431519
46_50,1568,46,0.026671476662158966,0.006606319919228554,-0.12872496247291565,-0.19389407336711884,0.0,0.019851116625310174,-0.9110988974571228,-0.9999914169311523
46_50,1568,47,0.02557450905442238,0.004219443071633577,-0.12872496247291565,-0.19483597576618195,0.0,0.01488833746898263,-0.9214805364608765,-0.9999973177909851
46_50,1568,48,0.024303564801812172,0.0036324637476354837,-0.1309669315814972,-0.1986563354730606,0.0024813895781637717,0.019851116625310174,-0.9392752051353455,-0.9999980330467224
46_50,1568,49,0.023555131629109383,0.0018479202408343554,-0.1309669315814972,-0.20043525099754333,0.0024813895781637717,0.022332506203473945,-0.9568399786949158,-0.9999989867210388
46_50,1568,50,0.023471150547266006,0.0020022522658109665,-0.1304013878107071,-0.2014186978340149,0.0,0.02729528535980149,-0.9707979559898376,-0.9999990463256836
46_50,2158,46,-0.06274524331092834,-0.06274524331092834,-0.5359753370285034,-0.5359753370285034,0.15584415584415584,0.15584415584415584,-0.9991128444671631,-0.9991128444671631
46_50,2158,47,-0.06084992736577988,-0.06084992736577988,-0.5402428507804871,-0.5402428507804871,0.19480519480519481,0.19480519480519481,-0.9992058277130127,-0.9992058277130127
46_50,2158,48,-0.05086461454629898,-0.05086461454629898,-0.5291780233383179,-0.5291780233383179,0.18181818181818182,0.18181818181818182,-0.9986498355865479,-0.9986498355865479
46_50,2158,49,-0.04878704994916916,-0.04878704994916916,-0.504099428653717,-0.504099428653717,0.18181818181818182,0.18181818181818182,-0.9983243346214294,-0.9983243346214294
46_50,2158,50,-0.039175812155008316,-0.039175812155008316,-0.46482548117637634,-0.46482548117637634,0.14285714285714285,0.14285714285714285,-0.9961463212966919,-0.9961463212966919
46_50,646,46,0.01218379009515047,0.08737483620643616,-0.09851159155368805,-0.10596872121095657,0.0,0.004,-0.9301894307136536,-0.5442019701004028
46_50,646,47,0.01221325434744358,0.08629743754863739,-0.09851159155368805,-0.10870327055454254,0.0,0.002,-0.9301894903182983,-0.608672559261322
46_50,646,48,0.012121873907744884,0.08522249758243561,-0.09851159155368805,-0.11267920583486557,0.0,0.004,-0.9301894307136536,-0.688387393951416
46_50,646,49,0.012075529433786869,0.08476094901561737,-0.09851159155368805,-0.11161556839942932,0.0,0.006,-0.9301894903182983,-0.7318427562713623
46_50,646,50,0.012093509547412395,0.08355861157178879,-0.09851159155368805,-0.11535969376564026,0.0,0.008,-0.9301894307136536,-0.7784959077835083
46_50,2376,46,-0.025997057557106018,-0.023218568414449692,-0.21393367648124695,-0.3322564959526062,0.013333333333333334,0.12,-0.9602588415145874,-0.9904798269271851
46_50,2376,47,-0.026585591956973076,-0.018556810915470123,-0.21393367648124695,-0.3225053548812866,0.013333333333333334,0.09333333333333334,-0.9615669846534729,-0.9897224307060242
46_50,2376,48,-0.02637598291039467,-0.013464956544339657,-0.21393367648124695,-0.33495742082595825,0.013333333333333334,0.08,-0.9621413350105286,-0.9869605302810669
46_50,2376,49,-0.026462847366929054,-0.010928425937891006,-0.21393367648124695,-0.3346695005893707,0.013333333333333334,0.09333333333333334,-0.9621413350105286,-0.9858313202857971
46_50,2376,50,-0.024388303980231285,-0.009591988287866116,-0.21393367648124695,-0.3538684844970703,0.013333333333333334,0.09333333333333334,-0.9621413350105286,-0.9879284501075745
46_50,2250,46,-0.026437923312187195,-0.009806214831769466,-0.13521209359169006,-0.18393942713737488,0.0,0.010101010101010102,-0.9642118811607361,-0.9326557517051697
46_50,2250,47,-0.030425772070884705,-0.010138892568647861,-0.09939584136009216,-0.18402738869190216,0.0,0.010101010101010102,-0.9567714929580688,-0.9357227087020874
46_50,2250,48,-0.02744913101196289,-0.008817184716463089,-0.13521209359169006,-0.18383312225341797,0.0,0.010101010101010102,-0.9652659296989441,-0.9339060187339783
46_50,2250,49,-0.02868424914777279,-0.009103306569159031,-0.13521209359169006,-0.18753646314144135,0.0,0.0,-0.9694986343383789,-0.9390201568603516
46_50,2250,50,-0.02812928706407547,-0.00909427460283041,-0.13521209359169006,-0.19469444453716278,0.0,0.010101010101010102,-0.9695057272911072,-0.9468784332275391
46_50,2990,46,0.06172250956296921,0.06172250956296921,-0.1648457944393158,-0.1648457944393158,0.009478672985781991,0.009478672985781991,-0.4755480885505676,-0.4755480885505676
46_50,2990,47,0.03169289231300354,0.0621563196182251,-0.11967377364635468,-0.16946573555469513,0.0,0.009478672985781991,-0.7640665173530579,-0.5420776009559631
46_50,2990,48,0.030301081016659737,0.060511264950037,-0.11967377364635468,-0.17372582852840424,0.0,0.009478672985781991,-0.8190609812736511,-0.48868662118911743
46_50,2990,49,0.02946712076663971,0.05758209899067879,-0.11967377364635468,-0.17992380261421204,0.0,0.009478672985781991,-0.8489201068878174,-0.5934567451477051
46_50,2990,50,0.06494080275297165,0.05759412422776222,-0.08382746577262878,-0.17991194128990173,0.0,0.009478672985781991,-0.2191902995109558,-0.6259324550628662
46_50,1354,46,0.030208848416805267,0.03365848585963249,-0.1206461563706398,-0.15397250652313232,0.0,0.0,-0.777098536491394,-0.7962191104888916
46_50,1354,47,0.0347135066986084,0.0347135066986084,-0.15156619250774384,-0.15156619250774384,0.0,0.0,-0.802391767501831,-0.802391767501831
46_50,1354,48,0.036220744252204895,0.036220744252204895,-0.15358427166938782,-0.15358427166938782,0.0,0.0,-0.8007262945175171,-0.8007262945175171
46_50,1354,49,0.03610776737332344,0.03610776737332344,-0.15675778687000275,-0.15675778687000275,0.0,0.0,-0.8254299163818359,-0.8254299163818359
46_50,1354,50,0.03555049002170563,0.0358760766685009,-0.1206461563706398,-0.15862920880317688,0.0,0.0,-0.7904382348060608,-0.8487672805786133
46_50,828,46,-0.0051272218115627766,-0.00026910373708233237,-0.12034507840871811,-0.18026232719421387,0.0,0.012345679012345678,-0.7072278261184692,-0.8231803178787231
46_50,828,47,-0.006209561135619879,-0.006209561135619879,-0.1955740749835968,-0.1955740749835968,0.024691358024691357,0.024691358024691357,-0.875081479549408,-0.875081479549408
46_50,828,48,-0.01070686150342226,-0.01070686150342226,-0.19287614524364471,-0.19287614524364471,0.024691358024691357,0.024691358024691357,-0.8889847993850708,-0.8889847993850708
46_50,828,49,-0.018058113753795624,-0.018058113753795624,-0.21646089851856232,-0.21646089851856232,0.024691358024691357,0.024691358024691357,-0.9365917444229126,-0.9365917444229126
46_50,828,50,-0.02157992124557495,-0.02157992124557495,-0.23338651657104492,-0.23338651657104492,0.037037037037037035,0.037037037037037035,-0.948695957660675,-0.948695957660675
46_50,3124,46,0.026004038751125336,0.07054933160543442,-0.08402136713266373,-0.1854812204837799,0.0,0.013513513513513514,-0.42655664682388306,-0.4444761872291565
46_50,3124,47,0.023603681474924088,0.06634463369846344,-0.08402136713266373,-0.1996859610080719,0.0,0.02027027027027027,-0.5010733604431152,-0.5195693373680115
46_50,3124,48,0.021420691162347794,0.0618448369204998,-0.08402136713266373,-0.20757344365119934,0.0,0.02702702702702703,-0.5708668231964111,-0.5663464069366455
46_50,3124,49,0.02057335153222084,0.05902497097849846,-0.08402136713266373,-0.2169012725353241,0.0,0.033783783783783786,-0.5964462757110596,-0.6130821704864502
46_50,3124,50,0.019456565380096436,0.055904556065797806,-0.08402136713266373,-0.21988272666931152,0.0,0.0472972972972973,-0.6015227437019348,-0.6935784816741943
46_50,1698,46,-0.004044733941555023,0.024518262594938278,-0.09999626874923706,-0.1724674105644226,0.0,0.014749262536873156,-0.9865553975105286,-0.8545076847076416
46_50,1698,47,-0.0033506257459521294,0.025893574580550194,-0.09999626874923706,-0.18449178338050842,0.0,0.011799410029498525,-0.9849620461463928,-0.8173964023590088
46_50,1698,48,-0.003636455861851573,0.02384532429277897,-0.09999626874923706,-0.1879609078168869,0.0,0.017699115044247787,-0.9866949915885925,-0.8550416231155396
46_50,1698,49,-0.003561090910807252,0.02434828132390976,-0.09999626874923706,-0.19987869262695312,0.0,0.017699115044247787,-0.9867055416107178,-0.8832029104232788
46_50,1698,50,-0.00378250190988183,0.024621862918138504,-0.09999626874923706,-0.19504104554653168,0.0,0.02064896755162242,-0.9864236116409302,-0.868475079536438
51_55,1482,51,0.017359092831611633,0.052480604499578476,-0.18319082260131836,-0.2528766989707947,0.00967741935483871,0.03225806451612903,-0.9987930655479431,-0.9738329648971558
51_55,1482,52,0.017416927963495255,0.053069595247507095,-0.18319082260131836,-0.25752657651901245,0.00967741935483871,0.025806451612903226,-0.9988284111022949,-0.9685092568397522
51_55,1482,53,0.017359120771288872,0.05282631516456604,-0.18319082260131836,-0.2621108889579773,0.00967741935483871,0.025806451612903226,-0.9989023804664612,-0.9617729187011719
51_55,1482,54,0.017055198550224304,0.050919897854328156,-0.18319082260131836,-0.29842349886894226,0.00967741935483871,0.03225806451612903,-0.9989549517631531,-0.9543011784553528
51_55,1482,55,0.01673842780292034,0.052014049142599106,-0.18319082260131836,-0.3184558153152466,0.00967741935483871,0.03870967741935484,-0.9990463852882385,-0.9423151612281799
51_55,1128,51,0.01887834444642067,0.01887834444642067,-0.16256600618362427,-0.16256600618362427,0.0,0.0,-0.8051280975341797,-0.8051280975341797
51_55,1128,52,0.021118219941854477,0.021118219941854477,-0.1419297456741333,-0.1419297456741333,0.0,0.0,-0.7776944637298584,-0.7776944637298584
51_55,1128,53,0.029370034113526344,0.029370034113526344,-0.12378203868865967,-0.12378203868865967,0.0,0.0,-0.6924482583999634,-0.6924482583999634
51_55,1128,54,0.035331785678863525,0.035331785678863525,-0.11093214899301529,-0.11093214899301529,0.0,0.0,-0.6465137004852295,-0.6465137004852295
51_55,1128,55,0.03853834420442581,0.03853834420442581,-0.11526064574718475,-0.11526064574718475,0.0,0.0,-0.5829503536224365,-0.5829503536224365
51_55,3368,51,0.019163062795996666,0.019163062795996666,-0.40955421328544617,-0.40955421328544617,0.1130952380952381,0.1130952380952381,-0.9999661445617676,-0.9999661445617676
51_55,3368,52,0.017406560480594635,0.017406560480594635,-0.41540268063545227,-0.41540268063545227,0.11343283582089553,0.11343283582089553,-0.9999831318855286,-0.9999831318855286
51_55,3368,53,0.016296884045004845,0.016296884045004845,-0.41501399874687195,-0.41501399874687195,0.11044776119402985,0.11044776119402985,-0.9999887347221375,-0.9999887347221375
51_55,3368,54,0.019966714084148407,0.019966714084148407,-0.40087687969207764,-0.40087687969207764,0.11343283582089553,0.11343283582089553,-0.9999741315841675,-0.9999741315841675
51_55,3368,55,0.019841454923152924,0.019841454923152924,-0.3986963927745819,-0.3986963927745819,0.11641791044776119,0.11641791044776119,-0.9999754428863525,-0.9999754428863525
51_55,4320,51,0.09456903487443924,0.12327094376087189,-0.10209692269563675,-0.1662261188030243,0.0,0.012307692307692308,-0.8544735312461853,-0.9222365617752075
51_55,4320,52,0.09330558031797409,0.12174322456121445,-0.10209692269563675,-0.16494454443454742,0.0,0.012307692307692308,-0.8220519423484802,-0.8645541667938232
51_55,4320,53,0.09871875494718552,0.12164120376110077,-0.09815811365842819,-0.16077791154384613,0.0,0.009230769230769232,-0.3013235926628113,-0.793807864189148
51_55,4320,54,0.09854815155267715,0.12316205352544785,-0.09815811365842819,-0.157790407538414,0.0,0.006153846153846154,-0.30132347345352173,-0.6630908250808716
51_55,4320,55,0.09869452565908432,0.12355396151542664,-0.09815811365842819,-0.16207832098007202,0.0,0.006153846153846154,-0.3013235926628113,-0.6469395160675049
51_55,756,51,0.0012957893777638674,0.04458516836166382,-0.2924298346042633,-0.2500017285346985,0.1171875,0.0703125,-0.999828040599823,-0.9689784049987793
51_55,756,52,0.001265388447791338,0.047144126147031784,-0.3133624494075775,-0.25867754220962524,0.1171875,0.078125,-0.9998719096183777,-0.9660449624061584
51_55,756,53,0.005022723693400621,0.05400094389915466,-0.3133624494075775,-0.26851552724838257,0.1171875,0.078125,-0.9998637437820435,-0.9618191123008728
51_55,756,54,0.009830336086452007,0.05938415974378586,-0.3060345947742462,-0.27920159697532654,0.1171875,0.0703125,-0.9997888803482056,-0.9605392813682556
51_55,756,55,0.0128751490265131,0.06220882013440132,-0.3060345947742462,-0.2880074083805084,0.1171875,0.0625,-0.999771237373352,-0.9641467928886414
51_55,3138,51,-0.0019939683843404055,0.006850807927548885,-0.11333193629980087,-0.33478042483329773,0.0,0.058,-0.9830349087715149,-0.9998492002487183
51_55,3138,52,-0.001983309630304575,0.007977663539350033,-0.11333193629980087,-0.33953505754470825,0.0,0.058,-0.9828616380691528,-0.9998598694801331
51_55,3138,53,-0.002150068525224924,0.008778976276516914,-0.11333193629980087,-0.3427288830280304,0.0,0.058,-0.9837539196014404,-0.9998820424079895
51_55,3138,54,-0.002186540514230728,0.008285644464194775,-0.11333193629980087,-0.3505408465862274,0.0,0.064,-0.9834882020950317,-0.9998807311058044
51_55,3138,55,-0.002423039870336652,0.007557237520813942,-0.11333193629980087,-0.3631112277507782,0.0,0.068,-0.9834882020950317,-0.9999076128005981
51_55,706,51,0.05099013075232506,0.10210423171520233,-0.08499062806367874,-0.14869381487369537,0.0,0.0,-0.3390692472457886,-0.3160511255264282
51_55,706,52,0.05123264715075493,0.10167248547077179,-0.08499062806367874,-0.1545572727918625,0.0,0.0,-0.33906930685043335,-0.32078057527542114
51_55,706,53,0.05283430591225624,0.10277308523654938,-0.08499062806367874,-0.15826283395290375,0.0,0.0,-0.33906930685043335,-0.34641146659851074
51_55,706,54,0.051805343478918076,0.10481715202331543,-0.08499062806367874,-0.16189643740653992,0.0,0.0,-0.3390693664550781,-0.36115992069244385
51_55,706,55,0.050192609429359436,0.10612477362155914,-0.08499062806367874,-0.1587645709514618,0.0,0.0,-0.3513081669807434,-0.3776761293411255
51_55,1232,51,0.025683553889393806,0.032335251569747925,-0.13762393593788147,-0.19329378008842468,0.0,0.022727272727272728,-0.4270280599594116,-0.4895974397659302
51_55,1232,52,0.028872232884168625,0.036425501108169556,-0.13762393593788147,-0.20151066780090332,0.0,0.022727272727272728,-0.41826915740966797,-0.500464677810669
51_55,1232,53,0.03148175776004791,0.040674880146980286,-0.13762393593788147,-0.21149858832359314,0.0,0.03409090909090909,-0.40715575218200684,-0.4829069972038269
51_55,1232,54,0.03170505911111832,0.04367928206920624,-0.13762393593788147,-0.2115923911333084,0.0,0.022727272727272728,-0.3943641185760498,-0.4635818600654602
51_55,1232,55,0.031554147601127625,0.04261161386966705,-0.13762393593788147,-0.19455085694789886,0.0,0.022727272727272728,-0.4276818633079529,-0.3745157718658447
51_55,2008,51,-0.02239535190165043,0.002577424980700016,-0.15721900761127472,-0.12164794653654099,0.0,0.0,-0.8626696467399597,-0.5373498797416687
51_55,2008,52,-0.02208293229341507,0.003962021786719561,-0.15974295139312744,-0.12880368530750275,0.0,0.0,-0.8726682662963867,-0.5314348936080933
51_55,2008,53,-0.02195308916270733,0.005572782829403877,-0.15974295139312744,-0.12523873150348663,0.0,0.0,-0.8726682662963867,-0.5273852348327637
51_55,2008,54,-0.024454312399029732,0.0050469934940338135,-0.15393345057964325,-0.12223891168832779,0.0,0.0,-0.8853526711463928,-0.5442437529563904
51_55,2008,55,-0.02669670805335045,0.0030739426147192717,-0.15393345057964325,-0.12710653245449066,0.0,0.0,-0.8942040205001831,-0.6010494828224182
51_55,2800,51,0.03345450013875961,0.06895262002944946,-0.1472242772579193,-0.23409339785575867,0.005154639175257732,0.028350515463917526,-0.9735460877418518,-0.9788975119590759
51_55,2800,52,0.034483376890420914,0.07002288103103638,-0.1472242772579193,-0.24276895821094513,0.005154639175257732,0.03350515463917526,-0.977314829826355,-0.9833829998970032
51_55,2800,53,0.035526011139154434,0.07214486598968506,-0.1472242772579193,-0.24237270653247833,0.005154639175257732,0.03350515463917526,-0.9760770797729492,-0.982450544834137
51_55,2800,54,0.03555211424827576,0.07276706397533417,-0.1472242772579193,-0.24407708644866943,0.005154639175257732,0.03608247422680412,-0.9781596660614014,-0.9837619662284851
51_55,2800,55,0.03659580647945404,0.07496283948421478,-0.1472242772579193,-0.23125317692756653,0.005154639175257732,0.03350515463917526,-0.9759186506271362,-0.9779379367828369
51_55,3232,51,0.02006831020116806,0.04439893364906311,-0.14456474781036377,-0.1908406913280487,0.0,0.007194244604316547,-0.7926360368728638,-0.6925739645957947
51_55,3232,52,0.02148313820362091,0.04608588293194771,-0.14456474781036377,-0.19291870296001434,0.0,0.007194244604316547,-0.793006420135498,-0.6996586322784424
51_55,3232,53,0.02220846712589264,0.04824425280094147,-0.14456474781036377,-0.186257466673851,0.0,0.007194244604316547,-0.79032963514328,-0.685759425163269
51_55,3232,54,0.023238670080900192,0.0498308427631855,-0.14456474781036377,-0.1834515482187271,0.0,0.014388489208633094,-0.7860488295555115,-0.6530307531356812
51_55,3232,55,0.023858437314629555,0.05250762775540352,-0.14456474781036377,-0.181758850812912,0.0,0.007194244604316547,-0.7817530632019043,-0.623856782913208
51_55,838,51,-0.01957527920603752,-0.02620566636323929,-0.24184243381023407,-0.4209381639957428,0.03614457831325301,0.13253012048192772,-0.9512489438056946,-0.9843338131904602
51_55,838,52,-0.018841424956917763,-0.023511499166488647,-0.24184243381023407,-0.41945189237594604,0.03614457831325301,0.12048192771084337,-0.952497124671936,-0.9822745323181152
51_55,838,53,-0.01654047518968582,-0.021225471049547195,-0.24184243381023407,-0.418314129114151,0.03614457831325301,0.13253012048192772,-0.9498383402824402,-0.98335862159729
51_55,838,54,-0.019167572259902954,-0.024479029700160027,-0.24184243381023407,-0.4198031425476074,0.03614457831325301,0.12048192771084337,-0.9543846249580383,-0.9875002503395081
51_55,838,55,-0.01934998296201229,-0.02046995982527733,-0.24184243381023407,-0.41538357734680176,0.03614457831325301,0.10843373493975904,-0.9565398693084717,-0.9850810766220093
51_55,3484,51,0.006194399669766426,0.006194399669766426,-0.3760286569595337,-0.3760286569595337,0.1111111111111111,0.1111111111111111,-0.915524423122406,-0.915524423122406
51_55,3484,52,0.004561008885502815,0.004561008885502815,-0.39006733894348145,-0.39006733894348145,0.08333333333333333,0.08333333333333333,-0.9157540202140808,-0.9157540202140808
51_55,3484,53,0.005508509464561939,0.005508509464561939,-0.3989122211933136,-0.3989122211933136,0.1111111111111111,0.1111111111111111,-0.8991486430168152,-0.8991486430168152
51_55,3484,54,0.011065791361033916,0.011065791361033916,-0.3907768130302429,-0.3907768130302429,0.09722222222222222,0.09722222222222222,-0.868294358253479,-0.868294358253479
51_55,3484,55,0.012686863541603088,0.012686863541603088,-0.3785950541496277,-0.3785950541496277,0.09722222222222222,0.09722222222222222,-0.8630112409591675,-0.8630112409591675
51_55,2280,51,-0.02058691903948784,-0.03688013553619385,-0.2132531851530075,-0.4022943377494812,0.020202020202020204,0.15151515151515152,-0.9692789912223816,-0.9988664984703064
51_55,2280,52,-0.01901528611779213,-0.03489977866411209,-0.2132531851530075,-0.40460705757141113,0.020202020202020204,0.1717171717171717,-0.9635813236236572,-0.9986689686775208
51_55,2280,53,-0.018603244796395302,-0.031099991872906685,-0.2132531851530075,-0.3965839445590973,0.020202020202020204,0.18181818181818182,-0.9645603895187378,-0.9981240034103394
51_55,2280,54,-0.01709746941924095,-0.029995359480381012,-0.2132531851530075,-0.3860653042793274,0.020202020202020204,0.1717171717171717,-0.9604020714759827,-0.997827410697937
51_55,2280,55,-0.016041433438658714,-0.028107652440667152,-0.2132531851530075,-0.3841588497161865,0.020202020202020204,0.13131313131313133,-0.9590000510215759,-0.997340738773346
51_55,2298,51,0.0367252416908741,0.0747731626033783,-0.13932770490646362,-0.2529637813568115,0.006493506493506494,0.032467532467532464,-0.4642285108566284,-0.8899486064910889
51_55,2298,52,0.03548874706029892,0.07057536393404007,-0.13932770490646362,-0.27188724279403687,0.006493506493506494,0.045454545454545456,-0.4642285704612732,-0.9032899141311646
51_55,2298,53,0.03574012964963913,0.07426708936691284,-0.13932770490646362,-0.2862203121185303,0.006493506493506494,0.05194805194805195,-0.4642285704612732,-0.9170980453491211
51_55,2298,54,0.03527357801795006,0.06814941018819809,-0.13932770490646362,-0.29750901460647583,0.006493506493506494,0.06493506493506493,-0.46422868967056274,-0.9361282587051392
51_55,2298,55,0.034265946596860886,0.07206665724515915,-0.13932770490646362,-0.3198762536048889,0.006493506493506494,0.08441558441558442,-0.4642285704612732,-0.9698057174682617
51_55,760,51,0.015160895884037018,0.015160895884037018,-0.21231400966644287,-0.21231400966644287,0.01675977653631285,0.01675977653631285,-0.9935402274131775,-0.9935402274131775
51_55,760,52,0.015609539113938808,0.015609539113938808,-0.21243305504322052,-0.21243305504322052,0.0223463687150838,0.0223463687150838,-0.9934386610984802,-0.9934386610984802
51_55,760,53,0.016599928960204124,0.016599928960204124,-0.20672227442264557,-0.20672227442264557,0.01675977653631285,0.01675977653631285,-0.9930562376976013,-0.9930562376976013
51_55,760,54,0.017627906054258347,0.017627906054258347,-0.2092684954404831,-0.2092684954404831,0.0223463687150838,0.0223463687150838,-0.9926577210426331,-0.9926577210426331
51_55,760,55,0.017745643854141235,0.017745643854141235,-0.21086861193180084,-0.21086861193180084,0.01675977653631285,0.01675977653631285,-0.9944316744804382,-0.9944316744804382
56_60,1660,56,0.17481975257396698,0.17481975257396698,-0.38650208711624146,-0.38650208711624146,0.13333333333333333,0.13333333333333333,-0.8149327039718628,-0.8149327039718628
56_60,1660,57,0.1838110387325287,0.1838110387325287,-0.36628827452659607,-0.36628827452659607,0.13333333333333333,0.13333333333333333,-0.8096266984939575,-0.8096266984939575
56_60,1660,58,0.1932903379201889,0.1932903379201889,-0.345417857170105,-0.345417857170105,0.1,0.1,-0.7605537176132202,-0.7605537176132202
56_60,1660,59,0.21116967499256134,0.21116967499256134,-0.34959930181503296,-0.34959930181503296,0.06666666666666667,0.06666666666666667,-0.712251603603363,-0.712251603603363
56_60,1660,60,0.21665224432945251,0.21665224432945251,-0.3298027217388153,-0.3298027217388153,0.06666666666666667,0.06666666666666667,-0.7007203102111816,-0.7007203102111816
56_60,272,56,0.017931906506419182,0.10060617327690125,-0.1618414670228958,-0.3219301998615265,0.012,0.046,-0.9996317028999329,-0.9805830121040344
56_60,272,57,0.01932722143828869,0.10149838030338287,-0.1618414670228958,-0.32184121012687683,0.012,0.04,-0.9996198415756226,-0.9858630299568176
56_60,272,58,0.020184675231575966,0.10204269737005234,-0.1618414670228958,-0.3355884850025177,0.012,0.042,-0.9995567202568054,-0.9897830486297607
56_60,272,59,0.019823480397462845,0.10174763202667236,-0.1618414670228958,-0.3376929759979248,0.012,0.044,-0.999595046043396,-0.9909591674804688
56_60,272,60,0.020549075677990913,0.10149902105331421,-0.1618414670228958,-0.3359895944595337,0.012,0.046,-0.9995858073234558,-0.991347074508667
56_60,482,56,0.011721274815499783,0.053519356995821,-0.10188103467226028,-0.22742943465709686,0.0,0.028,-0.87098628282547,-0.9999762177467346
56_60,482,57,0.00864849891513586,0.05254097655415535,-0.09949278831481934,-0.23577167093753815,0.0,0.03,-0.9995460510253906,-0.9999915957450867
56_60,482,58,0.008548401296138763,0.052776772528886795,-0.09949278831481934,-0.23073619604110718,0.0,0.032,-0.9996071457862854,-0.999989926815033
56_60,482,59,0.007734350394457579,0.05074165388941765,-0.09949278831481934,-0.24123913049697876,0.0,0.032,-0.9996182918548584,-0.9999952912330627
56_60,482,60,0.007797252852469683,0.051326896995306015,-0.09968790411949158,-0.23736396431922913,0.0,0.03,-0.9996855854988098,-0.9999969005584717
56_60,1432,56,0.014648226089775562,0.07413607090711594,-0.16554510593414307,-0.3385849893093109,0.009174311926605505,0.10091743119266056,-0.9777816534042358,-0.9852786660194397
56_60,1432,57,0.016697958111763,0.0783328041434288,-0.16554510593414307,-0.34609997272491455,0.009174311926605505,0.10091743119266056,-0.9768215417861938,-0.9845276474952698
56_60,1432,58,0.013860475271940231,0.07666978985071182,-0.16554510593414307,-0.33576273918151855,0.009174311926605505,0.09480122324159021,-0.9822533130645752,-0.9861561059951782
56_60,1432,59,0.013116891495883465,0.07696457952260971,-0.16554510593414307,-0.3285594582557678,0.009174311926605505,0.09480122324159021,-0.9802805185317993,-0.9841055274009705
56_60,1432,60,0.014927073381841183,0.08257392048835754,-0.16554510593414307,-0.3084094524383545,0.009174311926605505,0.08868501529051988,-0.980861246585846,-0.980176568031311
56_60,312,56,-0.05578577518463135,-0.03496561944484711,-0.6139273643493652,-0.695807695388794,0.14705882352941177,0.20588235294117646,-0.9583811163902283,-0.9493032693862915
56_60,312,57,-0.062461040914058685,-0.04190826788544655,-0.6139273643493652,-0.719369649887085,0.14705882352941177,0.20588235294117646,-0.9648422002792358,-0.9613932967185974
56_60,312,58,-0.03457071632146835,-0.03457071632146835,-0.7266533970832825,-0.7266533970832825,0.17647058823529413,0.17647058823529413,-0.9556240439414978,-0.9556240439414978
56_60,312,59,-0.038641780614852905,-0.038641780614852905,-0.7268410921096802,-0.7268410921096802,0.20588235294117646,0.20588235294117646,-0.960826575756073,-0.960826575756073
56_60,312,60,-0.036840975284576416,-0.036840975284576416,-0.7083207368850708,-0.7083207368850708,0.18181818181818182,0.18181818181818182,-0.9507827758789062,-0.9507827758789062
56_60,4174,56,0.05154713615775108,0.1132548600435257,-0.13244414329528809,-0.32681044936180115,0.0,0.0379746835443038,-0.6818720102310181,-0.8823334574699402
56_60,4174,57,0.056395094841718674,0.11860651522874832,-0.13244414329528809,-0.3265232443809509,0.0,0.02564102564102564,-0.6948224306106567,-0.8686199188232422
56_60,4174,58,0.05241833254694939,0.11309715360403061,-0.13244414329528809,-0.3575240671634674,0.0,0.03896103896103896,-0.7107545137405396,-0.8507615327835083
56_60,4174,59,0.03721946105360985,0.09826040267944336,-0.13244414329528809,-0.37370967864990234,0.0,0.05405405405405406,-0.725172758102417,-0.8458359837532043
56_60,4174,60,0.03857255354523659,0.10367295891046524,-0.13244414329528809,-0.35877740383148193,0.0,0.0547945205479452,-0.7251426577568054,-0.8401601314544678
56_60,2510,56,0.05986123904585838,0.08232525736093521,-0.1514292061328888,-0.24726541340351105,0.0,0.0425531914893617,-0.802118182182312,-0.5326076745986938
56_60,2510,57,0.05862145125865936,0.08316976577043533,-0.1517501175403595,-0.21986690163612366,0.0,0.010638297872340425,-0.8083971738815308,-0.4662548899650574
56_60,2510,58,0.05920083448290825,0.07950366288423538,-0.1517501175403595,-0.24803335964679718,0.0,0.02127659574468085,-0.791898250579834,-0.6108245849609375
56_60,2510,59,0.06025385856628418,0.08554090559482574,-0.1517501175403595,-0.23789501190185547,0.0,0.02127659574468085,-0.7951151728630066,-0.5021581649780273
56_60,2510,60,0.05714317411184311,0.08707217127084732,-0.2788045108318329,-0.23085904121398926,0.0425531914893617,0.031914893617021274,-0.8698534965515137,-0.589748740196228
56_60,1000,56,0.03405933454632759,0.06250317394733429,-0.16060934960842133,-0.40639013051986694,0.0,0.10191082802547771,-0.9787335991859436,-0.9898267984390259
56_60,1000,57,0.03605569154024124,0.06429097056388855,-0.16060934960842133,-0.41388291120529175,0.0,0.09554140127388536,-0.9747821688652039,-0.990173876285553
56_60,1000,58,0.03560395911335945,0.06341053545475006,-0.16060934960842133,-0.4040425419807434,0.0,0.10828025477707007,-0.9746257662773132,-0.98836749792099
56_60,1000,59,0.03219624236226082,0.05981435626745224,-0.16060934960842133,-0.3985530138015747,0.0,0.12738853503184713,-0.9758896827697754,-0.9893670082092285
56_60,1000,60,0.032686587423086166,0.06033128499984741,-0.16060934960842133,-0.40815237164497375,0.0,0.1337579617834395,-0.972541332244873,-0.986434817314148
56_60,394,56,-0.023337820544838905,0.022852562367916107,-0.17916318774223328,-0.3413870334625244,0.014285714285714285,0.11428571428571428,-0.9785903692245483,-0.9583243131637573
56_60,394,57,-0.02240387722849846,0.022486213594675064,-0.17916318774223328,-0.33917081356048584,0.014285714285714285,0.12857142857142856,-0.9791156053543091,-0.968531608581543
56_60,394,58,-0.01990874856710434,0.021275635808706284,-0.17916318774223328,-0.3338945806026459,0.014285714285714285,0.14285714285714285,-0.9781339168548584,-0.9768349528312683
56_60,394,59,-0.018970349803566933,0.027390632778406143,-0.17916318774223328,-0.3236244320869446,0.014285714285714285,0.12857142857142856,-0.9793609380722046,-0.9694942235946655
56_60,394,60,-0.01628178358078003,0.029798831790685654,-0.17916318774223328,-0.3296153247356415,0.014285714285714285,0.15714285714285714,-0.980884313583374,-0.9762222766876221
56_60,2202,56,0.010189072228968143,0.06730606406927109,-0.19535042345523834,-0.4478968381881714,0.016,0.074,-0.9982712268829346,-0.9999654293060303
56_60,2202,57,0.010565216653048992,0.06826053559780121,-0.19535042345523834,-0.4557887613773346,0.016,0.088,-0.9985055327415466,-0.9999725222587585
56_60,2202,58,0.007951063103973866,0.0687851682305336,-0.17694063484668732,-0.4354060888290405,0.016,0.082,-0.9948170185089111,-0.9998993277549744
56_60,2202,59,0.008821112103760242,0.0663607195019722,-0.17694063484668732,-0.4370312988758087,0.016,0.084,-0.9948553442955017,-0.9999078512191772
56_60,2202,60,0.007673945277929306,0.06619109958410263,-0.17694063484668732,-0.4405859708786011,0.016,0.09,-0.9957736730575562,-0.9999350309371948
56_60,2076,56,0.04732208698987961,0.04732208698987961,-0.4118638038635254,-0.4118638038635254,0.15217391304347827,0.15217391304347827,-0.9893242716789246,-0.9893242716789246
56_60,2076,57,0.050278615206480026,0.050278615206480026,-0.422508180141449,-0.422508180141449,0.17391304347826086,0.17391304347826086,-0.9906384348869324,-0.9906384348869324
56_60,2076,58,0.05591467022895813,0.05591467022895813,-0.38597291707992554,-0.38597291707992554,0.18478260869565216,0.18478260869565216,-0.9825121164321899,-0.9825121164321899
56_60,2076,59,0.060393400490283966,0.060393400490283966,-0.400564968585968,-0.400564968585968,0.18478260869565216,0.18478260869565216,-0.9867256879806519,-0.9867256879806519
56_60,2076,60,0.05936150625348091,0.05936150625348091,-0.40350574254989624,-0.40350574254989624,0.16304347826086957,0.16304347826086957,-0.9870335459709167,-0.9870335459709167
56_60,2040,56,0.02410648763179779,0.05123201757669449,-0.181502565741539,-0.20744362473487854,0.02127659574468085,0.031914893617021274,-0.9845551252365112,-0.9581002593040466
56_60,2040,57,0.024350332096219063,0.053676504641771317,-0.181502565741539,-0.20659497380256653,0.02127659574468085,0.031914893617021274,-0.9856138825416565,-0.950977623462677
56_60,2040,58,0.025230351835489273,0.05662476271390915,-0.1788448989391327,-0.20884642004966736,0.02127659574468085,0.0425531914893617,-0.9844246506690979,-0.9383817911148071
56_60,2040,59,0.02563890442252159,0.05795397236943245,-0.1788448989391327,-0.20776072144508362,0.02127659574468085,0.03723404255319149,-0.9846967458724976,-0.9255208373069763
56_60,2040,60,0.0271884985268116,0.05974365398287773,-0.17801910638809204,-0.21062128245830536,0.02127659574468085,0.047872340425531915,-0.9880632758140564,-0.9210112690925598
56_60,1392,56,0.027433445677161217,0.17447543144226074,-0.07410912215709686,-0.12687264382839203,0.0,0.0,-0.4635412096977234,-0.3280060887336731
56_60,1392,57,0.027433445677161217,0.18194036185741425,-0.07410912215709686,-0.13144879043102264,0.0,0.014285714285714285,-0.4635412096977234,-0.3426487445831299
56_60,1392,58,0.027433445677161217,0.18275892734527588,-0.07410912215709686,-0.11084119975566864,0.0,0.0,-0.4635412096977234,-0.2911301255226135
56_60,1392,59,0.027433445677161217,0.1822281926870346,-0.07410912215709686,-0.10586117953062057,0.0,0.0,-0.4635412096977234,-0.3142973780632019
56_60,1392,60,0.027433445677161217,0.1788182556629181,-0.07410912215709686,-0.08936379104852676,0.0,0.0,-0.4635412096977234,-0.2630908489227295
56_60,898,56,0.02983628399670124,0.1602163016796112,-0.15974101424217224,-0.19167672097682953,0.0,0.02702702702702703,-0.7383843660354614,-0.2885845899581909
56_60,898,57,0.029858704656362534,0.16293790936470032,-0.15974101424217224,-0.21844863891601562,0.0,0.02702702702702703,-0.7392443418502808,-0.265950083732605
56_60,898,58,0.03402120992541313,0.17308050394058228,-0.15974101424217224,-0.1939048320055008,0.0,0.02702702702702703,-0.7228488326072693,-0.26367223262786865
56_60,898,59,0.03618784248828888,0.16932986676692963,-0.15974101424217224,-0.21504053473472595,0.0,0.02702702702702703,-0.7436720132827759,-0.28844237327575684
56_60,898,60,0.03477342799305916,0.16614890098571777,-0.15974101424217224,-0.19651219248771667,0.0,0.02702702702702703,-0.7538615465164185,-0.2670888900756836
56_60,3690,56,-0.07839392125606537,-0.05939949303865433,-0.2039806842803955,-0.35920339822769165,0.027777777777777776,0.16666666666666666,-0.9512335658073425,-0.9446421265602112
56_60,3690,57,-0.07722602784633636,-0.060973867774009705,-0.2039806842803955,-0.36152470111846924,0.027777777777777776,0.16666666666666666,-0.9492930769920349,-0.9437277317047119
56_60,3690,58,-0.053235139697790146,-0.053235139697790146,-0.34647855162620544,-0.34647855162620544,0.16666666666666666,0.16666666666666666,-0.9210959672927856,-0.9210959672927856
56_60,3690,59,-0.05553504079580307,-0.05553504079580307,-0.37126028537750244,-0.37126028537750244,0.16666666666666666,0.16666666666666666,-0.9256188869476318,-0.9256188869476318
56_60,3690,60,-0.04967375099658966,-0.04967375099658966,-0.4002990126609802,-0.4002990126609802,0.1111111111111111,0.1111111111111111,-0.9095836877822876,-0.9095836877822876
56_60,426,56,0.08506245166063309,0.08506245166063309,-0.3356683850288391,-0.3356683850288391,0.04,0.04,-0.9889718890190125,-0.9889718890190125
56_60,426,57,0.0861850157380104,0.0861850157380104,-0.334331750869751,-0.334331750869751,0.044,0.044,-0.9863972663879395,-0.9863972663879395
56_60,426,58,0.08664911240339279,0.08664911240339279,-0.3333813548088074,-0.3333813548088074,0.044,0.044,-0.9836553931236267,-0.9836553931236267
56_60,426,59,0.08692333847284317,0.08692333847284317,-0.33102577924728394,-0.33102577924728394,0.04,0.04,-0.982179582118988,-0.982179582118988
56_60,426,60,0.08711407333612442,0.08711407333612442,-0.3387678861618042,-0.3387678861618042,0.046,0.046,-0.9864743947982788,-0.9864743947982788
56_60,580,56,0.018927928060293198,0.04969082772731781,-0.1549949198961258,-0.3308279514312744,0.006,0.052,-0.9934313297271729,-0.9999449253082275
56_60,580,57,0.018130796030163765,0.05131492018699646,-0.1549949198961258,-0.3241501748561859,0.006,0.052,-0.9941306710243225,-0.9998868107795715
56_60,580,58,0.01734231971204281,0.05243263021111488,-0.1549949198961258,-0.3205791115760803,0.006,0.048,-0.9946206212043762,-0.9998607635498047
56_60,580,59,0.018509486690163612,0.055117201060056686,-0.1549949198961258,-0.31987857818603516,0.006,0.044,-0.9941971898078918,-0.9998108744621277
56_60,580,60,0.019764088094234467,0.05709010362625122,-0.1549949198961258,-0.31956160068511963,0.006,0.042,-0.9949455857276917,-0.9998636245727539
56_60,3832,56,0.04101487249135971,0.04101487249135971,-0.27766111493110657,-0.27766111493110657,0.061224489795918366,0.061224489795918366,-0.6821987628936768,-0.6821987628936768
56_60,3832,57,0.03613840416073799,0.03613840416073799,-0.29316508769989014,-0.29316508769989014,0.061224489795918366,0.061224489795918366,-0.7316027879714966,-0.7316027879714966
56_60,3832,58,0.038366641849279404,0.038366641849279404,-0.2881181538105011,-0.2881181538105011,0.061224489795918366,0.061224489795918366,-0.7136156558990479,-0.7136156558990479
56_60,3832,59,0.04142015427350998,0.04142015427350998,-0.30414772033691406,-0.30414772033691406,0.061224489795918366,0.061224489795918366,-0.6710439920425415,-0.6710439920425415
56_60,3832,60,0.04607192426919937,0.04607192426919937,-0.30963659286499023,-0.30963659286499023,0.061224489795918366,0.061224489795918366,-0.6208003759384155,-0.6208003759384155
56_60,1418,56,0.011705266311764717,0.0817374587059021,-0.20239414274692535,-0.280880868434906,0.022222222222222223,0.06666666666666667,-0.9366751313209534,-0.9270567297935486
56_60,1418,57,0.011759623885154724,0.08327353000640869,-0.20239414274692535,-0.2940439283847809,0.022222222222222223,0.07407407407407407,-0.9410731196403503,-0.9187754392623901
56_60,1418,58,0.008410930633544922,0.08538670092821121,-0.20239414274692535,-0.27939051389694214,0.022222222222222223,0.06666666666666667,-0.94081711769104,-0.8976073861122131
56_60,1418,59,0.005824238993227482,0.08927786350250244,-0.20239414274692535,-0.2726610600948334,0.022222222222222223,0.05925925925925926,-0.9474881887435913,-0.8834496736526489
56_60,1418,60,0.00597843062132597,0.08857803046703339,-0.20239414274692535,-0.28037625551223755,0.022222222222222223,0.06666666666666667,-0.9466075897216797,-0.904757559299469
56_60,3926,56,0.10912933200597763,0.10912933200597763,-0.15773364901542664,-0.15773364901542664,0.0136986301369863,0.0136986301369863,-0.282808780670166,-0.282808780670166
56_60,3926,57,0.11095190793275833,0.11095190793275833,-0.15716159343719482,-0.15716159343719482,0.0136986301369863,0.0136986301369863,-0.2790391445159912,-0.2790391445159912
56_60,3926,58,0.10900348424911499,0.10900348424911499,-0.15434017777442932,-0.15434017777442932,0.0136986301369863,0.0136986301369863,-0.27483171224594116,-0.27483171224594116
56_60,3926,59,0.10533938556909561,0.10533938556909561,-0.1966947615146637,-0.1966947615146637,0.0273972602739726,0.0273972602739726,-0.38944560289382935,-0.38944560289382935
56_60,3926,60,0.10417261719703674,0.10417261719703674,-0.18196281790733337,-0.18196281790733337,0.0273972602739726,0.0273972602739726,-0.35810333490371704,-0.35810333490371704
56_60,1704,56,0.050419121980667114,0.09089888632297516,-0.1721830815076828,-0.31543853878974915,0.01507537688442211,0.09296482412060302,-0.9612523317337036,-0.9917979836463928
56_60,1704,57,0.05028272047638893,0.08724986761808395,-0.1721830815076828,-0.3197767734527588,0.015113350125944584,0.10327455919395466,-0.9643616676330566,-0.9946697354316711
56_60,1704,58,0.026682861149311066,0.08602624386548996,-0.12115504592657089,-0.3236071765422821,0.0,0.09571788413098237,-0.9053298830986023,-0.9974760413169861
56_60,1704,59,0.0267759058624506,0.08979432284832001,-0.12115504592657089,-0.3274458050727844,0.0,0.10579345088161209,-0.9149860739707947,-0.9987024664878845
56_60,1704,60,0.02640632353723049,0.09338504821062088,-0.12115504592657089,-0.33453577756881714,0.0,0.09343434343434344,-0.9174585938453674,-0.9991737604141235
56_60,1708,56,-0.004119763616472483,0.06558340787887573,-0.15227997303009033,-0.37374502420425415,0.016129032258064516,0.12903225806451613,-0.806369960308075,-0.8343416452407837
56_60,1708,57,-0.0018747879657894373,0.07131940871477127,-0.15227997303009033,-0.34918805956840515,0.016129032258064516,0.12903225806451613,-0.807625949382782,-0.8098519444465637
56_60,1708,58,-0.0026723844930529594,0.06425148993730545,-0.15227997303009033,-0.3881218135356903,0.016129032258064516,0.12903225806451613,-0.8059388399124146,-0.8341095447540283
56_60,1708,59,0.0003253469185438007,0.07695148885250092,-0.15227997303009033,-0.3898698091506958,0.016129032258064516,0.11290322580645161,-0.8048527836799622,-0.8274474143981934
56_60,1708,60,0.00346555863507092,0.08568338304758072,-0.15227997303009033,-0.4046134948730469,0.016129032258064516,0.11290322580645161,-0.8099741339683533,-0.8347010612487793
56_60,3828,56,-0.005730871576815844,0.05745379999279976,-0.12755794823169708,-0.322376549243927,0.0,0.12213740458015267,-0.9290233850479126,-0.9796200394630432
56_60,3828,57,-0.005460498854517937,0.05767529085278511,-0.12755794823169708,-0.32158198952674866,0.0,0.11877394636015326,-0.9231606721878052,-0.9819455146789551
56_60,3828,58,-0.005431434139609337,0.059988100081682205,-0.12954078614711761,-0.3330364227294922,0.0,0.12692307692307692,-0.9221472144126892,-0.9897933006286621
56_60,3828,59,-0.004621913190931082,0.061280831694602966,-0.12954078614711761,-0.32685476541519165,0.0,0.14396887159533073,-0.9016844034194946,-0.9938821792602539
56_60,3828,60,0.0026488956063985825,0.06707821041345596,-0.1367347687482834,-0.32503020763397217,0.0,0.14566929133858267,-0.8689195513725281,-0.9923790693283081
61_65,1006,61,0.14053572714328766,0.14053572714328766,-0.31116020679473877,-0.31116020679473877,0.0625,0.0625,-0.9706177115440369,-0.9706177115440369
61_65,1006,62,0.14417435228824615,0.14417435228824615,-0.3122877776622772,-0.3122877776622772,0.056818181818181816,0.056818181818181816,-0.9719853401184082,-0.9719853401184082
61_65,1006,63,0.14882779121398926,0.14882779121398926,-0.3151211142539978,-0.3151211142539978,0.06818181818181818,0.06818181818181818,-0.9740984439849854,-0.9740984439849854
61_65,1006,64,0.1495467573404312,0.1495467573404312,-0.3083604872226715,-0.3083604872226715,0.07386363636363637,0.07386363636363637,-0.9724687337875366,-0.9724687337875366
61_65,1006,65,0.15370918810367584,0.15370918810367584,-0.30880263447761536,-0.30880263447761536,0.07954545454545454,0.07954545454545454,-0.9751508235931396,-0.9751508235931396
61_65,1576,61,0.1102038249373436,0.18747060000896454,-0.20878997445106506,-0.3975837826728821,0.025735294117647058,0.10661764705882353,-0.9945221543312073,-0.9995864629745483
61_65,1576,62,0.11506260186433792,0.19407205283641815,-0.20878997445106506,-0.3991850018501282,0.025735294117647058,0.09191176470588236,-0.994642972946167,-0.9994750618934631
61_65,1576,63,0.11668179929256439,0.1991175413131714,-0.20660696923732758,-0.4070947468280792,0.022222222222222223,0.08888888888888889,-0.9944495558738708,-0.9994782209396362
61_65,1576,64,0.11928365379571915,0.20188593864440918,-0.20660696923732758,-0.41473379731178284,0.022304832713754646,0.10408921933085502,-0.9944606423377991,-0.9995851516723633
61_65,1576,65,0.20512935519218445,0.20512935519218445,-0.41250893473625183,-0.41250893473625183,0.10074626865671642,0.10074626865671642,-0.9995601177215576,-0.9995601177215576
61_65,1644,61,0.006184675265103579,0.006184675265103579,-0.2644745111465454,-0.2644745111465454,0.08641975308641975,0.08641975308641975,-0.9947231411933899,-0.9947231411933899
61_65,1644,62,0.009556612931191921,0.009556612931191921,-0.2709944248199463,-0.2709944248199463,0.06172839506172839,0.06172839506172839,-0.9896661043167114,-0.9896661043167114
61_65,1644,63,0.011560795828700066,0.011560795828700066,-0.26906701922416687,-0.26906701922416687,0.06172839506172839,0.06172839506172839,-0.9843419194221497,-0.9843419194221497
61_65,1644,64,0.012298716232180595,0.012298716232180595,-0.2706111669540405,-0.2706111669540405,0.06790123456790123,0.06790123456790123,-0.9874430298805237,-0.9874430298805237
61_65,1644,65,0.014279474504292011,0.014279474504292011,-0.2869350016117096,-0.2869350016117096,0.08024691358024691,0.08024691358024691,-0.9852569699287415,-0.9852569699287415
61_65,2620,61,0.013227823190391064,0.048914454877376556,-0.1930146962404251,-0.22832171618938446,0.022727272727272728,0.09090909090909091,-0.4978007674217224,-0.5382448434829712
61_65,2620,62,0.011467522010207176,0.04584222659468651,-0.1930146962404251,-0.2138308435678482,0.022727272727272728,0.045454545454545456,-0.5050234198570251,-0.5438035726547241
61_65,2620,63,0.01209656335413456,0.046522580087184906,-0.1930146962404251,-0.2200251668691635,0.022727272727272728,0.06818181818181818,-0.4722336530685425,-0.4824860692024231
61_65,2620,64,0.01898440532386303,0.056642964482307434,-0.1930146962404251,-0.23052537441253662,0.022727272727272728,0.06818181818181818,-0.43984872102737427,-0.5352870225906372
61_65,2620,65,0.013904806226491928,0.05276704952120781,-0.1930146962404251,-0.2548637092113495,0.022727272727272728,0.06818181818181818,-0.4232727289199829,-0.5503457188606262
61_65,3202,61,0.010606646537780762,0.045576293021440506,-0.20542097091674805,-0.2623162865638733,0.041666666666666664,0.125,-0.6730892658233643,-0.852706253528595
61_65,3202,62,-0.0006007964257150888,0.03936159610748291,-0.20542097091674805,-0.2622487246990204,0.0425531914893617,0.14893617021276595,-0.6973108053207397,-0.8637747168540955
61_65,3202,63,-0.0015215591993182898,0.03836819902062416,-0.20542097091674805,-0.2534591853618622,0.043478260869565216,0.17391304347826086,-0.7128273248672485,-0.8503057360649109
61_65,3202,64,-0.002557039028033614,0.037345029413700104,-0.20542097091674805,-0.25832951068878174,0.043478260869565216,0.15217391304347827,-0.7110674381256104,-0.8471684455871582
61_65,3202,65,0.0012790830805897713,0.0437735915184021,-0.20542097091674805,-0.24057908356189728,0.044444444444444446,0.13333333333333333,-0.681792140007019,-0.8033155202865601
61_65,540,61,0.028989776968955994,0.10569459199905396,-0.21841424703598022,-0.3790299594402313,0.026,0.106,-0.9887447357177734,-0.9960793852806091
61_65,540,62,0.03507373481988907,0.09275665134191513,-0.19923235476016998,-0.43818050622940063,0.02,0.108,-0.9845185279846191,-0.9999643564224243
61_65,540,63,0.024920621886849403,0.08556278795003891,-0.21547569334506989,-0.44453495740890503,0.022,0.104,-0.9988992214202881,-0.9999852180480957
61_65,540,64,0.03852681815624237,0.08820223808288574,-0.2248045802116394,-0.45757460594177246,0.028,0.116,-0.9809006452560425,-0.9999968409538269
61_65,540,65,0.02608317881822586,0.08916798233985901,-0.22941924631595612,-0.4540996551513672,0.028,0.108,-0.9998065829277039,-0.9999720454216003
61_65,1010,61,0.10904736071825027,0.15659597516059875,-0.2906007170677185,-0.26456382870674133,0.03571428571428571,0.026785714285714284,-0.8337763547897339,-0.6474118232727051
61_65,1010,62,0.11111946403980255,0.15664835274219513,-0.2846234142780304,-0.25470149517059326,0.026785714285714284,0.026785714285714284,-0.8139009475708008,-0.6662203073501587
61_65,1010,63,0.11881404370069504,0.1636679470539093,-0.2846234142780304,-0.27774256467819214,0.026785714285714284,0.026785714285714284,-0.7938953638076782,-0.6964367628097534
61_65,1010,64,0.1256556361913681,0.16678012907505035,-0.2862725257873535,-0.2880440652370453,0.03571428571428571,0.026785714285714284,-0.7916291952133179,-0.7623576521873474
61_65,1010,65,0.13158293068408966,0.1720949113368988,-0.2862725257873535,-0.3316245377063751,0.036036036036036036,0.02702702702702703,-0.7969659566879272,-0.8516884446144104
61_65,1008,61,0.07413247227668762,0.11332783848047256,-0.076131172478199,-0.13569073379039764,0.0,0.018867924528301886,-0.12892240285873413,-0.23066872358322144
61_65,1008,62,0.07602059096097946,0.11622338742017746,-0.076131172478199,-0.12893204391002655,0.0,0.018867924528301886,-0.13983386754989624,-0.21213841438293457
61_65,1008,63,0.07802359759807587,0.12253595888614655,-0.076131172478199,-0.0990375280380249,0.0,0.0,-0.13983356952667236,-0.13896769285202026
61_65,1008,64,0.08162929117679596,0.1350431740283966,-0.076131172478199,-0.10047177225351334,0.0,0.0,-0.12648802995681763,-0.15163791179656982
61_65,1008,65,0.08695252239704132,0.14122919738292694,-0.076131172478199,-0.11340171098709106,0.0,0.0,-0.1264880895614624,-0.19440007209777832
61_65,2574,61,0.05335191637277603,0.05335191637277603,-0.6031730771064758,-0.6031730771064758,0.07920792079207921,0.07920792079207921,-0.9914262890815735,-0.9914262890815735
61_65,2574,62,0.05778126046061516,0.05778126046061516,-0.6153542399406433,-0.6153542399406433,0.07920792079207921,0.07920792079207921,-0.9911356568336487,-0.9911356568336487
61_65,2574,63,0.05489807948470116,0.05489807948470116,-0.6007686257362366,-0.6007686257362366,0.09900990099009901,0.09900990099009901,-0.9900981783866882,-0.9900981783866882
61_65,2574,64,0.05902815982699394,0.05902815982699394,-0.5898454785346985,-0.5898454785346985,0.0891089108910891,0.0891089108910891,-0.9875205755233765,-0.9875205755233765
61_65,2574,65,0.06310664117336273,0.06310664117336273,-0.6005906462669373,-0.6005906462669373,0.09,0.09,-0.9867673516273499,-0.9867673516273499
61_65,3874,61,0.010090730153024197,0.05615335330367088,-0.15933452546596527,-0.28995999693870544,0.011019283746556474,0.0881542699724518,-0.9994677305221558,-0.9997947216033936
61_65,3874,62,0.012948228977620602,0.06109980493783951,-0.15933452546596527,-0.28544795513153076,0.011019283746556474,0.08264462809917356,-0.9994593858718872,-0.9995262026786804
61_65,3874,63,0.011798538267612457,0.062168583273887634,-0.15933452546596527,-0.28028202056884766,0.011019283746556474,0.08264462809917356,-0.999527633190155,-0.9992803931236267
61_65,3874,64,0.01239177118986845,0.06514663249254227,-0.15933452546596527,-0.28273481130599976,0.011019283746556474,0.07988980716253444,-0.9994286298751831,-0.9983068108558655
61_65,3874,65,0.012043267488479614,0.06565085053443909,-0.15933452546596527,-0.2845393121242523,0.011019283746556474,0.07988980716253444,-0.9994367957115173,-0.9976770281791687
61_65,1478,61,-0.014205574989318848,0.024644430726766586,-0.15718865394592285,-0.44153404235839844,0.0,0.1276595744680851,-0.7081857919692993,-0.8776592016220093
61_65,1478,62,-0.011646467261016369,0.018494978547096252,-0.15718865394592285,-0.4587487280368805,0.0,0.14893617021276595,-0.6959553360939026,-0.8867810964584351
61_65,1478,63,-0.01304643601179123,0.021553343161940575,-0.15718865394592285,-0.4449359178543091,0.0,0.19148936170212766,-0.7089084386825562,-0.879946231842041
61_65,1478,64,-0.011128965765237808,0.024571038782596588,-0.15718865394592285,-0.46893584728240967,0.0,0.23404255319148937,-0.6643663644790649,-0.8994978666305542
61_65,1478,65,-0.00977467093616724,0.019138500094413757,-0.15718865394592285,-0.4715907573699951,0.0,0.1956521739130435,-0.6658872365951538,-0.8980496525764465
61_65,558,61,0.009274137206375599,0.06659360975027084,-0.18174833059310913,-0.34392207860946655,0.008,0.07,-0.9934048652648926,-0.9914565086364746
61_65,558,62,0.01156972162425518,0.06769929826259613,-0.18174833059310913,-0.35216131806373596,0.008,0.066,-0.9937148690223694,-0.9919376373291016
61_65,558,63,0.021027497947216034,0.0670175701379776,-0.21268202364444733,-0.3593714237213135,0.016,0.072,-0.9935176968574524,-0.9919037222862244
61_65,558,64,0.020889095962047577,0.07007239758968353,-0.2149665206670761,-0.35440388321876526,0.016,0.074,-0.9953981637954712,-0.9924971461296082
61_65,558,65,0.019796812906861305,0.06656338274478912,-0.19510924816131592,-0.31537961959838867,0.016,0.066,-0.9947154521942139,-0.9871596693992615
61_65,3168,61,0.1159798800945282,0.1159798800945282,-0.2772350311279297,-0.2772350311279297,0.07476635514018691,0.07476635514018691,-0.8668372631072998,-0.8668372631072998
61_65,3168,62,0.12181416898965836,0.12181416898965836,-0.27573513984680176,-0.27573513984680176,0.09345794392523364,0.09345794392523364,-0.8758605122566223,-0.8758605122566223
61_65,3168,63,0.12802520394325256,0.12802520394325256,-0.26260778307914734,-0.26260778307914734,0.08411214953271028,0.08411214953271028,-0.8717243075370789,-0.8717243075370789
61_65,3168,64,0.13303227722644806,0.13303227722644806,-0.2588299810886383,-0.2588299810886383,0.07547169811320754,0.07547169811320754,-0.8578178882598877,-0.8578178882598877
61_65,3168,65,0.1334400773048401,0.1334400773048401,-0.2693835198879242,-0.2693835198879242,0.09615384615384616,0.09615384615384616,-0.8675050735473633,-0.8675050735473633
61_65,586,61,0.06471068412065506,0.0868961438536644,-0.13192148506641388,-0.2198658287525177,0.0,0.031331592689295036,-0.8319271206855774,-0.9694308638572693
61_65,586,62,0.06292552500963211,0.08352471143007278,-0.13192148506641388,-0.22481289505958557,0.0,0.033942558746736295,-0.8559554815292358,-0.9702288508415222
61_65,586,63,0.0611141100525856,0.08004038780927658,-0.13368049263954163,-0.22935199737548828,0.0,0.0391644908616188,-0.8877049684524536,-0.9856103658676147
61_65,586,64,0.06195920333266258,0.08252999931573868,-0.13368049263954163,-0.22938990592956543,0.0,0.044386422976501305,-0.8229389190673828,-0.9598616361618042
61_65,586,65,0.06319558620452881,0.08417948335409164,-0.13368049263954163,-0.2291589230298996,0.0,0.04177545691906005,-0.8470889329910278,-0.895233154296875
61_65,3656,61,0.05660482496023178,0.05660482496023178,-0.3174952268600464,-0.3174952268600464,0.14285714285714285,0.14285714285714285,-0.9613566994667053,-0.9613566994667053
61_65,3656,62,0.057819727808237076,0.057819727808237076,-0.32504403591156006,-0.32504403591156006,0.14285714285714285,0.14285714285714285,-0.9626637101173401,-0.9626637101173401
61_65,3656,63,0.054891958832740784,0.054891958832740784,-0.3417171537876129,-0.3417171537876129,0.15714285714285714,0.15714285714285714,-0.9650214910507202,-0.9650214910507202
61_65,3656,64,0.048423077911138535,0.048423077911138535,-0.3691709339618683,-0.3691709339618683,0.17142857142857143,0.17142857142857143,-0.9713080525398254,-0.9713080525398254
61_65,3656,65,0.04795214906334877,0.04795214906334877,-0.3753587007522583,-0.3753587007522583,0.17142857142857143,0.17142857142857143,-0.9728478789329529,-0.9728478789329529
61_65,2992,61,0.046937260776758194,0.046937260776758194,-0.4561246633529663,-0.4561246633529663,0.1,0.1,-0.9999897480010986,-0.9999897480010986
61_65,2992,62,0.04836547374725342,0.04836547374725342,-0.46345576643943787,-0.46345576643943787,0.104,0.104,-0.9999924898147583,-0.9999924898147583
61_65,2992,63,0.04553598538041115,0.04553598538041115,-0.47300204634666443,-0.47300204634666443,0.106,0.106,-0.9999951124191284,-0.9999951124191284
61_65,2992,64,0.04580026865005493,0.04580026865005493,-0.474168062210083,-0.474168062210083,0.106,0.106,-0.9999944567680359,-0.9999944567680359
61_65,2992,65,0.044213760644197464,0.044213760644197464,-0.48067009449005127,-0.48067009449005127,0.102,0.102,-0.9999914169311523,-0.9999914169311523
61_65,1732,61,-0.03394755721092224,0.006157251540571451,-0.28346651792526245,-0.4018557071685791,0.06565656565656566,0.15656565656565657,-1.0,-0.9999904632568359
61_65,1732,62,-0.03727313131093979,0.008933302946388721,-0.2677336633205414,-0.40788501501083374,0.053164556962025315,0.1518987341772152,-1.0,-0.9999862313270569
61_65,1732,63,-0.03825343772768974,0.009330688044428825,-0.2677336633205414,-0.40864261984825134,0.053164556962025315,0.1620253164556962,-1.0,-0.9999820590019226
61_65,1732,64,-0.038171105086803436,0.009488810785114765,-0.2677336633205414,-0.4170765280723572,0.053164556962025315,0.15443037974683543,-1.0,-0.9999834299087524
61_65,1732,65,-0.037701670080423355,0.009993416257202625,-0.28346651792526245,-0.4238612651824951,0.06582278481012659,0.1518987341772152,-1.0,-0.999977707862854
61_65,1044,61,0.01944928988814354,0.09570343792438507,-0.15832895040512085,-0.3916791081428528,0.014,0.09,-0.9995595812797546,-0.9995042681694031
61_65,1044,62,0.013933422043919563,0.09029380977153778,-0.16446037590503693,-0.36550748348236084,0.008,0.074,-0.9977203607559204,-0.9989401698112488
61_65,1044,63,0.017834920436143875,0.08679934591054916,-0.19200563430786133,-0.35091498494148254,0.012,0.076,-0.9987896680831909,-0.9960048794746399
61_65,1044,64,0.02527446299791336,0.09709089994430542,-0.17495831847190857,-0.3802887201309204,0.012,0.09,-0.997978687286377,-0.9997726678848267
61_65,1044,65,0.012049726210534573,0.08632106333971024,-0.18939965963363647,-0.37744200229644775,0.018,0.09,-0.999923050403595,-0.9998080730438232
61_65,2906,61,0.028415622189641,0.028415622189641,-0.47831353545188904,-0.47831353545188904,0.07106598984771574,0.07106598984771574,-0.9996582269668579,-0.9996582269668579
61_65,2906,62,0.030070781707763672,0.030070781707763672,-0.4777641296386719,-0.4777641296386719,0.07614213197969544,0.07614213197969544,-0.9995744824409485,-0.9995744824409485
61_65,2906,63,0.03163661062717438,0.03163661062717438,-0.46691542863845825,-0.46691542863845825,0.08121827411167512,0.08121827411167512,-0.9993454217910767,-0.9993454217910767
61_65,2906,64,0.0319860503077507,0.0319860503077507,-0.4571992754936218,-0.4571992754936218,0.07888040712468193,0.07888040712468193,-0.9992917776107788,-0.9992917776107788
61_65,2906,65,0.03084244206547737,0.03084244206547737,-0.45116138458251953,-0.45116138458251953,0.07908163265306123,0.07908163265306123,-0.9993246793746948,-0.9993246793746948
61_65,458,61,0.17368672788143158,0.17368672788143158,-0.36255887150764465,-0.36255887150764465,0.102,0.102,-0.9843980669975281,-0.9843980669975281
61_65,458,62,0.1893744170665741,0.1893744170665741,-0.3700336813926697,-0.3700336813926697,0.12,0.12,-0.989500880241394,-0.989500880241394
61_65,458,63,0.17765845358371735,0.17765845358371735,-0.3853040635585785,-0.3853040635585785,0.132,0.132,-0.983546257019043,-0.983546257019043
61_65,458,64,0.17323574423789978,0.17323574423789978,-0.3909229338169098,-0.3909229338169098,0.122,0.122,-0.9904151558876038,-0.9904151558876038
61_65,458,65,0.16649499535560608,0.16649499535560608,-0.3972976803779602,-0.3972976803779602,0.144,0.144,-0.9935891032218933,-0.9935891032218933
61_65,1952,61,0.1321268230676651,0.1321268230676651,-0.26532694697380066,-0.26532694697380066,0.07194244604316546,0.07194244604316546,-0.9224399924278259,-0.9224399924278259
61_65,1952,62,0.151018425822258,0.151018425822258,-0.26135528087615967,-0.26135528087615967,0.072992700729927,0.072992700729927,-0.9296953678131104,-0.9296953678131104
61_65,1952,63,0.1618616282939911,0.1618616282939911,-0.25956690311431885,-0.25956690311431885,0.07352941176470588,0.07352941176470588,-0.9234238862991333,-0.9234238862991333
61_65,1952,64,0.16599732637405396,0.16599732637405396,-0.2524591386318207,-0.2524591386318207,0.0661764705882353,0.0661764705882353,-0.912774920463562,-0.912774920463562
61_65,1952,65,0.16661517322063446,0.16661517322063446,-0.25287917256355286,-0.25287917256355286,0.058823529411764705,0.058823529411764705,-0.9137886762619019,-0.9137886762619019
61_65,574,61,0.015759527683258057,0.07626800239086151,-0.1942756026983261,-0.39135506749153137,0.014,0.06,-0.9994199275970459,-0.9999406933784485
61_65,574,62,0.009177072905004025,0.07913745194673538,-0.20360328257083893,-0.3769008219242096,0.016,0.052,-0.9998384118080139,-0.9999191164970398
61_65,574,63,0.07138525694608688,0.07138525694608688,-0.3423740267753601,-0.3423740267753601,0.054,0.054,-0.999835729598999,-0.999835729598999
61_65,574,64,0.06143929809331894,0.06143929809331894,-0.359076589345932,-0.359076589345932,0.07,0.07,-0.9998895525932312,-0.9998895525932312
61_65,574,65,0.06395015120506287,0.06395015120506287,-0.33515632152557373,-0.33515632152557373,0.072,0.072,-0.9998919367790222,-0.9998919367790222
