offspring_id,side,genome_hash,parent_indices,families,ev_net,lcb95,effective_n,best_horizon,positive_fraction,positive_run,positive_count,horizon_count,median_positive_ev,n_best,cvar5_best,lcb_positive_count,horizon_63_ev,pareto_front,overall_priority
597,LONG,4c87f38e9acdd4650ecc518213f2dbd2a36b6a5afd86cf1868aa35b4c874a048,"[1660, 426]","['MEAN_REVERSION', 'RELATIVE_CROSS_SECTIONAL', 'VOLATILITY']",0.45070210099220276,0.13006925370147604,59,63,1.0,9,9,9,0.04494228959083557,263,-0.4577178359031677,6,0.45070210099220276,1,1
766,LONG,894f9e8142eef160f63593d41831dcd87d5647eaaf22fd15726eb329b1b47d9a,"[1660, 954]","['MEAN_REVERSION', 'RELATIVE_CROSS_SECTIONAL', 'VOLATILITY']",0.33028674125671387,0.16822780301446652,94,63,0.8888888888888888,8,8,9,0.06114024110138416,998,-0.46984922885894775,8,0.33028674125671387,1,2
1162,LONG,104713ecc99f6f6b56fa6184fbb6a5ce3df70f7f8eac727cf7eb9deda2c1a299,"[1006, 1532]","['MARKET_REGIME_STRUCTURE', 'MEAN_REVERSION', 'MOMENTUM']",0.16460993885993958,0.12249674475175887,105,63,0.8888888888888888,8,8,9,0.02628863137215376,419,-0.2401885986328125,6,0.16460993885993958,2,3
628,LONG,e13219929e243e6bfec40583cd064b9816f723f4c3c573c41219f086f5ff148c,"[3202, 2733]","['MARKET_REGIME_STRUCTURE', 'MEAN_REVERSION', 'RELATIVE_CROSS_SECTIONAL', 'VOLUME_LIQUIDITY']",0.18439257144927979,0.09872771411798048,101,63,0.8888888888888888,8,8,9,0.04147737845778465,891,-0.5845630764961243,6,0.18439257144927979,2,4
1122,LONG,29e6f29e4085a7a09a909bbe4ef746f1d7a6087b53ef3815f366eda5b981bc8d,"[2906, 4078]","['BREAKOUT', 'MARKET_REGIME_STRUCTURE', 'RELATIVE_CROSS_SECTIONAL', 'VOLATILITY']",0.24069514870643616,0.06605945938977062,60,63,0.8888888888888888,8,8,9,0.04129630606621504,251,-0.5131465196609497,4,0.24069514870643616,2,5
23,LONG,b9741537fe0882f08ec2758b292f23c06c0a845c017c94f9546d517518acac33,"[1006, 1648]","['MARKET_REGIME_STRUCTURE', 'MEAN_REVERSION', 'MOMENTUM']",0.189620241522789,0.13570160114837326,71,63,0.7777777777777778,7,7,9,0.03576025366783142,795,-0.2357604205608368,6,0.189620241522789,2,6
935,LONG,bb71637e896c514fd2366a4b100aa74e254f2a14a2a6d906d6b8e651ec5a112b,"[1140, 426]","['BREAKOUT', 'MEAN_REVERSION', 'TREND']",0.2697206735610962,0.12065597689690297,110,63,0.7777777777777778,7,7,9,0.012044747360050678,342,-0.22938326001167297,3,0.2697206735610962,2,7
765,LONG,b6ed0a2db057180f4d53edd44a627ca5299dc9c712107c9530be651ac7b56b01,"[1660, 1294]","['MEAN_REVERSION', 'RELATIVE_CROSS_SECTIONAL', 'VOLATILITY']",0.2994321882724762,0.05996317410547872,40,63,0.6666666666666666,6,6,9,0.10203832760453224,212,-0.5818256139755249,3,0.2994321882724762,2,8
1010,LONG,0381f630ca72d34f4aca9a8297f20148c6fb2929905d22a6430314db1666ca37,"[586, 638]","['MARKET_REGIME_STRUCTURE', 'MEAN_REVERSION', 'VOLATILITY']",0.14794063568115234,0.10244992271848027,197,63,0.8888888888888888,8,8,9,0.03925807401537895,1063,-0.4124297499656677,8,0.14794063568115234,3,9
335,LONG,2d2eba03e52813b5edc511e03e529143811fe1fb19843af6e27b794e1c5ad802,"[2992, 1034]","['MARKET_REGIME_STRUCTURE', 'MEAN_REVERSION', 'TREND', 'VOLATILITY']",0.15972380340099335,0.05168566564135138,87,63,0.8888888888888888,8,8,9,0.03223012760281563,229,-0.4690076410770416,6,0.15972380340099335,3,10
590,LONG,397130bccd484f979eeee95483cbca97c25ce9718cf45e30663e27bf1ec88859,"[1482, 2720]","['MEAN_REVERSION', 'TREND']",0.15616187453269958,0.11152706867190895,190,63,0.7777777777777778,7,7,9,0.021719465032219887,1320,-0.40827876329421997,5,0.15616187453269958,3,11
984,LONG,3ed02d1230ecae1bdb1952d9505e6570cdf3a331e42c19d1f172eac32f33a822,"[1440, 2770]","['MEAN_REVERSION', 'TREND', 'VOLATILITY']",0.19564887881278992,0.10745059348722742,116,63,0.7777777777777778,7,7,9,0.0354788601398468,443,-0.5628309845924377,3,0.19564887881278992,3,12
258,LONG,4c1ecc4b051bce1f115a14978808c28739f491c823259c08584024757c48f85f,"[1006, 3158]","['MARKET_REGIME_STRUCTURE', 'MEAN_REVERSION', 'MOMENTUM']",0.17400264739990234,0.12589868217854605,66,63,0.6666666666666666,6,6,9,0.02610605489462614,462,-0.23146222531795502,5,0.17400264739990234,3,13
237,LONG,5eee88194d4407eedca9753babef5664aaad91be26b3ec009899becf50884a00,"[586, 172]","['MARKET_REGIME_STRUCTURE', 'MEAN_REVERSION', 'MOMENTUM']",0.11285783350467682,0.07870469701267627,299,63,0.8888888888888888,8,8,9,0.03565041720867157,1236,-0.38037216663360596,8,0.11285783350467682,4,14
310,LONG,825ca0e065504f30ea761d1c6a119e15c97335569bfc2c506e2d377b235d4fb9,"[3202, 668]","['MARKET_REGIME_STRUCTURE', 'MEAN_REVERSION', 'RELATIVE_CROSS_SECTIONAL', 'VOLUME_LIQUIDITY']",0.11934083700180054,0.0680064179730677,162,63,0.8888888888888888,8,8,9,0.0304889352992177,1725,-0.5846374034881592,6,0.11934083700180054,4,15
449,LONG,d29d873ebf3ed0b4874de2ffe6a0c12d23b89e04ce41965777d062aa66b026d1,"[1660, 564]","['MEAN_REVERSION', 'RELATIVE_CROSS_SECTIONAL', 'VOLATILITY']",0.12534099817276,0.05661464312602078,114,63,0.8888888888888888,8,8,9,0.03786691650748253,317,-0.4858672320842743,5,0.12534099817276,4,16
308,LONG,0467cf50393d1024ce739d169d442ea9e8fc8bbd642c6ccb4614160c24883d32,"[1522, 394]","['RELATIVE_CROSS_SECTIONAL', 'TREND', 'VOLATILITY']",0.1516009122133255,0.10345132430178977,56,63,0.7777777777777778,7,7,9,0.024882938712835312,408,-0.25982430577278137,4,0.1516009122133255,4,17
644,LONG,0df3a46a2092bf3ea36c39e6442fe3d14f7baecaf793246b82a735cf4aff7394,"[646, 2356]","['MARKET_REGIME_STRUCTURE', 'VOLATILITY']",0.1644274890422821,0.09903829584503396,307,63,0.7777777777777778,7,7,9,0.02633049339056015,6363,-0.5723714232444763,6,0.1644274890422821,4,18
434,LONG,2f64c32cb7237fa5a202bf7e03d1b12c67e29e25f256fc556ee65d8ab40eaa9a,"[1140, 2906]","['BREAKOUT', 'MEAN_REVERSION']",0.17257104814052582,0.0791127782950907,253,63,0.7777777777777778,7,7,9,0.006721243262290955,503,-0.2609386444091797,3,0.17257104814052582,4,19
265,LONG,2ee141ce282453d4254c11307f646eed46810051829bfb111bcfee87087e48a0,"[626, 4298]","['RELATIVE_CROSS_SECTIONAL', 'VOLATILITY']",0.19288167357444763,0.06531988929144286,77,63,0.7777777777777778,7,7,9,0.059543441981077194,819,-0.5785553455352783,5,0.19288167357444763,4,20
592,LONG,6d2f84788d647f5b92463bc4907b15300bf05d499fda4020193e4daeecefd071,"[1130, 3662]","['MARKET_REGIME_STRUCTURE', 'MOMENTUM', 'RELATIVE_CROSS_SECTIONAL']",0.16788087785243988,0.09522827868102168,39,63,0.6666666666666666,6,6,9,0.021650593262165785,603,-0.40366238355636597,3,0.16788087785243988,4,21
1170,LONG,b7215691ad2458621afb65eddf98b9a0817582be3a196451f7fee09631647d98,"[1660, 2340]","['RELATIVE_CROSS_SECTIONAL', 'VOLATILITY']",0.18692763149738312,0.07600374238310063,72,63,0.6666666666666666,6,6,9,0.05707000754773617,861,-0.43978217244148254,5,0.18692763149738312,4,22
818,LONG,cf8457a18451f8db8c1504c1981e6f2763f6beb21f6984b25827c5ee223e0d4d,"[1392, 2630]","['BREAKOUT', 'RELATIVE_CROSS_SECTIONAL', 'VOLUME_LIQUIDITY']",0.13853949308395386,0.1063945686238495,429,63,0.4444444444444444,4,4,9,0.024874474853277206,1723,-0.410509318113327,3,0.13853949308395386,4,23
803,LONG,6c6f2ca982652f3289a2caf04f10ac8818be6aa5a91c06d24bb404a2d0356103,"[586, 458]","['MARKET_REGIME_STRUCTURE', 'MEAN_REVERSION', 'VOLATILITY']",0.10701922327280045,0.06024111161218022,177,63,0.8888888888888888,8,8,9,0.032677617855370045,578,-0.38650500774383545,7,0.10701922327280045,5,24
588,LONG,d90d5c49a0b1cfa75193a90100540f8f7d20cbe534ac2d33891fdb71fe7497c6,"[646, 2358]","['MARKET_REGIME_STRUCTURE', 'VOLATILITY']",0.16305838525295258,0.09445257563376584,280,63,0.7777777777777778,7,7,9,0.028579697012901306,6363,-0.6119707822799683,6,0.16305838525295258,5,25
428,LONG,de1f453a9df14f491b25a55beb29a809a0c27d06d62844b23863d05f601558ae,"[4320, 2358]","['RELATIVE_CROSS_SECTIONAL', 'TREND', 'VOLATILITY', 'VOLUME_LIQUIDITY']",0.1553470939397812,0.09776320879629538,148,63,0.6666666666666666,6,6,9,0.03056922648102045,788,-0.4777633249759674,5,0.1553470939397812,5,26
142,LONG,04cec19c16e72bf4316a6e248c963010beded7dc73af99d98cca0aef4b157244,"[1482, 602]","['MEAN_REVERSION', 'RELATIVE_CROSS_SECTIONAL', 'TREND']",0.16019096970558167,0.09637814581894803,224,63,0.6666666666666666,6,6,9,0.019165420904755592,1224,-0.44077929854393005,3,0.16019096970558167,5,27
884,LONG,31d8685d748d1d680cac36ed5053b7cdfaa6c84d0414c43e41100cd1149290dc,"[428, 2906]","['BREAKOUT', 'MEAN_REVERSION', 'TREND']",0.16363999247550964,0.07896356165956721,124,63,0.3333333333333333,3,3,9,0.0064940256997942924,367,-0.31075960397720337,1,0.16363999247550964,5,28
1025,LONG,b682e9bc9d15088ac0e8d2d15e3754f5acb29a80194590f3f003603c8c7f3d5b,"[330, 1532]","['BREAKOUT', 'MEAN_REVERSION', 'VOLATILITY']",0.10241789370775223,0.057799276111415845,239,63,0.8888888888888888,8,8,9,0.023300420492887497,551,-0.48234227299690247,7,0.10241789370775223,6,29
800,LONG,b47aead1603804125678e7e810993decefb9d9b0630a8c4ae2d0bc3f9ef05927,"[2572, 430]","['BREAKOUT', 'MEAN_REVERSION', 'TREND', 'VOLUME_LIQUIDITY']",0.10274418443441391,0.04490744366918636,154,63,0.8888888888888888,8,8,9,0.018247633241117,247,-0.5222907662391663,1,0.10274418443441391,6,30
1019,LONG,1eb130bb01fc4948500cc50e6d48e2d9481d649a59383641ec62f145354d3972,"[2340, 1120]","['MEAN_REVERSION', 'MOMENTUM', 'VOLATILITY', 'VOLUME_LIQUIDITY']",0.10361896455287933,0.004134840494068356,80,63,0.8888888888888888,8,8,9,0.03481250815093517,213,-0.617723822593689,2,0.10361896455287933,6,31
677,LONG,6bc5cf74d1d54080ca429fc1fde3faf126652e4ee9a03ca2b6d4b087498342d3,"[2262, 1006]","['MARKET_REGIME_STRUCTURE', 'MOMENTUM', 'TREND', 'VOLATILITY']",0.15285423398017883,0.09442795077801228,43,63,0.7777777777777778,7,7,9,0.02189238741993904,370,-0.14264219999313354,4,0.15285423398017883,6,32
67,LONG,84687adb39117cdb402073625c7c9c4ebd1049245d3d62e7098cc5e00798e385,"[2202, 646]","['MARKET_REGIME_STRUCTURE', 'MEAN_REVERSION', 'MOMENTUM', 'TREND']",0.15714985132217407,0.08962236906415708,285,63,0.7777777777777778,7,7,9,0.027782080695033073,4665,-0.5787001252174377,6,0.15714985132217407,6,33
694,LONG,2f05bccdfcd6308a4e98aa4d6a528762a5607222210ace180602b97339481cc2,"[216, 1482]","['MEAN_REVERSION', 'MOMENTUM']",0.14214619994163513,0.09568984537456163,312,63,0.6666666666666666,6,6,9,0.01934739202260971,6684,-0.5535361170768738,5,0.14214619994163513,6,34
1160,LONG,7154348c117f2f642f148a9e41186dc3901880f16526f2fce030bf2c9958aad8,"[2234, 1426]","['MOMENTUM', 'RELATIVE_CROSS_SECTIONAL', 'TREND', 'VOLATILITY', 'VOLUME_LIQUIDITY']",0.09723705053329468,0.037526064570713794,200,63,0.8888888888888888,8,8,9,0.03383713588118553,691,-0.6020148992538452,6,0.09723705053329468,7,35
192,LONG,017a6ffea3683d64aa1bda779fe86244826df34dbf4a1a7d9e7b3142c04f93a6,"[2340, 310]","['MEAN_REVERSION', 'MOMENTUM', 'VOLATILITY', 'VOLUME_LIQUIDITY']",0.09812495112419128,0.026242767328369138,158,63,0.8888888888888888,8,8,9,0.010518668219447136,450,-0.4404052197933197,1,0.09812495112419128,7,36
1137,LONG,52c76802488a0418deacf06ada57e2e96b5794354142b8d586ff9714a8854f66,"[1798, 1644]","['MARKET_REGIME_STRUCTURE', 'VOLATILITY', 'VOLUME_LIQUIDITY']",0.1481015533208847,0.09104738300342177,71,63,0.7777777777777778,7,7,9,0.018000736832618713,386,-0.33746272325515747,3,0.1481015533208847,7,37
972,LONG,b6fc4e5966c7246c6a2116a083faab51b8f74862dea90b9d64aa2c6f4215e726,"[4174, 1082]","['BREAKOUT', 'MARKET_REGIME_STRUCTURE', 'MEAN_REVERSION', 'VOLATILITY']",0.15018531680107117,0.09083791095476079,249,63,0.2222222222222222,2,2,9,0.08047143463045359,513,-0.32010161876678467,1,0.15018531680107117,7,38
622,LONG,ed9759344cba00b3a71db45b1118ace8890aef65b9707b61a8a716f32404a275,"[3012, 172]","['MEAN_REVERSION', 'MOMENTUM', 'RELATIVE_CROSS_SECTIONAL', 'TREND', 'VOLUME_LIQUIDITY']",0.0802873820066452,0.037242702705281815,270,63,0.8888888888888888,8,8,9,0.028622116893529892,531,-0.5587478280067444,7,0.0802873820066452,8,39
116,LONG,4e2ee9771ad2f8367846fbff4e6f248b0823392832f2075e8f1168d46c2518df,"[4250, 312]","['MEAN_REVERSION', 'RELATIVE_CROSS_SECTIONAL', 'TREND', 'VOLATILITY', 'VOLUME_LIQUIDITY']",0.09200356155633926,0.03380204693554575,245,63,0.8888888888888888,8,8,9,0.028016896918416023,1360,-0.5404378771781921,6,0.09200356155633926,8,40
418,LONG,090aba23fe6d69b3859847e969dc637c9244f9c04caaa0af204398594219e9b1,"[996, 1034]","['MEAN_REVERSION', 'MOMENTUM', 'RELATIVE_CROSS_SECTIONAL']",0.11269617080688477,0.0856661037629454,484,63,0.7777777777777778,7,7,9,0.006844289135187864,3074,-0.4557599127292633,4,0.11269617080688477,8,41
939,LONG,202077db865483eb263b0f40d6965fd82ffa2595369f1bf71fb9161b9c80539a,"[164, 646]","['BREAKOUT', 'MARKET_REGIME_STRUCTURE', 'MOMENTUM']",0.12421160191297531,0.08210528255727136,520,63,0.7777777777777778,7,7,9,0.016661973670125008,7223,-0.5526427626609802,6,0.12421160191297531,8,42
998,LONG,d9936558c25b629c5258901ae680242c6e78aa9949c18aae34ff78f79eda87dd,"[1732, 182]","['MARKET_REGIME_STRUCTURE', 'MEAN_REVERSION', 'VOLUME_LIQUIDITY']",0.12824928760528564,0.060701599247393406,141,63,0.7777777777777778,7,7,9,0.034024015069007874,2158,-0.5747470855712891,5,0.12824928760528564,8,43
688,LONG,c9b3110e202f0a7dd877624c3783f09616637e27acd8525b9b41ffa639c5fc4e,"[1044, 482]","['MOMENTUM', 'RELATIVE_CROSS_SECTIONAL', 'VOLATILITY']",0.1418813019990921,0.08568267274707948,281,63,0.6666666666666666,6,6,9,0.027891436591744423,8752,-0.5527318716049194,6,0.1418813019990921,8,44
127,LONG,1ca588147a37a78f65597dff29ddeb2afc888dbd82f6e808afcd5bd7b9480716,"[2992, 2982]","['MARKET_REGIME_STRUCTURE', 'MEAN_REVERSION', 'TREND', 'VOLATILITY']",0.14200839400291443,0.06940653648643792,280,63,0.6666666666666666,6,6,9,0.022347926627844572,620,-0.5392992496490479,5,0.14200839400291443,8,45
721,LONG,eb8aed2ac156573079bedba1e142c4225bb1c4ec0fa239483cf526995bae4d80,"[1010, 2906]","['MARKET_REGIME_STRUCTURE', 'MEAN_REVERSION', 'MOMENTUM']",0.1445334404706955,0.07354455934928461,81,63,0.5555555555555556,5,5,9,0.04135570302605629,208,-0.4012804329395294,3,0.1445334404706955,8,46
122,LONG,24fecfcd56db24b966772b4f3344b8fd61b4d5c0b7ef837a61376a8fd1b5d983,"[1562, 2254]","['TREND', 'VOLATILITY']",0.14748866856098175,0.06478070814239088,100,63,0.5555555555555556,5,5,9,0.015599209815263748,479,-0.3874480724334717,1,0.14748866856098175,8,47
888,LONG,fc661b2b0f5a8cd0daec641c9ac653db841472e0defb75ae5aef5597f7457378,"[3286, 426]","['BREAKOUT', 'MEAN_REVERSION', 'MOMENTUM', 'RELATIVE_CROSS_SECTIONAL', 'TREND']",0.12636913359165192,0.08806066631981417,395,63,0.4444444444444444,4,4,9,0.019945204723626375,2119,-0.41517767310142517,3,0.12636913359165192,8,48
807,LONG,acd238a2235c61d1e2546a4f531d56060dc4e1107d5b3727af2a51abd0e7e81f,"[1034, 2234]","['MOMENTUM', 'VOLATILITY', 'VOLUME_LIQUIDITY']",0.11278168857097626,0.07593151316576885,530,63,0.7777777777777778,7,7,9,0.02143070101737976,3890,-0.5385765433311462,6,0.11278168857097626,9,49
627,LONG,5d13968850ea11ee416971afa59ce095ced51338823260b3a144d377c5499c31,"[3202, 1648]","['MARKET_REGIME_STRUCTURE', 'MEAN_REVERSION', 'RELATIVE_CROSS_SECTIONAL', 'VOLUME_LIQUIDITY']",0.11638083308935165,0.06468653623978891,159,63,0.7777777777777778,7,7,9,0.034832555800676346,1998,-0.553439736366272,6,0.11638083308935165,9,50
1037,LONG,70e2a1f8a683fb9ade00755151bbc5a42c0cb921aee8bff7e99e6fc3bf80f994,"[2340, 2508]","['MEAN_REVERSION', 'MOMENTUM', 'VOLATILITY', 'VOLUME_LIQUIDITY']",0.12502886354923248,0.018404440032515845,79,63,0.7777777777777778,7,7,9,0.005238592159003019,271,-0.33554619550704956,1,0.12502886354923248,9,51
875,LONG,25c5de811d6bca3799c378adc166bcbee35ff945a1bb073b9da0097f8e0464f8,"[1482, 2572]","['MEAN_REVERSION', 'RELATIVE_CROSS_SECTIONAL', 'TREND']",0.13855716586112976,0.08554194743765757,247,63,0.6666666666666666,6,6,9,0.013124744175001979,1850,-0.4735977053642273,3,0.13855716586112976,9,52
1011,LONG,4f50d6948ef3c39b4da0c829e9149773152d5898bb83a59ac2eb4a84e459dd4d,"[2236, 164]","['MOMENTUM', 'TREND', 'VOLATILITY', 'VOLUME_LIQUIDITY']",0.13866981863975525,0.05589106933310321,240,63,0.6666666666666666,6,6,9,0.02401774562895298,595,-0.5584490299224854,4,0.13866981863975525,9,53
946,LONG,e0044d8638c6bdf1a3dbbbb29eb73aed65861d3318e2059bbe6f1d7e163f5cdf,"[1014, 1410]","['MARKET_REGIME_STRUCTURE', 'MEAN_REVERSION', 'MOMENTUM']",0.09041256457567215,0.06830091754059817,672,63,0.7777777777777778,7,7,9,0.009187383577227592,4035,-0.49631115794181824,7,0.09041256457567215,10,54
185,LONG,8987d7206fe314f17b67229c347c0f83e9787d306c4956ed4c5265dc3905e003,"[1734, 1544]","['MARKET_REGIME_STRUCTURE', 'MEAN_REVERSION', 'TREND', 'VOLUME_LIQUIDITY']",0.09657159447669983,0.06332838507940641,186,63,0.7777777777777778,7,7,9,0.016954390332102776,499,-0.2347821444272995,6,0.09657159447669983,10,55
746,LONG,16e31b88b579f53b613bf81c33de66e5173b46ac074165ebb405a4bd2f0e172c,"[472, 1660]","['TREND', 'VOLATILITY', 'VOLUME_LIQUIDITY']",0.10023956000804901,0.06137574369726712,338,63,0.7777777777777778,7,7,9,0.021463509649038315,1031,-0.4123043417930603,6,0.10023956000804901,10,56
1155,LONG,9c77a5f23f01aecb14f4e57844819d4f6bca60f4dac0850b12c2a303cc480578,"[1648, 3202]","['MEAN_REVERSION', 'VOLATILITY']",0.11361119896173477,0.056390491398063736,173,63,0.7777777777777778,7,7,9,0.024960558861494064,4258,-0.5883815884590149,5,0.11361119896173477,10,57
999,LONG,70e2bcd5c5e17aaee4af82e4b7694b8b9e70ca77c60b9511a3c7092876ecb91d,"[438, 330]","['MEAN_REVERSION', 'TREND']",0.10998129844665527,0.07297210428489607,362,63,0.6666666666666666,6,6,9,0.020196835044771433,1186,-0.36669260263442993,5,0.10998129844665527,10,58
661,LONG,5c97059bbae45b4e14415f4d000abfc27cfc01f7f668f73fca7e540adcf7d94a,"[68, 3202]",['MEAN_REVERSION'],0.1138080582022667,0.06861902584339633,290,63,0.6666666666666666,6,6,9,0.01827616849914193,14851,-0.5780118703842163,5,0.1138080582022667,10,59
565,LONG,88f8e1e90b1a555dd59f0fc5e7bee2151e81d826a1ccc3e3b15d1e340c6d25e7,"[1732, 2254]","['MEAN_REVERSION', 'VOLUME_LIQUIDITY']",0.12453219294548035,0.0655246537881113,229,63,0.6666666666666666,6,6,9,0.02306811884045601,7084,-0.6031463146209717,5,0.12453219294548035,10,60
856,LONG,6ca5d02a1fffff11500be3083bc2474931f6eb26121c177250e24615e39cbdc0,"[4298, 310]","['MARKET_REGIME_STRUCTURE', 'MEAN_REVERSION', 'RELATIVE_CROSS_SECTIONAL', 'TREND', 'VOLATILITY']",0.13583120703697205,0.0583294513598933,98,63,0.6666666666666666,6,6,9,0.03242894075810909,250,-0.5127090215682983,3,0.13583120703697205,10,61
163,LONG,d6f816eab22fb427133ff2ad130dad6742d0aec44f2a6932d3f2a5ec2c7ab02a,"[1392, 1398]","['BREAKOUT', 'RELATIVE_CROSS_SECTIONAL', 'VOLUME_LIQUIDITY']",0.09832241386175156,0.07791516254756081,309,63,0.5555555555555556,5,5,9,0.02255968749523163,1428,-0.2989719808101654,4,0.09832241386175156,10,62
822,LONG,6108134795d6de8c3de343db65d4a95fb055ebe0eed19631601845a06dd80300,"[1224, 694]","['BREAKOUT', 'MARKET_REGIME_STRUCTURE', 'TREND']",0.11530615389347076,0.07691541533555096,438,63,0.5555555555555556,5,5,9,0.017245743423700333,8194,-0.529254674911499,3,0.11530615389347076,10,63
42,LONG,c492c5537beae793a35e2a7cbf620eb03aebfc3f593b6a19103d147d3ad29253,"[438, 624]","['MEAN_REVERSION', 'RELATIVE_CROSS_SECTIONAL', 'TREND']",0.1283135861158371,0.07623503232103113,102,63,0.5555555555555556,5,5,9,0.02339857444167137,224,-0.3080785870552063,1,0.1283135861158371,10,64
183,LONG,4d328b288d19e5862a4bc8413fe4891b81998a06e978f021cfd7fc4f0151aff4,"[2872, 1044]","['BREAKOUT', 'RELATIVE_CROSS_SECTIONAL', 'VOLATILITY', 'VOLUME_LIQUIDITY']",0.11805502325296402,0.08195909731582768,421,63,0.4444444444444444,4,4,9,0.01911093620583415,2597,-0.5009239315986633,3,0.11805502325296402,10,65
805,LONG,37419d3ced010d9dcbe27ac3aab1200c47fa4804805880cd383eb7f978f516d6,"[3168, 2510]","['MARKET_REGIME_STRUCTURE', 'MEAN_REVERSION', 'VOLATILITY', 'VOLUME_LIQUIDITY']",0.12486440688371658,0.07653520606235106,122,63,0.4444444444444444,4,4,9,0.006572508253157139,270,-0.2600194811820984,1,0.12486440688371658,10,66
566,LONG,97ac78db2e4f588ec127a254cfe952344cf9174a6a64ab5ace7749c75d1e6d95,"[1576, 172]","['MARKET_REGIME_STRUCTURE', 'TREND', 'VOLATILITY']",0.1312878578901291,0.07363191836977215,120,63,0.4444444444444444,4,4,9,0.02010035701096058,579,-0.38985711336135864,2,0.1312878578901291,10,67
1183,LONG,422a7cc3af3193425ebef8ba2b24dfbc81cd31236fca82c4231f1bbe46068439,"[586, 164]","['MARKET_REGIME_STRUCTURE', 'MEAN_REVERSION']",0.09030351042747498,0.06813525242049101,536,63,0.7777777777777778,7,7,9,0.02176382578909397,3392,-0.3816806674003601,7,0.09030351042747498,11,68
431,LONG,c079506c22eff564bd20a2490d8475c9b2b4e9d65576f327c1f0a3aa73a7ac4a,"[3202, 368]","['MARKET_REGIME_STRUCTURE', 'MEAN_REVERSION', 'RELATIVE_CROSS_SECTIONAL', 'VOLUME_LIQUIDITY']",0.11222656816244125,0.05536557575047694,166,63,0.7777777777777778,7,7,9,0.02778713032603264,3010,-0.5695896744728088,5,0.11222656816244125,11,69
136,LONG,bcab840e2788315a855902a93c0e80b53d51f60c9ee856f4b6d763b38f215e7a,"[4078, 2340]","['BREAKOUT', 'RELATIVE_CROSS_SECTIONAL', 'TREND', 'VOLATILITY', 'VOLUME_LIQUIDITY']",0.0929698795080185,0.07236934323004511,321,63,0.6666666666666666,6,6,9,0.01381269097328186,1230,-0.3118411898612976,4,0.0929698795080185,11,70
168,LONG,a38f78493d579b4bec2c1e26ef0156d3b3a5a6a2f37af87fa827450cc5e8c2ad,"[1392, 2340]","['RELATIVE_CROSS_SECTIONAL', 'VOLUME_LIQUIDITY']",0.0955539420247078,0.07208083011117705,783,63,0.6666666666666666,6,6,9,0.021800041664391756,13417,-0.4435192048549652,6,0.0955539420247078,11,71
93,LONG,9521ff75ff36efddceaa54e022743081dcd11a5c5ba866a1d723b8e4323df203,"[1478, 1544]","['MEAN_REVERSION', 'TREND', 'VOLUME_LIQUIDITY']",0.10467442870140076,0.06614860889513766,269,63,0.6666666666666666,6,6,9,0.020625319331884384,1911,-0.4436196982860565,6,0.10467442870140076,11,72
130,LONG,234402f4c157215abb40903ef768b5b5589f6a0c9c3fd457024d66c9f6f3ae52,"[2160, 1734]","['MEAN_REVERSION', 'MOMENTUM', 'TREND', 'VOLUME_LIQUIDITY']",0.11265275627374649,0.0657880170475765,208,63,0.6666666666666666,6,6,9,0.025444370694458485,682,-0.3259733319282532,5,0.11265275627374649,11,73
1092,LONG,2b21a9c438b7f68a393fb1121ec3fbedc04ef9c7a46862eef754515f6a703638,"[3202, 3010]","['MARKET_REGIME_STRUCTURE', 'MEAN_REVERSION', 'RELATIVE_CROSS_SECTIONAL', 'VOLUME_LIQUIDITY']",0.12483731657266617,0.04372457305322257,93,63,0.6666666666666666,6,6,9,0.010048235766589642,616,-0.6330229043960571,1,0.12483731657266617,11,74
207,LONG,b24dd8180d765bf4290b374b506e1cce26738f915754f122e0b4b6185e818926,"[1454, 1426]","['MARKET_REGIME_STRUCTURE', 'MEAN_REVERSION', 'TREND', 'VOLATILITY']",0.0925072506070137,0.07397393480070633,870,63,0.5555555555555556,5,5,9,0.013470996171236038,15138,-0.44006139039993286,4,0.0925072506070137,11,75
1031,LONG,2301d24d82d21feccebd08cf3b251eaf5cad1cb1726c93bca3d0497344b51922,"[3572, 3662]","['MOMENTUM', 'RELATIVE_CROSS_SECTIONAL', 'VOLATILITY', 'VOLUME_LIQUIDITY']",0.10912420600652695,0.06959909000650785,276,63,0.5555555555555556,5,5,9,0.011713805608451366,3521,-0.3693021833896637,3,0.10912420600652695,11,76
1095,LONG,74170e02ab838c7ac42589bd1b1d512745dd7d1cb31757cb4028f0b23cae1801,"[394, 458]","['BREAKOUT', 'RELATIVE_CROSS_SECTIONAL']",0.12171785533428192,0.055478604644587634,76,63,0.5555555555555556,5,5,9,0.025219617411494255,299,-0.3692479729652405,4,0.12171785533428192,11,77
758,LONG,b2f103f5c455c9b19427ca49f39efb66caf2f111ec2a003edf16b2ae32b567ac,"[394, 1544]","['BREAKOUT', 'RELATIVE_CROSS_SECTIONAL']",0.13048262894153595,0.05542269944865255,65,63,0.5555555555555556,5,5,9,0.027208205312490463,256,-0.37997815012931824,3,0.13048262894153595,11,78
951,LONG,7da58b40779ec660bab04230f6e39a22dca7b6692eba182b9b94a7d7e5de39a4,"[972, 2272]","['MEAN_REVERSION', 'VOLUME_LIQUIDITY']",0.09877235442399979,0.0766183502406275,953,63,0.4444444444444444,4,4,9,0.020907730795443058,14464,-0.46649640798568726,4,0.09877235442399979,11,79
151,LONG,d6d8a772309531ce1bcf44d73c903e2058efdfcc429504da44f0f9b755ed8de5,"[638, 214]","['MEAN_REVERSION', 'RELATIVE_CROSS_SECTIONAL', 'VOLATILITY']",0.12879826128482819,0.06302553999273133,171,63,0.3333333333333333,3,3,9,0.035218287259340286,1164,-0.5733354687690735,2,0.12879826128482819,11,80
1131,LONG,07aaf4c26e6b51729a0e39131707330f0b065e7d6677e0f94e4ca35c03cf5ef7,"[1734, 3572]","['MARKET_REGIME_STRUCTURE', 'MEAN_REVERSION', 'VOLUME_LIQUIDITY']",0.08113068342208862,0.06284653597506479,512,63,0.7777777777777778,7,7,9,0.013543613255023956,2189,-0.2603522837162018,6,0.08113068342208862,12,81
1167,LONG,6585224e75d7743fd3a4d47957c7ae91720bc027457e570609b87b58398552a4,"[3572, 3820]","['BREAKOUT', 'MOMENTUM', 'VOLATILITY', 'VOLUME_LIQUIDITY']",0.08454594761133194,0.055125968034529446,454,63,0.7777777777777778,7,7,9,0.0038818500470370054,1936,-0.54535973072052,3,0.08454594761133194,12,82
848,LONG,29dc8dd16b362ca215a7819d67b0dfec92338091db4dd59b6a92dc10d7d951bc,"[70, 2906]","['MEAN_REVERSION', 'RELATIVE_CROSS_SECTIONAL']",0.10248641669750214,0.04895703000103038,243,63,0.7777777777777778,7,7,9,0.024480316787958145,2146,-0.5677934288978577,5,0.10248641669750214,12,83
997,LONG,d7df39d0281d116db8b09444f5d2e84f7a08253d42f6949586b96f5673dfdbad,"[938, 976]","['MARKET_REGIME_STRUCTURE', 'MOMENTUM', 'TREND']",0.10318367183208466,0.040565879239744265,172,63,0.7777777777777778,7,7,9,0.029615044593811035,785,-0.40067043900489807,6,0.10318367183208466,12,84
100,LONG,2dfbc93a139dc3ddedc6c727a506bc86dbdd6605bb46b2aa829052f3e2fa9746,"[2340, 2182]","['MEAN_REVERSION', 'MOMENTUM', 'VOLATILITY', 'VOLUME_LIQUIDITY']",0.10363781452178955,0.02677183379603218,124,63,0.7777777777777778,7,7,9,0.005234431941062212,395,-0.34347599744796753,1,0.10363781452178955,12,85
150,LONG,142b5af677b626178d0dd7a8d0353cad2a15ac467549d95c40187f994e05e5e0,"[2992, 1440]","['MARKET_REGIME_STRUCTURE', 'MEAN_REVERSION', 'TREND', 'VOLATILITY']",0.09077095240354538,0.06705826820587144,709,63,0.6666666666666666,6,6,9,0.013344527687877417,13217,-0.5090345144271851,5,0.09077095240354538,12,86
1006,LONG,ef9d5eafada4e0b9a88ed220fdca3196e8d81fe762049e0b6dba645bbef69da1,"[704, 482]","['MARKET_REGIME_STRUCTURE', 'RELATIVE_CROSS_SECTIONAL']",0.09327536821365356,0.06657131737338977,673,63,0.6666666666666666,6,6,9,0.016969241201877594,16602,-0.4747289717197418,5,0.09327536821365356,12,87
681,LONG,06d1f11f8bf4aebd0374efd2eab298e802c536667b5aec9ba4e7fa08909244a5,"[996, 704]","['MEAN_REVERSION', 'RELATIVE_CROSS_SECTIONAL']",0.09705039858818054,0.06539683376085811,642,63,0.6666666666666666,6,6,9,0.011503151152282953,7460,-0.4783231019973755,4,0.09705039858818054,12,88
363,LONG,3520247b7692f8863c7cecb69ac60138b8dd5487697de846802f75de9352699c,"[2642, 638]","['BREAKOUT', 'TREND', 'VOLATILITY']",0.10467056930065155,0.05895104215214841,302,63,0.6666666666666666,6,6,9,0.025359831750392914,2184,-0.5156526565551758,5,0.10467056930065155,12,89
787,LONG,5f86fc60c628c8df482a2f3c2fea1584e56cff7ad610725e107e7173a757cb4b,"[3202, 1030]","['MARKET_REGIME_STRUCTURE', 'MEAN_REVERSION', 'RELATIVE_CROSS_SECTIONAL', 'VOLUME_LIQUIDITY']",0.10825853049755096,0.04501041640940601,154,63,0.6666666666666666,6,6,9,0.02799271233379841,2067,-0.6068968772888184,4,0.10825853049755096,12,90
87,LONG,db49f3311b25de68e027a7ab6a1879c1adb28012924eb425c2c6cdb753dd8975,"[992, 2234]","['MEAN_REVERSION', 'MOMENTUM', 'RELATIVE_CROSS_SECTIONAL']",0.11117098480463028,0.0445214034806502,163,63,0.6666666666666666,6,6,9,0.022436159662902355,382,-0.323269248008728,5,0.11117098480463028,12,91
18,LONG,39c254993430934f420ea8eb0c3475a05c6165a505f401edf2bebbb5327e9960,"[1660, 272]","['MEAN_REVERSION', 'RELATIVE_CROSS_SECTIONAL', 'VOLATILITY']",0.1119881346821785,0.02901157065149232,91,63,0.6666666666666666,6,6,9,0.05210968293249607,210,-0.46817052364349365,5,0.1119881346821785,12,92
927,LONG,3f739ebb8f4c182eab39c3107e236b40eb302608226532c465e5d69569e2883f,"[602, 1970]",['VOLATILITY'],0.09543290734291077,0.06802148440924602,430,63,0.5555555555555556,5,5,9,0.016773661598563194,34664,-0.5173675417900085,5,0.09543290734291077,12,93
264,LONG,bad9c9327ce173014b6a488d57578058403b61153abbb5a4a11be337ce983e2b,"[954, 2992]","['MEAN_REVERSION', 'MOMENTUM', 'VOLATILITY']",0.0975424200296402,0.0661654146404482,496,63,0.5555555555555556,5,5,9,0.01606704108417034,15841,-0.5225183367729187,4,0.0975424200296402,12,94
774,LONG,312e40d66ebb3a3ad71b85c16dcde61a51f2254ac5bb28b31bd50e813cffdd22,"[974, 1482]","['MEAN_REVERSION', 'MOMENTUM', 'VOLUME_LIQUIDITY']",0.10474575310945511,0.06087189779954207,222,63,0.5555555555555556,5,5,9,0.01686077006161213,646,-0.5516231060028076,3,0.10474575310945511,12,95
398,LONG,040659ef436eaef907f6923c85467a7ad1497f0dd1dd91c9bbde2d7d9566232b,"[482, 472]","['RELATIVE_CROSS_SECTIONAL', 'TREND']",0.10833123326301575,0.05277375988561848,162,63,0.5555555555555556,5,5,9,0.02510259300470352,1894,-0.43611183762550354,4,0.10833123326301575,12,96
502,LONG,5b3122b3c2773de7623bdbdd5cab72afc31f4ef6c8478837bc0539ddacf8635c,"[454, 602]","['TREND', 'VOLATILITY']",0.11081882566213608,0.05112023182398971,131,63,0.5555555555555556,5,5,9,0.015334571711719036,2635,-0.45937907695770264,2,0.11081882566213608,12,97
769,LONG,5b1b267563e7c74e40d5f71c45bd3443800ff88832e0d76ffac933b5e1ee8770,"[3874, 3328]","['MARKET_REGIME_STRUCTURE', 'MEAN_REVERSION', 'MOMENTUM', 'VOLATILITY', 'VOLUME_LIQUIDITY']",0.12138165533542633,0.0505797810863631,157,63,0.5555555555555556,5,5,9,0.01668568328022957,425,-0.3811219334602356,1,0.12138165533542633,12,98
573,LONG,deaae2902f267a07c7e04fbca0090189bfe6dddc676788ad67da2a7ff236a62e,"[1392, 2272]","['BREAKOUT', 'RELATIVE_CROSS_SECTIONAL', 'VOLUME_LIQUIDITY']",0.0957222580909729,0.07315568419529675,293,63,0.4444444444444444,4,4,9,0.025505568832159042,876,-0.32161852717399597,3,0.0957222580909729,12,99
741,LONG,fb33e5426da01767b79f3de583248d6864b23c28ab5e54dfdeb2e56d2e6db1c6,"[68, 1010]",['MEAN_REVERSION'],0.09733543545007706,0.07290641304713483,661,63,0.4444444444444444,4,4,9,0.014468200039118528,5051,-0.4401968717575073,3,0.09733543545007706,12,100
1008,LONG,d4493ee63f44763cb50c1a1f1df32de097ca1eb18122c914c05b612bd5491dab,"[668, 2234]","['RELATIVE_CROSS_SECTIONAL', 'VOLUME_LIQUIDITY']",0.10397697240114212,0.0666539049948876,507,63,0.4444444444444444,4,4,9,0.017866987269371748,3740,-0.49484145641326904,3,0.10397697240114212,12,101
1097,LONG,866ed79953b081bd58c03dc1a158a9034ffbd0cff5a58921e1b10688825841c1,"[458, 1426]","['TREND', 'VOLATILITY']",0.11830958724021912,0.05524499573310203,160,63,0.4444444444444444,4,4,9,0.023215334862470627,2239,-0.48538127541542053,2,0.11830958724021912,12,102
718,LONG,eb067b45da86bbd28ff64cb20a64fe97d065c5fa5bbccced6a67a57b2e179d5a,"[2982, 638]","['MARKET_REGIME_STRUCTURE', 'MEAN_REVERSION', 'TREND']",0.10990109294652939,0.06333148962141978,430,63,0.3333333333333333,3,3,9,0.02628772146999836,1655,-0.5239856243133545,2,0.10990109294652939,12,103
267,LONG,49873a19d3c800402f9673701e61e515c647ace5a85e7eafd5c0e63e510295e7,"[2254, 68]","['MOMENTUM', 'RELATIVE_CROSS_SECTIONAL', 'TREND', 'VOLATILITY']",0.09826215356588364,0.04599758909371893,101,63,0.7777777777777778,7,7,9,0.006852294318377972,245,-0.32287436723709106,1,0.09826215356588364,13,104
361,LONG,2954e1fe40a149e6aa649d970a96a33fd4994f48f2040763de8864569825f824,"[482, 1034]","['RELATIVE_CROSS_SECTIONAL', 'VOLUME_LIQUIDITY']",0.09010578691959381,0.06657960957946246,766,63,0.6666666666666666,6,6,9,0.02283563371747732,17383,-0.44009217619895935,6,0.09010578691959381,13,105
667,LONG,22819cd9851c969bf4118fb31912fe81c849bfbc0fdae216075fb7b8e3efb983,"[844, 1006]","['MEAN_REVERSION', 'MOMENTUM', 'TREND']",0.09268788993358612,0.05955524824501148,298,63,0.6666666666666666,6,6,9,0.011731046484783292,2354,-0.32594728469848633,3,0.09268788993358612,13,106
208,LONG,c749d17a9fdde543fa1d886ea86961f6744212aa31d92d64f251a7378589303b,"[312, 2572]","['BREAKOUT', 'TREND']",0.1011538952589035,0.058413985635751293,323,63,0.6666666666666666,6,6,9,0.02478301990777254,1439,-0.4783473610877991,4,0.1011538952589035,13,107
587,LONG,2d7c67c43faf8d80153b5aba235b63edecea0237b5142da158718efd3d2b9ce9,"[954, 638]","['MOMENTUM', 'VOLATILITY']",0.10217133909463882,0.05392751171484942,240,63,0.6666666666666666,6,6,9,0.01955452375113964,5883,-0.5858415961265564,5,0.10217133909463882,13,108
415,LONG,416ca2e4a830ff94de17124a39e4839e23de3871857a6f71d68d7fdeb3200276,"[1348, 2434]","['BREAKOUT', 'MEAN_REVERSION', 'RELATIVE_CROSS_SECTIONAL', 'VOLATILITY']",0.10291539132595062,0.04633155022682684,76,63,0.6666666666666666,6,6,9,0.03525256458669901,337,-0.24908719956874847,1,0.10291539132595062,13,109
1057,LONG,e82aa6c54b29ef9fb3ccef34319d33ace1914d8c9001103d1e0a443a05d52879,"[352, 2358]","['BREAKOUT', 'VOLATILITY']",0.10484453290700912,0.03955900132500659,145,63,0.6666666666666666,6,6,9,0.027690540999174118,863,-0.4126242399215698,4,0.10484453290700912,13,110
533,LONG,7620a2263a8df0b9f114d8f5ca1aab4eee84b0c1fdd4295a4995e5a6ca44c4f8,"[1644, 694]","['MEAN_REVERSION', 'VOLATILITY', 'VOLUME_LIQUIDITY']",0.10942082107067108,0.04402390568970113,96,63,0.6666666666666666,5,6,9,0.010982538340613246,268,-0.5764240026473999,1,0.10942082107067108,13,111
874,LONG,07205b8d8b784af16fb93fbe4e88ded07de11db0bf484c8652e8d6e044c25eae,"[4078, 1410]","['BREAKOUT', 'RELATIVE_CROSS_SECTIONAL', 'TREND', 'VOLATILITY', 'VOLUME_LIQUIDITY']",0.08621493726968765,0.06720391402882923,345,63,0.5555555555555556,5,5,9,0.014898067340254784,1719,-0.30466851592063904,3,0.08621493726968765,13,112
591,LONG,2b1972152f92a902e7830aeeae89e1019c45993b5a5f7bdadaaab2f3adac992a,"[590, 330]","['MARKET_REGIME_STRUCTURE', 'MEAN_REVERSION']",0.08637256920337677,0.06707022143406216,922,63,0.5555555555555556,5,5,9,0.010634547099471092,16757,-0.49605053663253784,4,0.08637256920337677,13,113
620,LONG,b37c1ca1cbb11b7bb7269571fd41fb4f50cd6ee9d8f7df61cb92b3be5a62670c,"[946, 954]","['MEAN_REVERSION', 'MOMENTUM', 'VOLATILITY']",0.09531740099191666,0.0643114083161686,498,63,0.5555555555555556,5,5,9,0.015046280808746815,14931,-0.4983687102794647,4,0.09531740099191666,13,114
1104,LONG,fe994058107d40d018b48c4a013aaeb822cdb9824790ba7d117ae8c8eb0e9716,"[1130, 1030]","['MARKET_REGIME_STRUCTURE', 'MOMENTUM', 'RELATIVE_CROSS_SECTIONAL']",0.09661324322223663,0.06207672174106053,175,63,0.5555555555555556,5,5,9,0.0135484728962183,2583,-0.3472193777561188,3,0.09661324322223663,13,115
531,LONG,7c20367907c2c4204503939d797c5661bc6b27852b6d7bea02469170d9f5d25e,"[706, 2574]","['MARKET_REGIME_STRUCTURE', 'RELATIVE_CROSS_SECTIONAL']",0.10055826604366302,0.05982511563486077,169,63,0.5555555555555556,5,5,9,0.03719354793429375,730,-0.4273518919944763,4,0.10055826604366302,13,116
770,LONG,f13a1321bcfc1138f138e209a13f86f369ebf3f25499526fd642b276fd15fc8c,"[166, 458]","['MOMENTUM', 'VOLATILITY']",0.10889628529548645,0.049730531715919145,181,63,0.5555555555555556,5,5,9,0.016965463757514954,4394,-0.43939709663391113,3,0.10889628529548645,13,117
144,LONG,b25646ed50bf651be1aac897c6b9863d359d2a6edb1bf258b5082719f1b9b163,"[972, 1562]","['MEAN_REVERSION', 'VOLUME_LIQUIDITY']",0.09347514808177948,0.07187781731022733,982,63,0.4444444444444444,4,4,9,0.01918460475280881,17272,-0.47591984272003174,3,0.09347514808177948,13,118
1172,LONG,7da857771945a0741c64af1574ec7d0c51229f24568f9d574a03605946225e22,"[1998, 1026]","['MEAN_REVERSION', 'MOMENTUM', 'RELATIVE_CROSS_SECTIONAL']",0.09416954219341278,0.06991653880393206,850,63,0.4444444444444444,4,4,9,0.017581021413207054,7002,-0.5106607675552368,3,0.09416954219341278,13,119
135,LONG,88de5b7e0997be03103dd3ded3a4a30287380ced0fe3883d26bd46ab900cad78,"[2100, 626]","['BREAKOUT', 'MARKET_REGIME_STRUCTURE', 'MOMENTUM', 'VOLUME_LIQUIDITY']",0.11096269637346268,0.04258411809535652,70,63,0.4444444444444444,4,4,9,0.02230753656476736,259,-0.5555266737937927,2,0.11096269637346268,13,120
364,LONG,65c339fc7c47d13a84c1d6bd7df840ff98112af5bef2bf833e057259ddb7bd6e,"[3158, 2076]","['MEAN_REVERSION', 'RELATIVE_CROSS_SECTIONAL', 'VOLATILITY', 'VOLUME_LIQUIDITY']",0.0993991494178772,0.06278331713298646,216,63,0.3333333333333333,3,3,9,0.015677435323596,1647,-0.37538942694664,1,0.0993991494178772,13,121
490,LONG,fbf0102b5a97cc74f56cc9e9bc24729e11c34460abecbf45c083ea8f62cc2a39,"[3286, 1322]","['BREAKOUT', 'MEAN_REVERSION', 'MOMENTUM', 'RELATIVE_CROSS_SECTIONAL', 'TREND']",0.11144423484802246,0.043674106262068135,129,63,0.2222222222222222,2,2,9,0.060453399550169706,439,-0.4638124704360962,1,0.11144423484802246,13,122
823,LONG,63f2afa85dff6aba1140df94662f111fc4538877bda2206baa002faddb840f3c,"[2412, 180]","['MEAN_REVERSION', 'MOMENTUM', 'VOLUME_LIQUIDITY']",0.0894448459148407,0.04358463240169445,286,63,0.7777777777777778,7,7,9,0.029506821185350418,1381,-0.5809494853019714,6,0.0894448459148407,14,123
651,LONG,634fc8b0c0026f6064d982cdbbb83746dfa0231849c0fe095ad696547b53993e,"[2340, 1644]","['MEAN_REVERSION', 'MOMENTUM', 'VOLATILITY', 'VOLUME_LIQUIDITY']",0.09174387156963348,0.010245022895686795,66,63,0.7777777777777778,7,7,9,0.012032476253807545,377,-0.6371741890907288,1,0.09174387156963348,14,124
204,LONG,864c02a83dcfadc5531206ec701b270c63655e2fa11893d495475d7520b986ab,"[1732, 1522]","['MARKET_REGIME_STRUCTURE', 'MEAN_REVERSION', 'VOLUME_LIQUIDITY']",0.09821227192878723,0.008557519295897334,85,63,0.7777777777777778,7,7,9,0.012892685830593109,325,-0.6634317636489868,2,0.09821227192878723,14,125
696,LONG,a649837c618d4309bf69744674271272ea51bca3b1d3ada7253477b32e810d8c,"[4078, 1648]","['BREAKOUT', 'RELATIVE_CROSS_SECTIONAL', 'TREND', 'VOLATILITY', 'VOLUME_LIQUIDITY']",0.0825515165925026,0.06306960644030515,366,63,0.6666666666666666,6,6,9,0.011459016241133213,1913,-0.3213738799095154,4,0.0825515165925026,14,126
700,LONG,e64545b580a6d2d69b1ab913c324ba105ce5c2e7efc796b045ae1ed29a400ec5,"[1034, 3158]","['MOMENTUM', 'VOLUME_LIQUIDITY']",0.0851612314581871,0.0540257344387746,552,63,0.6666666666666666,6,6,9,0.01993707288056612,12258,-0.5508770942687988,6,0.0851612314581871,14,127
551,LONG,20498fdc930f842c4002bf4922fd28dbbb03e600189c17e3cfdeb795aec0baf3,"[330, 2262]","['BREAKOUT', 'MEAN_REVERSION', 'TREND']",0.08617260307073593,0.053985591029532216,296,63,0.6666666666666666,6,6,9,0.018055372405797243,1141,-0.34799644351005554,4,0.08617260307073593,14,128
1157,LONG,13c9740ec2ad37b8c392c15792b9cdd7d8ea1a5ad0826cdd2a271491606d47eb,"[3202, 992]","['MARKET_REGIME_STRUCTURE', 'MEAN_REVERSION', 'RELATIVE_CROSS_SECTIONAL', 'VOLUME_LIQUIDITY']",0.08852651715278625,0.05300538407873866,190,63,0.6666666666666666,6,6,9,0.008887321688234806,460,-0.4280816912651062,1,0.08852651715278625,14,129
738,LONG,bd2ed68916215eafb4abb719c3b26afaeafc12c8644f76185ab020e06e558440,"[1130, 438]","['MARKET_REGIME_STRUCTURE', 'MEAN_REVERSION', 'RELATIVE_CROSS_SECTIONAL']",0.08924197405576706,0.05268183323012838,279,63,0.6666666666666666,6,6,9,0.016973982099443674,2171,-0.39923611283302307,4,0.08924197405576706,14,130
744,LONG,b77d1fb1b328009094f8e83d0aeef21c2d178b8f8abc01dd0eab280d88a4edb5,"[526, 2770]","['MEAN_REVERSION', 'VOLATILITY']",0.09962444752454758,0.051721693582077094,191,63,0.6666666666666666,6,6,9,0.023632525466382504,486,-0.524382472038269,5,0.09962444752454758,14,131
634,LONG,8bbbccaeee8dc73deff88bc86a356a525b504680ea04b864c3fb9e3356a4fbb1,"[972, 3012]","['MEAN_REVERSION', 'MOMENTUM', 'VOLUME_LIQUIDITY']",0.09965872019529343,0.035839822606968566,127,63,0.6666666666666666,6,6,9,0.019533736165612936,701,-0.5750229954719543,3,0.09965872019529343,14,132
1063,LONG,98ed9dc931f45e9ab2c605bb716ce56908e5de6b685af22fb7c9194d900f4bf5,"[2412, 1798]","['MEAN_REVERSION', 'MOMENTUM', 'RELATIVE_CROSS_SECTIONAL', 'VOLUME_LIQUIDITY']",0.10296663641929626,0.033805851405543874,58,63,0.6666666666666666,6,6,9,0.025419814977794886,314,-0.5385032892227173,3,0.10296663641929626,14,133
670,LONG,c9027d7326cf5546ac752fa13ba82c1bbbc48609997f3c85337c013d23d2c406,"[2488, 4298]","['MARKET_REGIME_STRUCTURE', 'MOMENTUM', 'VOLATILITY', 'VOLUME_LIQUIDITY']",0.10314365476369858,0.019110294054143523,22,63,0.6666666666666666,6,6,9,0.025475292466580868,333,-0.25957199931144714,4,0.10314365476369858,14,134
898,LONG,36e1eef29b51811d33ff29039aa016dd51ade445d1e17a68693ae0f97b134d4e,"[438, 3912]","['MEAN_REVERSION', 'TREND']",0.09062586724758148,0.0642546035748929,560,63,0.5555555555555556,5,5,9,0.020295826718211174,2363,-0.3624827265739441,4,0.09062586724758148,14,135
406,LONG,1997ddf38a6d943829f3665d6e07fa6a9b7881ba77440e111f0dc9734d8caa99,"[946, 626]","['MEAN_REVERSION', 'VOLATILITY']",0.09327662736177444,0.058350116537934635,306,63,0.5555555555555556,5,5,9,0.019651614129543304,4496,-0.4895060658454895,3,0.09327662736177444,14,136
1199,LONG,3419c973c82e4f554a762e65291bdddac07aee851ba7b97c52a4bd767e6f724f,"[3010, 216]","['MEAN_REVERSION', 'TREND', 'VOLUME_LIQUIDITY']",0.09449824690818787,0.057021657781344263,265,63,0.5555555555555556,5,5,9,0.019254548475146294,863,-0.3160535991191864,4,0.09449824690818787,14,137
1055,LONG,348cbf6e67f32518d42355b081a967f4c27b8d021bde099c098a2eb351c7aab2,"[1044, 166]","['MOMENTUM', 'RELATIVE_CROSS_SECTIONAL', 'VOLATILITY']",0.10074590891599655,0.05162786647839016,223,63,0.5555555555555556,5,5,9,0.011308516375720501,2706,-0.4749656021595001,2,0.10074590891599655,14,138
1123,LONG,6979fe252dfa4ae5df9650ed65698a957866ee4507819758a27fc275590e0f83,"[692, 2408]","['MARKET_REGIME_STRUCTURE', 'VOLUME_LIQUIDITY']",0.08964752405881882,0.07055586223475402,663,63,0.4444444444444444,4,4,9,0.017446980345994234,9130,-0.45863285660743713,4,0.08964752405881882,14,139
816,LONG,ea9792cd55fac02906f49429a27042b303b4955658701bd7432a23ee1abc7760,"[586, 2358]",['MEAN_REVERSION'],0.09164440631866455,0.06691267746957696,545,63,0.4444444444444444,4,4,9,0.017418501432985067,21542,-0.49529072642326355,3,0.09164440631866455,14,140
574,LONG,22891667428970dcb6701c0c9fa783337ba50ad811549228413f7ca56875a098,"[1224, 2630]","['BREAKOUT', 'MARKET_REGIME_STRUCTURE', 'TREND']",0.09179379791021347,0.06400364733766296,319,63,0.4444444444444444,4,4,9,0.013117725029587746,2096,-0.38715341687202454,3,0.09179379791021347,14,141
689,LONG,6090730cec1493705d79bbfdc41b79723a6c23c445156ab43a6bfff4d1b8610e,"[2358, 1952]","['MEAN_REVERSION', 'VOLATILITY', 'VOLUME_LIQUIDITY']",0.10039614140987396,0.05800355775543791,242,63,0.4444444444444444,4,4,9,0.012522537261247635,1087,-0.415507048368454,2,0.10039614140987396,14,142
1105,LONG,92149ea9e46df584d0bcb3a5bdc495d3dd9027bacadf2308f627fe67913ecde5,"[1008, 2620]","['MARKET_REGIME_STRUCTURE', 'MEAN_REVERSION', 'MOMENTUM']",0.10784927010536194,0.04400005937185675,168,63,0.4444444444444444,4,4,9,0.027779039926826954,1235,-0.5978290438652039,2,0.10784927010536194,14,143
10,LONG,50b5fce88fa1d4a6d7d46c01995744b330db3579b6cd49e85b8c59e3d5613fc0,"[2620, 2992]","['BREAKOUT', 'TREND', 'VOLATILITY', 'VOLUME_LIQUIDITY']",0.10243964195251465,0.046253404212506295,145,63,0.3333333333333333,3,3,9,0.05395226553082466,214,-0.48091423511505127,2,0.10243964195251465,14,144
860,LONG,86906fac8e5619727eac07ab233d8f4a18f5c67bc5abe89c069ad7027c122a48,"[692, 310]","['MARKET_REGIME_STRUCTURE', 'TREND', 'VOLUME_LIQUIDITY']",0.09646981954574585,0.060363644545172145,302,63,0.2222222222222222,2,2,9,0.05086908699013293,1000,-0.5571523308753967,1,0.09646981954574585,14,145
1080,LONG,29f957ba9e8d16f53105c143b95dbf7be787e366f6603d89894bf0c469ffff8d,"[180, 586]","['MOMENTUM', 'TREND']",0.06764829158782959,0.027202108970835408,324,63,0.7777777777777778,7,7,9,0.019346309825778008,3355,-0.5997841954231262,6,0.06764829158782959,15,146
1114,LONG,8d22c4620904b8740d8ab4b47f8b70a254fbc2635321742afc3bcc103d2eb7ea,"[1562, 1576]","['MARKET_REGIME_STRUCTURE', 'TREND', 'VOLATILITY']",0.08280280232429504,0.02472103101308528,114,63,0.7777777777777778,7,7,9,0.008275378495454788,658,-0.5469447374343872,1,0.08280280232429504,15,147
412,LONG,1e0e354d83efa325bc67aaee3f1c6d34e9b271e943ffebf0b49f583f8f4bfc8d,"[1998, 692]","['MEAN_REVERSION', 'MOMENTUM', 'RELATIVE_CROSS_SECTIONAL']",0.08423400670289993,0.010081766525035535,137,63,0.7777777777777778,7,7,9,0.013846312649548054,785,-0.444052517414093,3,0.08423400670289993,15,148
442,LONG,4c7ba9d6d3bddcc5835e9a0e6d276d11596fb92ae37271f692b9933adcc05c21,"[1998, 1326]","['BREAKOUT', 'MEAN_REVERSION', 'MOMENTUM', 'RELATIVE_CROSS_SECTIONAL']",0.08818025887012482,0.004682421784034482,108,63,0.7777777777777778,7,7,9,0.016285626217722893,690,-0.44096365571022034,3,0.08818025887012482,15,149
523,LONG,867c7739cec8bc7903d07c94ab1c988a86ffaba165b3bca53ef7bd4486c12789,"[988, 2202]","['MEAN_REVERSION', 'MOMENTUM', 'RELATIVE_CROSS_SECTIONAL']",0.08075214922428131,0.06062089564671458,561,63,0.6666666666666666,6,6,9,0.01148632145486772,3189,-0.43612927198410034,4,0.08075214922428131,15,150
1096,LONG,f51b6bc365b8758bfcfa70dfee5c48be178aaca4449db6206c500900de2c17b8,"[1648, 2574]","['MEAN_REVERSION', 'VOLATILITY', 'VOLUME_LIQUIDITY']",0.08334016799926758,0.05330393194091493,449,63,0.6666666666666666,6,6,9,0.012433931231498718,2055,-0.44308507442474365,5,0.08334016799926758,15,151
802,LONG,062e0c00a2d657da97c25ac0291a39e8d223d98c0d178c2dae643f6099e83bd4,"[1970, 844]","['BREAKOUT', 'MEAN_REVERSION', 'MOMENTUM', 'VOLUME_LIQUIDITY']",0.08775436878204346,0.05047621178206155,159,63,0.6666666666666666,6,6,9,0.01967479381710291,317,-0.3568212389945984,5,0.08775436878204346,15,152
443,LONG,2ba88dff7616a2ea2e6625ea7a11476f657efdfde30b0d1318057f0bc711d968,"[938, 54]","['MARKET_REGIME_STRUCTURE', 'TREND']",0.09428662061691284,0.048750309713529755,254,63,0.6666666666666666,6,6,9,0.016093548852950335,2121,-0.4381217360496521,4,0.09428662061691284,15,153
66,LONG,8cbf9e55acfce0ab7b521127232ec32328eb06fdaae1e4930ec3bfa61dcfbb94,"[602, 330]","['BREAKOUT', 'VOLATILITY']",0.09485187381505966,0.030812926012936406,225,63,0.6666666666666666,6,6,9,0.008199785370379686,6718,-0.5804083943367004,1,0.09485187381505966,15,154
971,LONG,a747bd6264474560bfbdef04ac59ae17594c6791ce8bf3420342b8ebee4a3d7f,"[1272, 996]","['BREAKOUT', 'MEAN_REVERSION', 'VOLUME_LIQUIDITY']",0.08136741816997528,0.06378637460040748,848,63,0.5555555555555556,5,5,9,0.01597602665424347,5785,-0.463836669921875,4,0.08136741816997528,15,155
450,LONG,a490c8987c0755d8397f3bec99aabf041eaad416de7fdf32196d91faa4b3535f,"[602, 68]",['VOLATILITY'],0.08328385651111603,0.06350457056247984,600,63,0.5555555555555556,5,5,9,0.013601918704807758,53058,-0.47752729058265686,4,0.08328385651111603,15,156
293,LONG,f6eb9d108fccbc056f11e96d7cea8a0da2c60abd09e655e07341047c6d7c87b0,"[946, 330]","['MEAN_REVERSION', 'MOMENTUM', 'VOLATILITY']",0.08997523039579391,0.0632678690018681,570,63,0.5555555555555556,5,5,9,0.012443124316632748,10663,-0.492520272731781,3,0.08997523039579391,15,157
756,LONG,7e628bf87f88db5d641ed4a9c7f8c9aa6086605948727688466fee1488dfc9ba,"[1326, 368]","['BREAKOUT', 'VOLATILITY', 'VOLUME_LIQUIDITY']",0.09018827229738235,0.06304364841873061,431,63,0.5555555555555556,5,5,9,0.015798617154359818,9431,-0.44379371404647827,3,0.09018827229738235,15,158
1081,LONG,51728b278a70b16ca20d2002ec6dab84b8ce6267114c78e09a17d353d6a22b38,"[214, 2262]","['MEAN_REVERSION', 'MOMENTUM']",0.09471190720796585,0.051145751050892474,232,63,0.5555555555555556,5,5,9,0.02214786782860756,2336,-0.5027418732643127,3,0.09471190720796585,15,159
482,LONG,f9cd30d451a6b4059fb50231658d890af990d660398896dae0a8267e0e687be6,"[858, 2572]","['MEAN_REVERSION', 'MOMENTUM', 'TREND']",0.09723330289125443,0.04897618676075215,287,63,0.5555555555555556,5,5,9,0.02457251027226448,964,-0.48525479435920715,3,0.09723330289125443,15,160
552,LONG,497f65f57d02d74a117dd89dcbeaa25fc52c0941bf7b93201db9e8225239d954,"[3874, 2100]","['MARKET_REGIME_STRUCTURE', 'MEAN_REVERSION', 'MOMENTUM', 'VOLATILITY', 'VOLUME_LIQUIDITY']",0.0855492353439331,0.0647380860791856,587,63,0.4444444444444444,4,4,9,0.014004005584865808,4910,-0.4014470875263214,3,0.0855492353439331,15,161
687,LONG,5ab99739698b5824de0a688bd70656a402eb8e9168264d3553d1d6bbf9d55f00,"[1392, 4320]","['BREAKOUT', 'RELATIVE_CROSS_SECTIONAL', 'VOLUME_LIQUIDITY']",0.09765536338090897,0.05380098238894932,112,63,0.4444444444444444,4,4,9,0.014759551268070936,233,-0.3799414336681366,1,0.09765536338090897,15,162
125,LONG,569092cfc6f01d84dff6546ddd4318942935d68aeb22b53df186856cff8a372f,"[1648, 1482]","['MEAN_REVERSION', 'VOLATILITY']",0.1021890938282013,0.03627382441881012,183,63,0.3333333333333333,3,3,9,0.016317568719387054,998,-0.5977479815483093,1,0.1021890938282013,15,163
869,LONG,e61a91e6839d20e225bc3b340ffbfbf86fe3da797bc8afe4390581854c939a3f,"[2906, 2642]","['BREAKOUT', 'RELATIVE_CROSS_SECTIONAL', 'VOLATILITY']",0.10240767896175385,0.03481816069209816,206,63,0.3333333333333333,3,3,9,0.00985705852508545,1394,-0.457001268863678,1,0.10240767896175385,15,164
515,LONG,9f560479c8609f53b96be3c9f9fb779be86c4f45a209321ba45914b660288616,"[198, 870]","['MOMENTUM', 'TREND']",0.08250731229782104,0.02456523264029216,56,20,0.7777777777777778,7,7,9,0.02504110150039196,205,-0.2773870825767517,3,nan,16,165
1020,LONG,dd8220d37d58fe765cfcdbf6f4b8bcb5294c6f6f13d392bc9642b41514821595,"[1734, 652]","['MARKET_REGIME_STRUCTURE', 'MEAN_REVERSION', 'VOLUME_LIQUIDITY']",0.07730043679475784,0.05736415941802888,797,63,0.6666666666666666,6,6,9,0.012602116446942091,5312,-0.5119603872299194,5,0.07730043679475784,16,166
83,LONG,ac988a02bafc16b396d1c15b1cf1ec5a2a92d4821ad718106efaf7987add7271,"[2124, 526]","['BREAKOUT', 'MARKET_REGIME_STRUCTURE', 'MOMENTUM', 'RELATIVE_CROSS_SECTIONAL', 'VOLATILITY']",0.0795162096619606,0.05329559332979966,141,63,0.6666666666666666,6,6,9,0.019790590275079012,689,-0.24754655361175537,3,0.0795162096619606,16,167
846,LONG,4214e584a6c6c92f164610e1a568ed39ef8a7a70fca2ebb855d1b8f49babc5ae,"[474, 980]","['MOMENTUM', 'TREND', 'VOLUME_LIQUIDITY']",0.08025205135345459,0.04928728929912282,375,63,0.6666666666666666,6,6,9,0.01676111062988639,2099,-0.3295450806617737,4,0.08025205135345459,16,168
496,LONG,6ac6fefc0f1928dfb8b5fae73ff1c06b51414ba4ccd38d9cad5e90e75d5f7cdd,"[558, 870]","['MEAN_REVERSION', 'MOMENTUM', 'VOLUME_LIQUIDITY']",0.0838671550154686,0.043154898686298265,244,63,0.6666666666666666,6,6,9,0.012506794184446335,813,-0.5024363994598389,1,0.0838671550154686,16,169
403,LONG,fd3f18b6bec0fdff572ace103386b81fc13185e7a4e8b3ab17e779b7d0047c45,"[2572, 1082]","['BREAKOUT', 'MEAN_REVERSION', 'TREND', 'VOLUME_LIQUIDITY']",0.08546174317598343,0.041036966671217805,290,63,0.6666666666666666,6,6,9,0.019028653390705585,549,-0.4183548390865326,4,0.08546174317598343,16,170
1077,LONG,31a7bca846a4894f166619a678c9638aa06105f5b2f1904949f68e6a13ebec03,"[352, 2182]",['BREAKOUT'],0.08977460116147995,0.040210479691651334,204,63,0.6666666666666666,6,6,9,0.024588811211287975,1204,-0.4037092626094818,5,0.08977460116147995,16,171
45,LONG,340f7639961544942151fbe79be671e6b036489f27219d6f150b862bdd32700b,"[540, 704]",['MEAN_REVERSION'],0.07921770960092545,0.06360349644317947,1274,63,0.5555555555555556,5,5,9,0.01070970855653286,18849,-0.45485928654670715,3,0.07921770960092545,16,172
372,LONG,3e8c4113e45c02dcc5b14c7e3dd84793f8316e6e6518e30b94e5a21c062886e2,"[1478, 2124]","['MEAN_REVERSION', 'VOLUME_LIQUIDITY']",0.08238053321838379,0.06336623367700818,732,63,0.5555555555555556,5,5,9,0.013403899036347866,13746,-0.4915977418422699,4,0.08238053321838379,16,173
983,LONG,c2429deb0d8a4da979d52879da035f47cba61a1010234bb4fad51655d6434476,"[798, 2720]","['BREAKOUT', 'MOMENTUM', 'VOLUME_LIQUIDITY']",0.08765473961830139,0.06164940581457399,616,63,0.5555555555555556,5,5,9,0.013261357322335243,13388,-0.479338675737381,4,0.08765473961830139,16,174
986,LONG,ea7a2b21dd9dc249a3a943ec01151df44bca753d92ce8ddc78eb81d6adf8cb7b,"[3952, 2412]","['BREAKOUT', 'MEAN_REVERSION', 'TREND', 'VOLATILITY', 'VOLUME_LIQUIDITY']",0.0893787294626236,0.06104958885074986,270,63,0.5555555555555556,5,5,9,0.01561677549034357,774,-0.35315030813217163,2,0.0893787294626236,16,175
500,LONG,5dd6924c73580a5e1c5a5c53869a2f605cf331fe23a65eef68bd42d95f6b07fe,"[610, 858]","['MEAN_REVERSION', 'VOLATILITY']",0.08942374587059021,0.05935229933722734,611,63,0.5555555555555556,5,5,9,0.016387268900871277,3013,-0.4547441899776459,3,0.08942374587059021,16,176
642,LONG,f3ccfd59644c61c592f6927b0bd13b74e4e847a02f22a3124273f144ad781027,"[458, 972]","['VOLATILITY', 'VOLUME_LIQUIDITY']",0.0895153358578682,0.056683089559157865,409,63,0.5555555555555556,5,5,9,0.016822248697280884,10032,-0.5071859955787659,4,0.0895153358578682,16,177
783,LONG,88b59898c89260baa9da350e2f3c88147976e219eb66bd3e0029cbdc48414a81,"[972, 2286]","['MEAN_REVERSION', 'MOMENTUM', 'VOLUME_LIQUIDITY']",0.09633826464414597,0.044264758574330244,147,63,0.5555555555555556,5,5,9,0.0224650539457798,1431,-0.5062955021858215,3,0.09633826464414597,16,178
603,LONG,4e92e076d3b9e620cab6bb3f658eb67f68712503a6c7d1e7bc45222a32f6a801,"[70, 430]",['MEAN_REVERSION'],0.07984498143196106,0.06419631280521862,1274,63,0.4444444444444444,4,4,9,0.01378988428041339,18831,-0.45440733432769775,3,0.07984498143196106,16,179
62,LONG,19b6b377bfded9c37781bca0433c41bf53ba0d57e2465e0ac4a62434eef35867,"[706, 568]",['MARKET_REGIME_STRUCTURE'],0.08269929885864258,0.06278963566733299,885,63,0.4444444444444444,4,4,9,0.017654395196586847,21708,-0.48687857389450073,4,0.08269929885864258,16,180
214,LONG,b769b1175abe00478dc814fd2ccb35e2cd327a98bd5a7e3f43852793e8e89ed3,"[2100, 2254]","['BREAKOUT', 'MARKET_REGIME_STRUCTURE', 'MOMENTUM', 'VOLUME_LIQUIDITY']",0.09463907033205032,0.04832927754989453,103,63,0.4444444444444444,4,4,9,0.01671946281567216,462,-0.47612082958221436,2,0.09463907033205032,16,181
919,LONG,4c2ac1629ba946666adecde5e70b167c42d7687f4ebeb6f2b81fc70f8908827a,"[574, 1326]","['MEAN_REVERSION', 'VOLUME_LIQUIDITY']",0.0855671614408493,0.061748265131510716,783,63,0.3333333333333333,3,3,9,0.008563736453652382,3418,-0.457409143447876,1,0.0855671614408493,16,182
570,LONG,4c8630031a1f9100496f78a74b06468e5649acb00aa8eb72007e7fa17a35df9e,"[2620, 472]","['BREAKOUT', 'TREND', 'VOLATILITY', 'VOLUME_LIQUIDITY']",0.0929127186536789,0.05269664494468064,187,63,0.3333333333333333,3,3,9,0.033421557396650314,287,-0.43775099515914917,2,0.0929127186536789,16,183
623,LONG,b30a0d45e50c7709dbf8f27d78bf493834adc903bfeede30cdf72d1099e7fb4e,"[3662, 4174]","['MEAN_REVERSION', 'MOMENTUM', 'RELATIVE_CROSS_SECTIONAL', 'TREND']",0.09573446959257126,0.052263903521006475,106,63,0.2222222222222222,2,2,9,0.05441123899072409,361,-0.3341975212097168,1,0.09573446959257126,16,184
1171,LONG,f47d4041667ddc9aec5d80f0b7e41980126e0d962ab47ebc5e231a811619550f,"[992, 1644]","['MEAN_REVERSION', 'MOMENTUM', 'RELATIVE_CROSS_SECTIONAL']",0.07896723598241806,0.0223872500569713,163,63,0.7777777777777778,7,7,9,0.011738485656678677,2560,-0.5913586616516113,3,0.07896723598241806,17,185
792,LONG,155cd96faa2638a7933ec3683549b57c48064c8fcb27b4da20723ca2c59df113,"[646, 3158]","['MARKET_REGIME_STRUCTURE', 'VOLATILITY']",0.07650324702262878,0.057116805292069,868,63,0.6666666666666666,6,6,9,0.016486635897308588,30635,-0.4443452060222626,5,0.07650324702262878,17,186
430,LONG,3dde334d58e375879f923740fabb59d799e203c2aab02c2fe8315f0fb59e1f72,"[474, 938]","['TREND', 'VOLUME_LIQUIDITY']",0.07825916260480881,0.0525116895441565,576,63,0.6666666666666666,6,6,9,0.01982579519972205,3498,-0.38963648676872253,5,0.07825916260480881,17,187
134,LONG,a6cf3e180c9dc44690f9bdd4e1beb95a0fd66ac5ef6274ebd061d21f850ad29e,"[2272, 526]","['MARKET_REGIME_STRUCTURE', 'MOMENTUM', 'TREND', 'VOLATILITY']",0.08194688707590103,0.03784744844390753,195,63,0.6666666666666666,6,6,9,0.01507917931303382,402,-0.29744112491607666,2,0.08194688707590103,17,188
558,LONG,2a8005d3685efb7d6edec5e5370138c194b14d47dabcbae1ab38141ab3204efd,"[2340, 1478]","['MEAN_REVERSION', 'MOMENTUM', 'VOLATILITY']",0.08328069001436234,0.026354681584443707,200,63,0.6666666666666666,6,6,9,0.004845256684347987,869,-0.4671734869480133,1,0.08328069001436234,17,189
36,LONG,92dc51cd5470f4b1ba1aa5fe5660457ce6d2a1d8bfdf211dbba6d6e1aab48438,"[976, 1026]","['MEAN_REVERSION', 'MOMENTUM']",0.07063901424407959,0.06147549387897153,1392,63,0.5555555555555556,5,5,9,0.012354077771306038,21924,-0.34698840975761414,4,0.07063901424407959,17,190
103,LONG,01ebabc3e0da2ad604f9e1c0019ab5a919f6f09ff0274f954b63fa806ba0d0e2,"[2100, 4250]","['BREAKOUT', 'MARKET_REGIME_STRUCTURE', 'MOMENTUM', 'VOLUME_LIQUIDITY']",0.08421605080366135,0.06080393165382117,553,63,0.5555555555555556,5,5,9,0.010465945117175579,2799,-0.4360768795013428,3,0.08421605080366135,17,191
65,LONG,08ea8a8a1a0c0432b40605e9bf57a836d6fe259dd984661b1f6549c443da82f4,"[992, 272]","['MEAN_REVERSION', 'MOMENTUM']",0.08833716064691544,0.0606570349612178,520,63,0.5555555555555556,5,5,9,0.015075520612299442,9740,-0.5298816561698914,4,0.08833716064691544,17,192
1003,LONG,f60d70713d10f4c72d96513d8ff2919167fd74350da127816ba704ee928e0701,"[1426, 1648]","['BREAKOUT', 'MARKET_REGIME_STRUCTURE', 'RELATIVE_CROSS_SECTIONAL']",0.09113719314336777,0.042194503368746604,92,63,0.5555555555555556,5,5,9,0.026256659999489784,207,-0.21550770103931427,1,0.09113719314336777,17,193
336,LONG,4eb368d77c0d766a37e66a0df84c54c4f6810067e0c998c156e3350733c7c7f5,"[1322, 1562]","['BREAKOUT', 'VOLATILITY', 'VOLUME_LIQUIDITY']",0.09632236510515213,0.028927425820552313,114,63,0.5555555555555556,5,5,9,0.026347283273935318,440,-0.467441588640213,1,0.09632236510515213,17,194
827,LONG,484d5a5c105ee991bc1efaf0d4c2e4658520cc5e7f7ed88ade177a6449f6e70c,"[692, 4320]","['MARKET_REGIME_STRUCTURE', 'VOLUME_LIQUIDITY']",0.07837977260351181,0.06178609923164809,818,63,0.4444444444444444,4,4,9,0.015106395818293095,17122,-0.45678970217704773,3,0.07837977260351181,17,195
92,LONG,ea73a3dee085bb87d0498e3c5b839d95c57c67beb304263b5f417dfb6a55236a,"[692, 772]",['MARKET_REGIME_STRUCTURE'],0.07857353985309601,0.061597943612294134,792,63,0.4444444444444444,4,4,9,0.01449092011898756,31482,-0.45864707231521606,4,0.07857353985309601,17,196
120,LONG,c159564c5a44b3bb7e4541b7334eccefb4be15cb340aae279e4138a756e70996,"[68, 870]",['MEAN_REVERSION'],0.08161573112010956,0.061160030222453,653,63,0.4444444444444444,4,4,9,0.0152701735496521,20740,-0.487737774848938,3,0.08161573112010956,17,197
559,LONG,1ec2a5ca8ec64ebbc73f5c3c1ff13a88fdf9415ea74e52969ca91458c24fb888,"[1704, 70]","['MEAN_REVERSION', 'RELATIVE_CROSS_SECTIONAL', 'VOLUME_LIQUIDITY']",0.09595044702291489,0.04394957572851662,268,63,0.4444444444444444,4,4,9,0.01767298113554716,2288,-0.4242180585861206,2,0.09595044702291489,17,198
799,LONG,b3b14390548be28e6dccbf475103bb38c8eab7417e5f827e8de33705e0b7e28f,"[2770, 3002]","['BREAKOUT', 'MEAN_REVERSION', 'RELATIVE_CROSS_SECTIONAL']",0.047122079879045486,0.02015015225078766,200,63,0.7777777777777778,7,7,9,0.011936877854168415,449,-0.341732919216156,6,0.047122079879045486,18,199
981,LONG,2e5487565d3c1875ae9505f70d04c6a87622221866973b67089751810f256f16,"[2434, 694]","['MARKET_REGIME_STRUCTURE', 'MEAN_REVERSION', 'MOMENTUM', 'VOLUME_LIQUIDITY']",0.07348959147930145,-0.003851455690238967,102,63,0.7777777777777778,7,7,9,0.0231923907995224,812,-0.4817739725112915,0,0.07348959147930145,18,200
299,LONG,d6c9acbd4151d2e45dace74ca09748675ae0fb4f147c014a0c61e08c2622db3d,"[646, 3874]",['MARKET_REGIME_STRUCTURE'],0.07561208307743073,0.056609567744113694,884,63,0.6666666666666666,6,6,9,0.016310936771333218,31339,-0.44107890129089355,5,0.07561208307743073,18,201
375,LONG,d4bf1aa544ef1152478ca293f2565d14b0e4e9cdb03d23aab270b2e5267f3ca6,"[858, 1410]","['MARKET_REGIME_STRUCTURE', 'MEAN_REVERSION', 'MOMENTUM', 'TREND']",0.07572083920240402,0.02835756109735415,192,63,0.6666666666666666,6,6,9,0.01575186988338828,1216,-0.47605401277542114,2,0.07572083920240402,18,202
934,LONG,09913f8d4669977816625b375b3f0798c73d0bcf7bf5826370452dc774b3b20f,"[1426, 1998]","['MARKET_REGIME_STRUCTURE', 'RELATIVE_CROSS_SECTIONAL']",0.07375170290470123,0.060583218593729685,1150,63,0.5555555555555556,5,5,9,0.013612058945000172,28242,-0.40480899810791016,4,0.07375170290470123,18,203
423,LONG,45b6f334345b627382c7d979e3c4f06668ffac3c746e590621d5764fe3d5a1fd,"[3874, 3926]","['MARKET_REGIME_STRUCTURE', 'MEAN_REVERSION', 'MOMENTUM', 'VOLATILITY', 'VOLUME_LIQUIDITY']",0.08338196575641632,0.06048133647217827,460,63,0.5555555555555556,5,5,9,0.014320299960672855,3659,-0.4489935040473938,4,0.08338196575641632,18,204
410,LONG,8fae1038d929ca5d4e05dc7a4237d91413538c8968c3198ff7b6c4cbf65e829d,"[1454, 992]","['MEAN_REVERSION', 'TREND', 'VOLATILITY']",0.08440887182950974,0.060430338800853745,577,63,0.5555555555555556,5,5,9,0.012764749117195606,10715,-0.5126298069953918,3,0.08440887182950974,18,205
338,LONG,fc6ded014dfa1f97355773185ff717a5cad85030e7e6e8a49f373438159ca394,"[2234, 216]","['MOMENTUM', 'TREND', 'VOLUME_LIQUIDITY']",0.08751203119754791,0.056780218926321915,531,63,0.5555555555555556,5,5,9,0.015562646090984344,6537,-0.5134286880493164,4,0.08751203119754791,18,206
653,LONG,6f6c2d1f3fd2cf6855256af987b2d02f12dbce0c458d468cde2d9b01dbb0c39d,"[1036, 1544]","['MOMENTUM', 'VOLATILITY', 'VOLUME_LIQUIDITY']",0.08862952142953873,0.038277646486206816,471,63,0.5555555555555556,5,5,9,0.02160806581377983,3327,-0.5432137250900269,3,0.08862952142953873,18,207
79,LONG,945b4830cc882da4b9e9ac1fda9068911ece9e3f4fd46d0d41e70ab61e57a587,"[638, 700]","['RELATIVE_CROSS_SECTIONAL', 'VOLATILITY']",0.09502720087766647,0.007116549747725909,150,63,0.5555555555555556,5,5,9,0.022913971915841103,1493,-0.4287264049053192,3,0.09502720087766647,18,208
563,LONG,c9d878ea1e42eb5bee8a0c25ad3a04b3dc886ba29d249f736b5dc69b310a073d,"[540, 2340]","['MEAN_REVERSION', 'VOLUME_LIQUIDITY']",0.07705564796924591,0.06150228054688857,1251,63,0.4444444444444444,4,4,9,0.013794677797704935,12597,-0.4513743221759796,3,0.07705564796924591,18,209
470,LONG,e6c2514d7e3a962756a0b2a9018d332b18e1852edbd88a42212f1126a606e7aa,"[2642, 2286]","['BREAKOUT', 'TREND', 'VOLATILITY']",0.08827570825815201,0.0579500733975139,406,63,0.4444444444444444,4,4,9,0.012405280023813248,5029,-0.39671748876571655,3,0.08827570825815201,18,210
650,LONG,ec183d7f207165fd95301064cec3a4111f552ff3e77bfdb08d610f959465aec8,"[1672, 1532]","['MEAN_REVERSION', 'RELATIVE_CROSS_SECTIONAL', 'VOLATILITY']",0.09246136248111725,0.03381572942057557,156,63,0.4444444444444444,4,4,9,0.018356152810156345,598,-0.47216716408729553,1,0.09246136248111725,18,211
345,LONG,942caeb8b0460e9aa68e0612a1205c3d8a299d6958f55b679737f49c8e2b2403,"[1704, 214]","['MEAN_REVERSION', 'RELATIVE_CROSS_SECTIONAL']",0.0898914709687233,0.041445762721027395,259,63,0.3333333333333333,3,3,9,0.010022027418017387,2508,-0.4376566708087921,1,0.0898914709687233,18,212
890,LONG,1d0a4c944ed95158687412c318f1ef14154894dadf787f2d1d2a44363e4a2e81,"[692, 1660]","['MARKET_REGIME_STRUCTURE', 'MEAN_REVERSION', 'VOLUME_LIQUIDITY']",0.08515851199626923,0.05952600077621753,353,63,0.2222222222222222,2,2,9,0.04374281084164977,1004,-0.46184393763542175,1,0.08515851199626923,18,213
1174,LONG,d4f53647b971fa11e15920264befcf524016c3a116fc7c6d130ee03bbf5f3b48,"[974, 1570]","['MEAN_REVERSION', 'MOMENTUM', 'VOLUME_LIQUIDITY']",0.03787937015295029,0.004778647759284736,173,63,0.7777777777777778,7,7,9,0.0032466112170368433,210,-0.3127560019493103,1,0.03787937015295029,19,214
1089,LONG,8e30825286f0f3ee1def3bdc0edd3320812791060682437c69b7bbf16c78538a,"[756, 474]","['BREAKOUT', 'MEAN_REVERSION', 'MOMENTUM']",0.046509455889463425,-0.021385342123049267,65,63,0.7777777777777778,7,7,9,0.014712604694068432,291,-0.4288182854652405,0,0.046509455889463425,19,215
147,LONG,fb0918afef27bf7052ae19d1c56a521a5b48462deb4575ab89f9770d50f4390a,"[646, 2962]","['MARKET_REGIME_STRUCTURE', 'VOLATILITY']",0.07377813756465912,0.05428055251755058,877,63,0.6666666666666666,6,6,9,0.01712811551988125,27377,-0.44465354084968567,5,0.07377813756465912,19,216
821,LONG,ea220912ec6f4cfea1bc35e7df8d99a5f3d3715a7ae9dd7039053da3f7689a43,"[626, 694]","['RELATIVE_CROSS_SECTIONAL', 'VOLATILITY', 'VOLUME_LIQUIDITY']",0.07442378997802734,0.010846602093599347,135,63,0.6666666666666666,6,6,9,0.015794732607901096,309,-0.5772664546966553,1,0.07442378997802734,19,217
368,LONG,f23e71eacff638d7503d7f7c92412a69680129422ee90b2b4b0e00b40c10c395,"[1648, 3012]","['MEAN_REVERSION', 'VOLUME_LIQUIDITY']",0.07908602058887482,0.06007852796089182,678,63,0.5555555555555556,5,5,9,0.013149567879736423,21029,-0.48402509093284607,4,0.07908602058887482,19,218
351,LONG,f97ae4534da6b20f230c2a080c29b0b367a2fe01fbb369b8d20d5f31ef7aa752,"[2574, 3484]","['MEAN_REVERSION', 'TREND', 'VOLUME_LIQUIDITY']",0.08030127733945847,0.05839692149321088,679,63,0.5555555555555556,5,5,9,0.013244056142866611,5049,-0.4877558648586273,3,0.08030127733945847,19,219
624,LONG,399e486715cc5933f39006391e2800c0341880cfc22496ac3ab2c41538f77ac1,"[2630, 2434]","['BREAKOUT', 'TREND', 'VOLATILITY', 'VOLUME_LIQUIDITY']",0.08435012400150299,0.05575453239207205,459,63,0.5555555555555556,5,5,9,0.011309606023132801,9439,-0.41761839389801025,3,0.08435012400150299,19,220
768,LONG,05ac27811939e3c2f5df3830b544fd2e4fd08e416968190704f8097766d5f44f,"[3874, 70]","['MARKET_REGIME_STRUCTURE', 'MEAN_REVERSION', 'MOMENTUM', 'VOLATILITY', 'VOLUME_LIQUIDITY']",0.08461637049913406,0.054560622293765765,262,63,0.5555555555555556,5,5,9,0.011934214271605015,2675,-0.3406558334827423,3,0.08461637049913406,19,221
745,LONG,a9c44d259b65e34492787ec8a67d93dc065fa326836eaf442e086eed316e079e,"[2234, 3010]","['MOMENTUM', 'TREND', 'VOLATILITY', 'VOLUME_LIQUIDITY']",0.08502575755119324,0.05012824760443474,386,63,0.5555555555555556,5,5,9,0.010173228569328785,2263,-0.36125802993774414,4,0.08502575755119324,19,222
118,LONG,e26d762d302649b42277183cfe510c2e067a4b3a9d09835651540480469d230a,"[330, 1440]","['BREAKOUT', 'MEAN_REVERSION']",0.08742695301771164,0.04670045213436133,579,63,0.5555555555555556,5,5,9,0.011157281696796417,7172,-0.4800031781196594,3,0.08742695301771164,19,223
1191,LONG,4f46d043ef45ea50dc6b8cabe2d60e7d717991cd22e02fa8841b5f6230f78755,"[946, 2770]","['MEAN_REVERSION', 'MOMENTUM', 'VOLATILITY']",0.08828389644622803,0.03601183283454402,219,63,0.5555555555555556,5,5,9,0.02111281454563141,2119,-0.5229753255844116,2,0.08828389644622803,19,224
11,LONG,ef80677707016d90d5962cc1257fc160c9a158115fc39ff7e3170d71a6390829,"[2572, 2872]","['BREAKOUT', 'MEAN_REVERSION', 'TREND', 'VOLUME_LIQUIDITY']",0.08837880194187164,0.03401843226627077,275,63,0.5555555555555556,5,5,9,0.027828341349959373,522,-0.4659021198749542,3,0.08837880194187164,19,225
713,LONG,07eb1be2f88e96e8acfdb0a1fe16f0125dfb5aac36cbc55353d81a2fd5a12939,"[426, 526]","['MEAN_REVERSION', 'TREND']",0.07921984791755676,0.06015403919167671,788,63,0.4444444444444444,4,4,9,0.014422353822737932,17516,-0.43250563740730286,3,0.07921984791755676,19,226
963,LONG,a00bbf1d1ede1b7097e069b728a2ea56423b673f11ca2a5dfa5a2f17323d7869,"[522, 432]","['MEAN_REVERSION', 'VOLATILITY']",0.0826161652803421,0.05935400793560067,1238,63,0.4444444444444444,4,4,9,0.012589643243700266,17783,-0.518232524394989,3,0.0826161652803421,19,227
1058,LONG,b97e0afe9f4b125a2ad715ba878ebc9cae65ae6d5817f49352d8662a7784249b,"[854, 844]","['MEAN_REVERSION', 'MOMENTUM', 'TREND']",0.08349309116601944,0.05670271830433936,268,63,0.4444444444444444,4,4,9,0.011060132179409266,3465,-0.34669026732444763,2,0.08349309116601944,19,228
447,LONG,efdb2a07d19c6406e44446b7b7ad6cd0e3e1b5da56a52492f56ae8632d4ceafc,"[2202, 2170]","['MARKET_REGIME_STRUCTURE', 'MEAN_REVERSION', 'MOMENTUM', 'TREND']",0.0879625529050827,0.05668311940435556,365,63,0.4444444444444444,4,4,9,0.015417273622006178,4534,-0.520343542098999,3,0.0879625529050827,19,229
1039,LONG,9d3db0bd6bb6c7a1bcf40d93ebaff36eec7f01c31bf6810ac0f93a2630f00582,"[522, 472]","['MEAN_REVERSION', 'TREND', 'VOLATILITY']",0.08811672031879425,0.055691633959769456,705,63,0.4444444444444444,4,4,9,0.0134138697758317,5913,-0.4855433404445648,3,0.08811672031879425,19,230
814,LONG,c2160d2b237546a568c06342e3a057f02a8e942f3c6a81137fca54e7bb9b2cb9,"[1878, 590]","['BREAKOUT', 'MOMENTUM', 'TREND', 'VOLATILITY']",0.08996926993131638,0.023330748138294333,116,63,0.4444444444444444,4,4,9,0.02105939108878374,207,-0.4371613562107086,1,0.08996926993131638,19,231
764,LONG,909979ca54e7c49caf5a9e1883ede759bdde3e5460508f831c41a754eb059b1f,"[172, 1482]","['BREAKOUT', 'MOMENTUM']",0.08988144248723984,0.04100350998163124,146,63,0.3333333333333333,3,3,9,0.041687916964292526,253,-0.4972756803035736,2,0.08988144248723984,19,232
632,LONG,852bb7c71c877aa650ab0c0540abd34e04fdae03b7ea72cef5f5d1aeef2a653b,"[988, 802]","['MEAN_REVERSION', 'MOMENTUM', 'RELATIVE_CROSS_SECTIONAL']",0.06713289022445679,0.051248853679778904,621,63,0.6666666666666666,6,6,9,0.009288313798606396,5034,-0.37395793199539185,4,0.06713289022445679,20,233
607,LONG,fcef38a19defde6f792f424938368d5edc907d93165980be762520660fc7fbf9,"[568, 184]","['MEAN_REVERSION', 'MOMENTUM', 'RELATIVE_CROSS_SECTIONAL']",0.06989206373691559,0.04711952659523547,364,63,0.6666666666666666,6,6,9,0.009651578729972243,1744,-0.39130523800849915,3,0.06989206373691559,20,234
1027,LONG,5dd90030b6ffbedf2baab1431bd0eaaa40cd7cd3e620b8ffc80c49e0e3ba7d28,"[1034, 590]","['MOMENTUM', 'VOLATILITY']",0.07181112468242645,0.04687797542224044,675,63,0.6666666666666666,6,6,9,0.018479834776371717,14112,-0.5030346512794495,5,0.07181112468242645,20,235
895,LONG,c290f150a1cfc2d5727052051c8b3ffa865e86fcbf49cce341b097f3953ec805,"[2124, 1460]","['BREAKOUT', 'MARKET_REGIME_STRUCTURE', 'MOMENTUM', 'RELATIVE_CROSS_SECTIONAL', 'VOLUME_LIQUIDITY']",0.07220330834388733,0.0436207130322078,113,63,0.6666666666666666,6,6,9,0.03299275226891041,223,-0.163530632853508,4,0.07220330834388733,20,236
145,LONG,e7057103393fb3b0e98f0186c152b1548c1f44cf60313fa4ace37b456d1e14f8,"[1490, 772]","['MEAN_REVERSION', 'RELATIVE_CROSS_SECTIONAL', 'TREND']",0.07307080179452896,0.020518174133547465,150,63,0.6666666666666666,6,6,9,0.017028560861945152,398,-0.37643349170684814,4,0.07307080179452896,20,237
974,LONG,eb231fd21eb31dc19de1b558dea145018ee5c0a94c4bff67824ef0ecc360f5f9,"[692, 1734]","['MARKET_REGIME_STRUCTURE', 'VOLUME_LIQUIDITY']",0.07507369667291641,0.05832192621815639,699,63,0.5555555555555556,5,5,9,0.012139902450144291,11889,-0.44538071751594543,4,0.07507369667291641,20,238
1133,LONG,4754b9708c2e124598e5d39dd622811a7f44240fde97d892730c335a8cf02c6a,"[1648, 2376]","['MEAN_REVERSION', 'VOLATILITY', 'VOLUME_LIQUIDITY']",0.07569456845521927,0.057001619222643754,678,63,0.5555555555555556,5,5,9,0.011536035686731339,26354,-0.47111776471138,4,0.07569456845521927,20,239
1034,LONG,7164092325c09a843a003ec14f260507ad9b6412501f4bdbe2633439e6b108b6,"[526, 2630]",['VOLATILITY'],0.08130965381860733,0.05506956720892904,547,63,0.5555555555555556,5,5,9,0.011262460611760616,17600,-0.4564681947231293,4,0.08130965381860733,20,240
633,LONG,338a78fe56d258b4d21a4b6dd6dadf8e44c4eab772c1989235a1b187cfe818d7,"[1460, 1440]","['MEAN_REVERSION', 'TREND', 'VOLUME_LIQUIDITY']",0.08261994272470474,0.042241244413436047,232,63,0.5555555555555556,5,5,9,0.02263008989393711,557,-0.44104108214378357,3,0.08261994272470474,20,241
266,LONG,851783cf6630babebe69e3bf19452ec51126cf5064ca48991c6f40a4ee0f7992,"[638, 2202]","['RELATIVE_CROSS_SECTIONAL', 'VOLATILITY']",0.08471231907606125,0.042151962352996064,357,63,0.5555555555555556,5,5,9,0.016622910276055336,4896,-0.5433849692344666,3,0.08471231907606125,20,242
390,LONG,e061f27cd857a6749b4e7c9c2a5ce0b81ffff64cd9c9b0bddbd1c355d1ca0fff,"[1008, 3012]","['MARKET_REGIME_STRUCTURE', 'MOMENTUM']",0.08483453840017319,0.03442411937336817,258,63,0.5555555555555556,5,5,9,0.02886383794248104,1351,-0.5663580894470215,3,0.08483453840017319,20,243
440,LONG,9bce54a38bc26ec9dface36bc743ded0717c60ac230bd0a045aa8655666284d8,"[1952, 3874]","['BREAKOUT', 'MEAN_REVERSION', 'MOMENTUM', 'VOLATILITY']",0.08649741113185883,0.03342624910137261,131,63,0.5555555555555556,5,5,9,0.015559889376163483,396,-0.27591222524642944,2,0.08649741113185883,20,244
754,LONG,41e649b8ba2428dc2a364921980aa5f632a7d0d6425265d7569df276eb36f05b,"[2572, 2720]","['BREAKOUT', 'MEAN_REVERSION', 'TREND', 'VOLUME_LIQUIDITY']",0.08666679263114929,0.03257689422917816,238,63,0.5555555555555556,5,5,9,0.0258317980915308,717,-0.5255722999572754,3,0.08666679263114929,20,245
782,LONG,d4cea270b8a029ba836a4fc1fe98394040daf283d3fb2f790dd6a4fed4fe059f,"[2434, 652]","['MARKET_REGIME_STRUCTURE', 'MEAN_REVERSION', 'MOMENTUM', 'VOLUME_LIQUIDITY']",0.08782639354467392,0.032227353136621624,147,63,0.5555555555555556,5,5,9,0.021205872297286987,1385,-0.4710753858089447,1,0.08782639354467392,20,246
186,LONG,d80864151bdfd02d8f82cb37fb592948c323d2bbb79fdb93b16368f1347ad3a8,"[1366, 2642]","['BREAKOUT', 'VOLATILITY']",0.08092901855707169,0.05805098433773098,523,63,0.4444444444444444,4,4,9,0.011810057330876589,9523,-0.42386922240257263,3,0.08092901855707169,20,247
1110,LONG,95e2d2a32c3c36038f0eaa8df7b31bc0067f6e0d078ff9cab1330d4c70da9402,"[3952, 4250]","['BREAKOUT', 'MEAN_REVERSION', 'TREND', 'VOLUME_LIQUIDITY']",0.08359378576278687,0.051451391831132745,288,63,0.4444444444444444,4,4,9,0.0145399309694767,1642,-0.39293763041496277,1,0.08359378576278687,20,248
1087,LONG,57b8c39d023481cee43adc73bfb0ae4ea9a111064765316d34e8e95c61b771aa,"[2202, 352]","['MARKET_REGIME_STRUCTURE', 'MEAN_REVERSION', 'MOMENTUM', 'TREND']",0.08557646721601486,0.05055028588952053,383,63,0.4444444444444444,4,4,9,0.016673635225743055,4001,-0.5685107707977295,3,0.08557646721601486,20,249
1186,LONG,2058759829ba421a461dd83416e7d571de3b5993e2d298ed0646378be822af54,"[3002, 706]","['MEAN_REVERSION', 'RELATIVE_CROSS_SECTIONAL', 'VOLUME_LIQUIDITY']",0.08747027814388275,0.04860851599322423,163,63,0.4444444444444444,4,4,9,0.035458032973110676,502,-0.42507559061050415,3,0.08747027814388275,20,250
788,LONG,e25652203ddfd786701bebfe7a22081154f4dc0f8fcc429ce4b0e37b21eac952,"[1130, 888]","['MARKET_REGIME_STRUCTURE', 'MOMENTUM']",0.08762774616479874,0.04173614050657598,88,63,0.4444444444444444,4,4,9,0.015876661986112595,1363,-0.39596036076545715,2,0.08762774616479874,20,251
617,LONG,2df2dd61e5bdc07f8509294ba2634535e5181774c5799f02f9f71c7710a485b0,"[1854, 3572]","['MEAN_REVERSION', 'MOMENTUM', 'TREND']",0.0871078297495842,0.05649725601613735,214,63,0.3333333333333333,3,3,9,0.009575816802680492,1443,-0.28266939520835876,1,0.0871078297495842,20,252
954,LONG,826e95a30c5024985c2c94af0374c5bec17c54119e6c218c9216be62d05f0592,"[3912, 1998]","['MARKET_REGIME_STRUCTURE', 'MEAN_REVERSION', 'MOMENTUM', 'RELATIVE_CROSS_SECTIONAL', 'VOLUME_LIQUIDITY']",0.08856379985809326,0.019494334917423015,79,63,0.3333333333333333,3,3,9,0.01774650439620018,230,-0.40975454449653625,1,0.08856379985809326,20,253
411,LONG,4e3e2fd60d0ead89c18177068113d40ee9d0adc4bd9d066d8ac8086f8d56e1de,"[1034, 48]","['MOMENTUM', 'VOLUME_LIQUIDITY']",0.06668146699666977,0.047777643420047256,881,63,0.6666666666666666,6,6,9,0.010540410410612822,23680,-0.4901333451271057,5,0.06668146699666977,21,254
17,LONG,3f6ab9a10ed48681014b5fa764b76ac87a1255f58ddbff8aefe57b23e9ddfe12,"[2412, 1026]","['MEAN_REVERSION', 'MOMENTUM', 'RELATIVE_CROSS_SECTIONAL', 'VOLUME_LIQUIDITY']",0.06835903972387314,0.03910550428190304,388,63,0.6666666666666666,6,6,9,0.013205846771597862,5884,-0.4482436776161194,4,0.06835903972387314,21,255
767,LONG,771bc4c38a27d97785c2085c4254ceb4b084838c39eeb4a006fcaab1ac3ff8ec,"[2182, 216]","['MEAN_REVERSION', 'MOMENTUM', 'RELATIVE_CROSS_SECTIONAL', 'TREND']",0.06869848072528839,0.03652742204194659,232,63,0.6666666666666666,6,6,9,0.01917015528306365,1251,-0.2819307744503021,4,0.06869848072528839,21,256
64,LONG,6632444b1c4364693341d55b72dbf8aaa0023204ddc41b01116333fef3ccd42f,"[1998, 1550]","['BREAKOUT', 'MEAN_REVERSION', 'MOMENTUM', 'RELATIVE_CROSS_SECTIONAL']",0.06923840939998627,0.022101172682958255,136,63,0.6666666666666666,6,6,9,0.009798489627428353,664,-0.4810977876186371,1,0.06923840939998627,21,257
342,LONG,86b06d52d2a5e5ec78b2b8ee7e5d4bb85b9eb6daaa85f393d606a7ee8a2775b2,"[1648, 180]","['MEAN_REVERSION', 'VOLUME_LIQUIDITY']",0.07565192878246307,0.05682671420553172,674,63,0.5555555555555556,5,5,9,0.011530558578670025,24882,-0.472006231546402,4,0.07565192878246307,21,258
1140,LONG,eafb18c78d1454f904b1ceff52e385b50b42b838fedfbb1b1d15dcefc87550b2,"[1648, 888]","['MEAN_REVERSION', 'VOLATILITY']",0.07780605554580688,0.052698032247784375,457,63,0.5555555555555556,5,5,9,0.013867165893316269,13845,-0.4908774793148041,4,0.07780605554580688,21,259
1015,LONG,3d08c1670710ea93f79d7a89b31b25bdb307f8dc3cf23d505b632d2494791d28,"[992, 1648]","['MEAN_REVERSION', 'MOMENTUM', 'RELATIVE_CROSS_SECTIONAL']",0.07915772497653961,0.04322860303506727,341,63,0.5555555555555556,5,5,9,0.012952148914337158,8844,-0.4823624789714813,3,0.07915772497653961,21,260
678,LONG,c87a16cae084a1f775ce01d33d4f8f863ee834bb51fba753a407ea150f62b8fa,"[1030, 1644]","['MOMENTUM', 'VOLATILITY', 'VOLUME_LIQUIDITY']",0.07983297854661942,0.038578242677891644,300,63,0.5555555555555556,5,5,9,0.012846278958022594,1856,-0.47945183515548706,2,0.07983297854661942,21,261
473,LONG,88fec73315f004d713fba066a8886cbac0389ebb94b7e6878b35710ee3906b31,"[3012, 2488]","['MEAN_REVERSION', 'RELATIVE_CROSS_SECTIONAL', 'TREND', 'VOLUME_LIQUIDITY']",0.08160732686519623,0.035495961864983376,109,63,0.5555555555555556,5,5,9,0.02075127325952053,1218,-0.39806216955184937,2,0.08160732686519623,21,262
269,LONG,bcdb05000277bff9bb97ab24d389af373dd769de583da080698379d69b750c8a,"[2412, 1798]","['MEAN_REVERSION', 'RELATIVE_CROSS_SECTIONAL', 'VOLUME_LIQUIDITY']",0.08566198498010635,0.03271916305736772,91,63,0.5555555555555556,5,5,9,0.018259432166814804,671,-0.5023903846740723,3,0.08566198498010635,21,263
857,LONG,bc3cd43c91a7dda740de1f68ebf4d19d1a9a31af886262a51bfa9d941e25a823,"[1326, 1922]","['BREAKOUT', 'VOLATILITY']",0.08048407733440399,0.05786686079205071,561,63,0.4444444444444444,4,4,9,0.014602337032556534,18632,-0.44612976908683777,3,0.08048407733440399,21,264
645,LONG,adcb88ee9d8f3b7aba0c0ed51e18213b9846e3233ca064d71af7bdb8272dde82,"[1460, 1030]","['MEAN_REVERSION', 'TREND', 'VOLUME_LIQUIDITY']",0.08278638124465942,0.05101335252130199,375,63,0.4444444444444444,4,4,9,0.017655417323112488,848,-0.4130777418613434,3,0.08278638124465942,21,265
726,LONG,2b47c4e06cdeab0d83028c55c5d6743aec7dc5f4442b27cf331492a902a6f8c0,"[766, 938]","['BREAKOUT', 'MOMENTUM', 'VOLATILITY']",0.0855533704161644,0.04734339659785848,213,63,0.4444444444444444,4,4,9,0.015365961473435163,837,-0.33514681458473206,1,0.0855533704161644,21,266
897,LONG,df8b75a64d6fb8ec3b0a15f3e93cb7ae824368b9216a7d59993b6866f8cd973d,"[3328, 2733]","['BREAKOUT', 'MOMENTUM', 'TREND', 'VOLATILITY', 'VOLUME_LIQUIDITY']",0.08663108944892883,0.04530699544900832,256,63,0.4444444444444444,4,4,9,0.017499818466603756,842,-0.3575238585472107,1,0.08663108944892883,21,267
1195,LONG,5ea32a63cb2f1a149c9ac3fdb37e014990675ff615e5d19200633c94635cd5f5,"[458, 2720]","['TREND', 'VOLATILITY']",0.0869336649775505,0.040735767371379475,103,63,0.4444444444444444,4,4,9,0.019746327307075262,1072,-0.38277488946914673,1,0.0869336649775505,21,268
1023,LONG,e2f8beb551ae4a1d1de1ba88693135fe6d448be4e80009ae595bbbb4bc634304,"[692, 858]","['MARKET_REGIME_STRUCTURE', 'VOLUME_LIQUIDITY']",0.0776214599609375,0.05786695187515091,558,63,0.3333333333333333,3,3,9,0.00827399268746376,2658,-0.47788092494010925,1,0.0776214599609375,21,269
152,LONG,11441f9f3fe301846f72c2e34bb33dbbed331b2c8508c721561d83fc90a970ab,"[250, 3328]","['MOMENTUM', 'VOLUME_LIQUIDITY']",0.08581524342298508,0.05630323167760409,566,63,0.3333333333333333,3,3,9,0.013987121172249317,5391,-0.4187132716178894,2,0.08581524342298508,21,270
517,LONG,6fdc4b137ea9edf875f2209324d55c766dd39553cdb60b85947bd6e89f2b22fc,"[1034, 870]","['MOMENTUM', 'VOLATILITY', 'VOLUME_LIQUIDITY']",0.06423511356115341,0.04406847977586886,822,63,0.6666666666666666,6,6,9,0.012213161680847406,18895,-0.4976348578929901,5,0.06423511356115341,22,271
505,LONG,6a570a0d53a4955860e8df68618293538127dc8012efb4d3b72e5367412cc73a,"[1584, 352]","['RELATIVE_CROSS_SECTIONAL', 'TREND', 'VOLUME_LIQUIDITY']",0.06733226031064987,0.037226528910479575,364,63,0.6666666666666666,6,6,9,0.014306332916021347,2559,-0.48746269941329956,4,0.06733226031064987,22,272
295,LONG,2411483a4c113aa105ddb3653eb3cfc75d330ac4370f30b85f89d5587e0ebd2a,"[704, 2733]","['MARKET_REGIME_STRUCTURE', 'RELATIVE_CROSS_SECTIONAL']",0.06809349358081818,0.013144992788308142,244,63,0.6666666666666666,6,6,9,0.01703098276630044,2552,-0.5427897572517395,2,0.06809349358081818,22,273
392,LONG,4520c959a9f76b9031944a7aa180f4062babb217b19321c3e21cbfeee73d4b58,"[1272, 2720]","['BREAKOUT', 'MEAN_REVERSION']",0.06937908381223679,0.0548944636301464,827,63,0.5555555555555556,5,5,9,0.010029152035713196,27385,-0.4493914246559143,4,0.06937908381223679,22,274
793,LONG,298203e06e33b36c9053c4503eaf1fffff31b53700a2c7aadf462033c1f46a92,"[1410, 48]","['MARKET_REGIME_STRUCTURE', 'VOLUME_LIQUIDITY']",0.06941545754671097,0.05174487449332956,870,63,0.5555555555555556,5,5,9,0.01006450317800045,25948,-0.4837963879108429,4,0.06941545754671097,22,275
755,LONG,d5e84102c29c84ef0f4a793899571efe0011f64c396d64199d9b2554e3e03fa8,"[1026, 64]","['MEAN_REVERSION', 'MOMENTUM', 'VOLUME_LIQUIDITY']",0.07401567697525024,0.051559640077351976,520,63,0.5555555555555556,5,5,9,0.012411575764417648,24316,-0.47504711151123047,4,0.07401567697525024,22,276
906,LONG,40023f1df89bce18599cee190b68940dfda60b9064d78affe890595cb46f244c,"[1562, 1120]","['TREND', 'VOLATILITY']",0.07715081423521042,0.04901902363710615,354,63,0.5555555555555556,5,5,9,0.0118660107254982,12858,-0.4515884816646576,4,0.07715081423521042,22,277
224,LONG,88db2b84d0a0d40c9a10c438f36deaa22533337d223bcb13b13926b984cca9df,"[996, 2508]","['MEAN_REVERSION', 'MOMENTUM', 'RELATIVE_CROSS_SECTIONAL']",0.07856577634811401,0.03968763920955004,287,63,0.5555555555555556,5,5,9,0.015574843622744083,1861,-0.36747193336486816,3,0.07856577634811401,22,278
43,LONG,36c5f24590191d868b0b663d703cf4d74d0c3e78dc134c1340e473e89b23d475,"[1140, 214]","['BREAKOUT', 'MEAN_REVERSION', 'TREND']",0.08191914111375809,-0.008766329576008952,169,63,0.5555555555555556,5,5,9,0.0172873605042696,688,-0.5158888697624207,0,0.08191914111375809,22,279
780,LONG,a48baa43307ee20be78933a1bb2ddce737bd88887edbb23323b061860bf2bbf7,"[68, 4320]","['MEAN_REVERSION', 'VOLUME_LIQUIDITY']",0.0750708356499672,0.05758982170771499,727,63,0.4444444444444444,4,4,9,0.012887242715805769,13245,-0.46818244457244873,3,0.0750708356499672,22,280
201,LONG,1cb5ee2446574fe1b9407792c9cdd1af445684d6a8068eae7db5dd6a859d2bfc,"[458, 772]","['TREND', 'VOLATILITY']",0.07731400430202484,0.05698114173947333,650,63,0.4444444444444444,4,4,9,0.008456423413008451,14013,-0.3800911605358124,2,0.07731400430202484,22,281
854,LONG,efdcb1fa18a1e65c457bee6a09dcbc750e7f8a5fba6ba65d788ddaed30d8893b,"[68, 2236]","['MEAN_REVERSION', 'TREND']",0.07887303829193115,0.056357806209375805,671,63,0.4444444444444444,4,4,9,0.014225404243916273,10124,-0.4858893156051636,3,0.07887303829193115,22,282
778,LONG,7796cbc9d2afbef91609fc1cf533d6d68bcc8d13869f707fc868c0481c37c30b,"[3476, 166]","['BREAKOUT', 'MEAN_REVERSION', 'MOMENTUM', 'RELATIVE_CROSS_SECTIONAL', 'VOLATILITY']",0.08181020617485046,0.04982688763927599,141,63,0.4444444444444444,4,4,9,0.009896783856675029,460,-0.2851147949695587,1,0.08181020617485046,22,283
245,LONG,c18732f85be009b34918ee467ef223ca6508648ca0398e7059e4f18dcae479db,"[2076, 898]","['BREAKOUT', 'MARKET_REGIME_STRUCTURE', 'MOMENTUM']",0.0859813541173935,0.04178747081460678,219,63,0.4444444444444444,4,4,9,0.013874094001948833,2100,-0.4228912591934204,3,0.0859813541173935,22,284
255,LONG,0cc6dfdc2bdbfcdb6246c6f45f408d4ffacd942da319064a44c42d7aa245894d,"[756, 1026]","['BREAKOUT', 'MEAN_REVERSION', 'MOMENTUM']",0.08193272352218628,0.04727789198329309,308,63,0.3333333333333333,3,3,9,0.00409782724454999,1979,-0.4729182720184326,1,0.08193272352218628,22,285
1103,LONG,2aa52eb9e8a776a0394053495270411ed84e7a581e2092daa254a23e96c39cb0,"[756, 1034]","['BREAKOUT', 'MEAN_REVERSION']",0.08239808678627014,0.04665143967096252,313,63,0.3333333333333333,3,3,9,0.004230429418385029,2095,-0.475166916847229,1,0.08239808678627014,22,286
402,LONG,e1341458d3c5f1a84dc0547d0ef552cc17a91c7b0a8aa5140abf1b4967d395ad,"[1570, 3476]","['MARKET_REGIME_STRUCTURE', 'TREND', 'VOLATILITY']",0.061556559056043625,0.04130245496426849,562,63,0.6666666666666666,6,6,9,0.029511909931898117,6340,-0.4390712082386017,6,0.061556559056043625,23,287
1132,LONG,e8c4cce8287cb2debf5e2bd99ce8c8820fb5e1f871d3cabd0358c2733f47845f,"[1570, 1460]","['MARKET_REGIME_STRUCTURE', 'VOLATILITY']",0.06714148819446564,0.031593568767406065,263,63,0.6666666666666666,6,6,9,0.029238900169730186,1908,-0.355619341135025,5,0.06714148819446564,23,288
987,LONG,c75b14497d528823093be94d8d8a19b5aad699bdae983dea941ebb507bb660d2,"[548, 330]","['MEAN_REVERSION', 'VOLUME_LIQUIDITY']",0.06468573957681656,0.053133136123014346,1294,63,0.5555555555555556,5,5,9,0.010818952694535255,11236,-0.41038545966148376,4,0.06468573957681656,23,289
397,LONG,6ce28642b0c619fe91e4eb66265d3a0439facfaf651602ae404a68f110a3b228,"[70, 310]",['MEAN_REVERSION'],0.07219915837049484,0.05022213771899597,498,63,0.5555555555555556,5,5,9,0.011363563127815723,16418,-0.441720187664032,4,0.07219915837049484,23,290
350,LONG,f31d699ab651e0708c07de9cd5f4f25c06c227d2d2acc90dc557a323ad53c959,"[1562, 1272]","['MARKET_REGIME_STRUCTURE', 'TREND', 'VOLATILITY']",0.0763859748840332,0.04823625549647664,354,63,0.5555555555555556,5,5,9,0.012102829292416573,12456,-0.44949498772621155,4,0.0763859748840332,23,291
478,LONG,932784d305cab220645e6fff18ff880158b456c66fd3769bff75d2e67e91ce4d,"[844, 1420]","['MARKET_REGIME_STRUCTURE', 'MOMENTUM', 'TREND']",0.07695599645376205,0.038109570035399346,258,63,0.5555555555555556,5,5,9,0.017857104539871216,2226,-0.3929826319217682,3,0.07695599645376205,23,292
198,LONG,2c9bab50c43627dbeebe44d963302894682ab4f1b2d853aa1a385833e8d5d1c0,"[426, 2510]","['MEAN_REVERSION', 'RELATIVE_CROSS_SECTIONAL']",0.06624191254377365,0.0568668037389768,1461,63,0.4444444444444444,4,4,9,0.013946117367595434,34137,-0.3598712980747223,4,0.06624191254377365,23,293
1151,LONG,6e6dbac84d41084ad961210c7531e481c75ecae95c0442c479a8fc58c6d5a008,"[70, 2992]",['MEAN_REVERSION'],0.07503888756036758,0.05633645449228923,717,63,0.4444444444444444,4,4,9,0.011203864589333534,6995,-0.42543482780456543,3,0.07503888756036758,23,294
683,LONG,8f9d3ff28bbbc6f0c90c6911b940307c5f0368c92276dd5826b01e822a0c94b3,"[1562, 4174]","['MARKET_REGIME_STRUCTURE', 'TREND', 'VOLATILITY']",0.07854456454515457,0.055921631975617815,613,63,0.4444444444444444,4,4,9,0.011800558306276798,19591,-0.4301416277885437,3,0.07854456454515457,23,295
474,LONG,9f4c7def55878662595371b588f201c1353205465674dc97105547502fb42bf3,"[3168, 3328]","['MARKET_REGIME_STRUCTURE', 'VOLATILITY', 'VOLUME_LIQUIDITY']",0.07872829586267471,0.05516630687365141,359,63,0.4444444444444444,4,4,9,0.0033371958415955305,915,-0.2838190197944641,1,0.07872829586267471,23,296
652,LONG,49fa95be66386195a9dc471262bb90cb1875d5f56be20db11f89564cd1f1e02c,"[946, 2508]","['MEAN_REVERSION', 'MOMENTUM', 'VOLATILITY']",0.07927458733320236,0.042080785095790905,344,63,0.4444444444444444,4,4,9,0.017254045698791742,3409,-0.5087934136390686,2,0.07927458733320236,23,297
366,LONG,df6222f33b99b1b4c6f37253679005c18c868406b311558db13f5981c5b74061,"[2286, 1522]","['MOMENTUM', 'RELATIVE_CROSS_SECTIONAL', 'TREND', 'VOLUME_LIQUIDITY']",0.0814233124256134,0.041898142763075574,192,63,0.4444444444444444,4,4,9,0.013845383189618587,799,-0.3239816129207611,2,0.0814233124256134,23,298
1175,LONG,37a5dd6f9e3760ed8b7115428c51ce1ca0d951dbe0308783b2f71ae11a842ed4,"[1326, 1410]","['BREAKOUT', 'VOLATILITY']",0.0821489542722702,0.04163163337814835,329,63,0.4444444444444444,4,4,9,0.01747712166979909,909,-0.4440864622592926,2,0.0821489542722702,23,299
461,LONG,70103fc33371d604c39b22c3be2e048351fbbb00df9d14b86bd27b935f99d09f,"[2488, 2376]","['MARKET_REGIME_STRUCTURE', 'MOMENTUM', 'VOLATILITY', 'VOLUME_LIQUIDITY']",0.08363644778728485,0.034100543843529375,95,63,0.4444444444444444,4,4,9,0.010505676735192537,1030,-0.3295234143733978,1,0.08363644778728485,23,300
797,LONG,4331cf24f5e6716916a1f908c723538075eaaec2ccba621c0bd541cc505ddb49,"[1440, 506]","['MEAN_REVERSION', 'TREND']",0.07917704433202744,0.042334956591194614,324,63,0.3333333333333333,3,3,9,0.01491096056997776,1724,-0.43384861946105957,1,0.07917704433202744,23,301
830,LONG,46731e772c7069b904e97d9e3c89349e90e432048aa4182f150fcb064d1edb9f,"[938, 526]","['MARKET_REGIME_STRUCTURE', 'MOMENTUM', 'TREND', 'VOLATILITY']",0.08346619457006454,0.039882270320589795,243,63,0.3333333333333333,3,3,9,0.01908518373966217,1069,-0.35637393593788147,2,0.08346619457006454,23,302
582,LONG,30a9842537736943dd63f10ff6b592ef3f8b161aeae010cad3b554dbbe36917a,"[972, 610]","['MEAN_REVERSION', 'MOMENTUM', 'VOLUME_LIQUIDITY']",0.08369717001914978,0.02294783037988568,129,63,0.3333333333333333,3,3,9,0.024748420342803,490,-0.622963011264801,1,0.08369717001914978,23,303
1165,LONG,006407f3665474635206c90fa408c08f039eda1d7739697409ae0629a110b14b,"[2982, 1120]","['MARKET_REGIME_STRUCTURE', 'MEAN_REVERSION', 'TREND']",0.08439407497644424,0.035113174451393135,182,63,0.1111111111111111,1,1,9,0.08439407497644424,398,-0.47069311141967773,1,0.08439407497644424,23,304
50,LONG,31d27f720a79a6453a131f8daf439aa194552c0b56fd7765c4dd75a279c4ade6,"[974, 694]","['MEAN_REVERSION', 'MOMENTUM', 'VOLUME_LIQUIDITY']",0.05625768005847931,0.03764792514205946,569,63,0.6666666666666666,6,6,9,0.007059553870931268,1204,-0.411956787109375,3,0.05625768005847931,24,305
6,LONG,3ed452ef4c40ed1921aeb233f98a8b3d985c8af2bd2d947c02649d6ac152b81a,"[1034, 610]","['MOMENTUM', 'VOLATILITY', 'VOLUME_LIQUIDITY']",0.05903484299778938,0.03385615909186018,574,63,0.6666666666666666,6,6,9,0.015245494432747364,5053,-0.5195294618606567,5,0.05903484299778938,24,306
675,LONG,9efd0e95b4f9ed0fea251eb1dd9c3cb80d984ba52b55ad4bc9a2ec38dc16f615,"[3798, 1432]","['MARKET_REGIME_STRUCTURE', 'MOMENTUM', 'TREND', 'VOLATILITY', 'VOLUME_LIQUIDITY']",0.06485326588153839,0.029475077517586996,96,63,0.6666666666666666,6,6,9,0.015990050043910742,222,-0.3409450948238373,2,0.06485326588153839,24,307
630,LONG,f1f50c1187c25f5b287fbb95d1e7b7c0fa7a0a2d331f351eefd1c1a159f76145,"[1420, 428]","['BREAKOUT', 'MARKET_REGIME_STRUCTURE', 'RELATIVE_CROSS_SECTIONAL']",0.0670204684138298,0.014908233076931052,62,63,0.6666666666666666,6,6,9,0.014616340398788452,313,-0.2751048803329468,4,0.0670204684138298,24,308
85,LONG,79f8d8eddd38bbfabe92432636f9ffeeb59aecb818dfc3805fda39bda5b4dc98,"[2800, 1454]","['MEAN_REVERSION', 'RELATIVE_CROSS_SECTIONAL', 'VOLUME_LIQUIDITY']",0.06202048435807228,0.05072688157183788,1292,63,0.5555555555555556,5,5,9,0.012329250574111938,10028,-0.3818906545639038,4,0.06202048435807228,24,309
177,LONG,4c7b4b2023e46d7a6d62276c1b8c9a2054507a7dddf77d7cc68527f8fb5c6e29,"[992, 368]","['MEAN_REVERSION', 'RELATIVE_CROSS_SECTIONAL']",0.07054772973060608,0.049281635251769235,474,63,0.5555555555555556,5,5,9,0.014407134614884853,10105,-0.4195479452610016,4,0.07054772973060608,24,310
812,LONG,feb2b4edc5598ac2315e38928e6795d5dfc67b8e8280697c1f72f821812fca86,"[992, 3820]","['MEAN_REVERSION', 'MOMENTUM', 'RELATIVE_CROSS_SECTIONAL']",0.07055308669805527,0.04881103501627483,442,63,0.5555555555555556,5,5,9,0.01641453616321087,7278,-0.44949281215667725,4,0.07055308669805527,24,311
290,LONG,43718c906a36efedb0475546ea85e80623813517a35dede70aa9adb84d1db3ea,"[272, 1044]",['MOMENTUM'],0.07306486368179321,0.04820155050225622,678,63,0.5555555555555556,5,5,9,0.01481404434889555,22179,-0.5311983823776245,4,0.07306486368179321,24,312
1156,LONG,79ee1fd3716e0bdc17324f663460ced5c4a83fa8ea1911fcc375b50af7dd7e64,"[522, 2770]","['MEAN_REVERSION', 'VOLATILITY']",0.0753459706902504,0.04785541435521061,456,63,0.5555555555555556,5,5,9,0.012785857543349266,9543,-0.43489333987236023,4,0.0753459706902504,24,313
165,LONG,e77ecb011f9066bc8cf475570bcd092bac31a487fc750c554cc239264c8441a3,"[2074, 522]","['MARKET_REGIME_STRUCTURE', 'MOMENTUM', 'VOLATILITY']",0.076301708817482,0.046346700046731054,644,63,0.5555555555555556,5,5,9,0.01418643444776535,3227,-0.3791360855102539,3,0.076301708817482,24,314
966,LONG,e5bca401963bcc2567b70819045d3c010eb4ae1b5643444eb61c01c1b5be7495,"[1532, 2356]","['TREND', 'VOLATILITY']",0.07142402976751328,0.055949545101750806,951,63,0.4444444444444444,4,4,9,0.012069037649780512,29037,-0.4472193121910095,3,0.07142402976751328,24,315
880,LONG,481f9894dfe1db64031ba3fac6cbd2df6be9272458483f75e8b5f468dd7733b0,"[668, 972]",['RELATIVE_CROSS_SECTIONAL'],0.07608970999717712,0.05491620099139455,711,63,0.4444444444444444,4,4,9,0.01636205753311515,14322,-0.4155493378639221,3,0.07608970999717712,24,316
451,LONG,c6dedc7e085765519c415ecb2788c3d8ba67426f7fa7c06da3ff565a2c59fc43,"[2100, 4320]","['BREAKOUT', 'MARKET_REGIME_STRUCTURE', 'MOMENTUM', 'VOLUME_LIQUIDITY']",0.07744897156953812,0.05419744421860384,491,63,0.4444444444444444,4,4,9,0.010882537811994553,1686,-0.43474942445755005,2,0.07744897156953812,24,317
903,LONG,8fc18fa553a27b3ae01187fc18750e4c321ed6ad252461b8ddf19bd2d8974012,"[1570, 214]","['MEAN_REVERSION', 'TREND', 'VOLATILITY']",0.07786340266466141,0.050279659681487156,460,63,0.4444444444444444,4,4,9,0.013443943113088608,2681,-0.4691169857978821,3,0.07786340266466141,24,318
1194,LONG,c9439c70ec1c852da71f7ea772014c2b89fe8d8dec74c421cc3422d5ae833a9c,"[1654, 2872]","['MEAN_REVERSION', 'VOLUME_LIQUIDITY']",0.0786295086145401,0.0500830409639864,689,63,0.4444444444444444,4,4,9,0.019018863327801228,2391,-0.4520629942417145,3,0.0786295086145401,24,319
730,LONG,74435f7d3692852dae76ef5c978e3c578922746d45222325e2a1dabe0e462f2c,"[522, 3168]","['MEAN_REVERSION', 'VOLATILITY']",0.07864610105752945,0.049235436448481724,910,63,0.4444444444444444,4,4,9,0.010399461723864079,7837,-0.48083043098449707,3,0.07864610105752945,24,320
1147,LONG,6061b27925f499f82b56fdfbbd1dd26476ad95b4154a874eeb6bcef78eb5470f,"[2100, 2202]","['BREAKOUT', 'MARKET_REGIME_STRUCTURE', 'MOMENTUM', 'VOLUME_LIQUIDITY']",0.08128844946622849,0.029420635598078504,98,63,0.4444444444444444,4,4,9,0.014536801259964705,723,-0.48785895109176636,2,0.08128844946622849,24,321
128,LONG,040935e9ac821a7fb616eaf824ea9e40e4667a9b08045c5676cb051620231b89,"[668, 692]","['RELATIVE_CROSS_SECTIONAL', 'VOLUME_LIQUIDITY']",0.07796835899353027,0.05522557600224892,389,63,0.3333333333333333,3,3,9,0.011602815240621567,1039,-0.36777305603027344,2,0.07796835899353027,24,322
297,LONG,6e40473bbb278ec262139956ef5cdf31938513312a68c8d696ed00409ff3568c,"[4078, 2124]","['BREAKOUT', 'RELATIVE_CROSS_SECTIONAL', 'TREND', 'VOLATILITY', 'VOLUME_LIQUIDITY']",0.08002245426177979,0.03052559042475493,112,63,0.3333333333333333,3,3,9,0.008550544269382954,429,-0.25120678544044495,1,0.08002245426177979,24,323
171,LONG,16cc36f8b4088727ee14e79174e291b51a72776213f62c50887f7d891492e1a1,"[1544, 626]","['TREND', 'VOLATILITY']",0.08172260969877243,0.024702598083925005,155,63,0.3333333333333333,3,3,9,0.016486579552292824,2713,-0.38896891474723816,2,0.08172260969877243,24,324
955,LONG,4214b5f2d112873e945dc2b44df28fcf727d85d019a01257990c2ed2debb3c58,"[2262, 624]","['MARKET_REGIME_STRUCTURE', 'MOMENTUM', 'TREND', 'VOLATILITY']",0.0822536051273346,0.024615388705282147,48,63,0.1111111111111111,1,1,9,0.0822536051273346,311,-0.2514597773551941,1,0.0822536051273346,24,325
867,LONG,e6029ba7e2af795a9a5c8b46b7741f48b9dff258da19a631d06542fc10224cd5,"[2124, 2356]","['BREAKOUT', 'MARKET_REGIME_STRUCTURE', 'RELATIVE_CROSS_SECTIONAL']",0.047667890787124634,0.033557765065679215,549,63,0.6666666666666666,6,6,9,0.018603117670863867,7976,-0.3161489963531494,5,0.047667890787124634,25,326
585,LONG,5d859f3c91508ab2e0dad498bc71daa5dc098f3ec43d9ac750c99272a254903e,"[1224, 426]","['BREAKOUT', 'MARKET_REGIME_STRUCTURE', 'TREND']",0.0574369803071022,0.032999682971443914,365,63,0.6666666666666666,6,6,9,0.014872523490339518,2421,-0.4705185294151306,4,0.0574369803071022,25,327
1001,LONG,389fc4d302d3b078099be094f29044046d9690f1a97e5e130e4b176e3154a7a3,"[2992, 2720]","['MARKET_REGIME_STRUCTURE', 'MEAN_REVERSION', 'TREND', 'VOLATILITY']",0.059326171875,0.027104867313912234,252,63,0.6666666666666666,6,6,9,0.010812304681167006,995,-0.4346310794353485,2,0.059326171875,25,328
71,LONG,00d4145a3e4c20fbfd7102cf01937b79ecd86b01218cb6b3036a4b686a5c94fc,"[1570, 2574]","['MARKET_REGIME_STRUCTURE', 'TREND', 'VOLATILITY']",0.06404426693916321,0.026239197782503138,229,63,0.6666666666666666,6,6,9,0.03171391133219004,1274,-0.34627267718315125,5,0.06404426693916321,25,329
1047,LONG,20eef1a07173635540ad0659324c8da8ebeb53cc60e8bef6f35ba4f8b2cbbd31,"[2510, 700]","['MARKET_REGIME_STRUCTURE', 'MOMENTUM', 'VOLATILITY']",0.071109339594841,0.048115758893794006,251,63,0.5555555555555556,5,5,9,0.007009535096585751,730,-0.33746156096458435,2,0.071109339594841,25,330
528,LONG,c3e0bb1788e38022f8e091aef46f74926c7bf9b7c2eb9f8ed7a634461f2face1,"[2340, 4174]","['MEAN_REVERSION', 'MOMENTUM', 'VOLATILITY']",0.07286041975021362,0.047294982060297266,547,63,0.5555555555555556,5,5,9,0.009697986766695976,6231,-0.4378524124622345,4,0.07286041975021362,25,331
196,LONG,6ad0c8d970fa0c01e72f28c0659e9f974a128814cdf0eed8c93e1dda9af78504,"[4250, 1426]","['MEAN_REVERSION', 'RELATIVE_CROSS_SECTIONAL', 'VOLATILITY', 'VOLUME_LIQUIDITY']",0.0731499046087265,0.03967655900165078,396,63,0.5555555555555556,5,5,9,0.01694093458354473,5419,-0.4981106221675873,3,0.0731499046087265,25,332
921,LONG,7854e388a57d5495c1a149a549f4acbb6384f740a9d89464fe17996231367262,"[938, 526]","['MARKET_REGIME_STRUCTURE', 'MOMENTUM', 'TREND']",0.07578476518392563,0.03941204090399547,295,63,0.5555555555555556,5,5,9,0.021555500105023384,3128,-0.3507351279258728,4,0.07578476518392563,25,333
337,LONG,d7563a5b5cdbd8d1a91d9b9028ebc837cbe2cdd743e6bfdc786368393f7d49ce,"[564, 458]","['MEAN_REVERSION', 'RELATIVE_CROSS_SECTIONAL']",0.06325721740722656,0.0548908728123681,1292,63,0.4444444444444444,4,4,9,0.01418357715010643,19428,-0.32166337966918945,3,0.06325721740722656,25,334
300,LONG,81fcd930b96fb459ba04b1ff1736921d253e40c55bdce30d570d2c8f67f80a8b,"[540, 954]",['MEAN_REVERSION'],0.07170410454273224,0.05466942439253776,932,63,0.4444444444444444,4,4,9,0.013259136117994785,35398,-0.4783366024494171,3,0.07170410454273224,25,335
923,LONG,23c1ce10eda3a2f7c9198caabd180abe1855210950093b3e53849e4d975018fa,"[68, 574]",['MEAN_REVERSION'],0.07363183051347733,0.05440964327681934,1015,63,0.4444444444444444,4,4,9,0.013596625532954931,19489,-0.4904883801937103,3,0.07363183051347733,25,336
761,LONG,29786aeb3f7404270426e4c5e32779d5817fd3013be24a67b8dfdbdcadf73888,"[3952, 652]","['BREAKOUT', 'TREND', 'VOLATILITY', 'VOLUME_LIQUIDITY']",0.07720021903514862,0.05368125876814579,433,63,0.4444444444444444,4,4,9,0.011466245166957378,3825,-0.36894869804382324,2,0.07720021903514862,25,337
48,LONG,153da9f7ae27bfefa10565ac81fcf46f23d1c45e595a64f4b381a55650113c62,"[3158, 482]","['MEAN_REVERSION', 'RELATIVE_CROSS_SECTIONAL', 'VOLATILITY', 'VOLUME_LIQUIDITY']",0.0780213326215744,0.042876301257341314,254,63,0.4444444444444444,4,4,9,0.028117322362959385,2516,-0.4318644404411316,3,0.0780213326215744,25,338
57,LONG,c2727e932da2179029c85b7b266a774538f646cf483c15f1aeb93102b6d7d06c,"[972, 1322]","['MEAN_REVERSION', 'MOMENTUM', 'VOLUME_LIQUIDITY']",0.0809025689959526,0.024633292885621265,155,63,0.4444444444444444,4,4,9,0.019543261267244816,1173,-0.6022080183029175,2,0.0809025689959526,25,339
719,LONG,456a2f9a7a8281bd4d3605785da1781c80ac64437b5146956d7882c776aec163,"[590, 3572]","['BREAKOUT', 'MARKET_REGIME_STRUCTURE']",0.07061998546123505,0.055082007637982475,971,63,0.3333333333333333,3,3,9,0.00985919963568449,12982,-0.4419891834259033,2,0.07061998546123505,25,340
1126,LONG,852db618de0352bedaf6f1c6c2591d1c9a3228e052994b172d4450625b5c406c,"[798, 2872]","['BREAKOUT', 'MOMENTUM', 'VOLUME_LIQUIDITY']",0.07368581742048264,0.054676621340772766,771,63,0.3333333333333333,3,3,9,0.01275399886071682,7984,-0.41864678263664246,3,0.07368581742048264,25,341
213,LONG,c20c1dd72d17ce7f52813a82215c0cfdd3c51ebc5ae78f238214440bc93fdfcd,"[652, 1704]","['MARKET_REGIME_STRUCTURE', 'MEAN_REVERSION', 'VOLATILITY']",0.07772745192050934,0.044301702819026824,640,63,0.3333333333333333,3,3,9,0.01623409241437912,6599,-0.5214667916297913,2,0.07772745192050934,25,342
779,LONG,7d1fa8c8c56f202ecd45157b89fd196dccf256b1d462e26b166400a95ec453c4,"[1322, 3202]","['BREAKOUT', 'VOLATILITY', 'VOLUME_LIQUIDITY']",0.07777910679578781,0.044248742103889835,134,63,0.3333333333333333,3,3,9,0.008847301825881004,256,-0.33634063601493835,1,0.07777910679578781,25,343
849,LONG,3ab7c631dc901d40716958987586acc83a18f76712298eb0c353ab4e264dee6b,"[1704, 1644]","['MEAN_REVERSION', 'RELATIVE_CROSS_SECTIONAL', 'VOLUME_LIQUIDITY']",0.0816950872540474,0.01377010118358761,208,63,0.2222222222222222,2,2,9,0.04469011723995209,376,-0.4503065347671509,1,0.0816950872540474,25,344
572,LONG,14b78b71aeff2b10336cdbff9a3cb6562cbdf6576f37ce39cdcbf7813afacb4e,"[472, 312]",['TREND'],0.05314885079860687,0.029274037827242885,670,63,0.6666666666666666,6,6,9,0.012381430715322495,6302,-0.4626013934612274,5,0.05314885079860687,26,345
312,LONG,976c7e1e44e31433490c0ffeffa14ba0240a7b0aadeb2187ef66fd3bec5d9e0d,"[2182, 1034]","['MEAN_REVERSION', 'RELATIVE_CROSS_SECTIONAL', 'TREND']",0.05455663800239563,0.02448427858957917,285,63,0.6666666666666666,6,6,9,0.01256385026499629,1044,-0.3458021581172943,3,0.05455663800239563,26,346
950,LONG,da0d2d66130b6ad8b6691bd2ff62399e697bab908068214448617081db5392b0,"[4320, 1140]","['RELATIVE_CROSS_SECTIONAL', 'TREND', 'VOLATILITY', 'VOLUME_LIQUIDITY']",0.055531714111566544,0.023552220318279915,156,63,0.6666666666666666,6,6,9,0.02046369854360819,451,-0.349444180727005,4,0.055531714111566544,26,347
527,LONG,9bf48fd9ca555f5afece884cb5172bc57f3c736628c299c96f1701fe67e4886c,"[2340, 1082]","['MEAN_REVERSION', 'MOMENTUM', 'VOLATILITY']",0.0603715181350708,0.020039923916478637,224,63,0.6666666666666666,6,6,9,0.004643338383175433,643,-0.5093638300895691,1,0.0603715181350708,26,348
1197,LONG,e31696c8d4f603871fcdbb048cf5bde34d95eb74e80beb5294fb868c60f6169d,"[3010, 1544]","['MEAN_REVERSION', 'TREND', 'VOLUME_LIQUIDITY']",0.06399495899677277,0.048003360849460566,668,63,0.5555555555555556,5,5,9,0.011713804677128792,2351,-0.32198846340179443,3,0.06399495899677277,26,349
162,LONG,fd9da75db7b1db0b0372cd585427f977b95f1ed4d3b0f9f5262778293d8691d2,"[992, 4298]","['MEAN_REVERSION', 'MOMENTUM']",0.06539996713399887,0.0468023784028049,562,63,0.5555555555555556,5,5,9,0.013243540190160275,12237,-0.41045328974723816,4,0.06539996713399887,26,350
1059,LONG,b10fc26e8e5c5436a29dfc57db42bf55167e8f3c1f658ff2a6ab5eabe5c08978,"[1562, 2434]","['MARKET_REGIME_STRUCTURE', 'VOLATILITY']",0.07157815247774124,0.04627912669522456,400,63,0.5555555555555556,5,5,9,0.01048034243285656,16350,-0.44227010011672974,4,0.07157815247774124,26,351
863,LONG,5e14bcde03d70a98f83a0bf29ccdcf8928d866edbb35ffb2aa3b6fd84553b662,"[1544, 2074]","['RELATIVE_CROSS_SECTIONAL', 'TREND']",0.07206375151872635,0.0397325319822397,175,63,0.5555555555555556,5,5,9,0.014194945804774761,2414,-0.27611956000328064,3,0.07206375151872635,26,352
978,LONG,424d8dfdadfff24523611103582389459872d4cbd4b33b65e8d057d300022298,"[2720, 624]","['BREAKOUT', 'MARKET_REGIME_STRUCTURE', 'RELATIVE_CROSS_SECTIONAL', 'TREND']",0.07230665534734726,0.03928055478118374,288,63,0.5555555555555556,5,5,9,0.015743551775813103,2474,-0.3730154037475586,3,0.07230665534734726,26,353
1159,LONG,8c1cc9ff260c710444850ace5619e15e37513a0df1c2ac518de3f6803825784a,"[954, 3484]","['MEAN_REVERSION', 'MOMENTUM', 'VOLATILITY']",0.07403653115034103,0.03632062231381639,332,63,0.5555555555555556,5,5,9,0.019900767132639885,2162,-0.5307675004005432,3,0.07403653115034103,26,354
1144,LONG,c3a887884262ad064d73de86db676586580b94679ba5708b2c6ade732f0e6883,"[182, 1030]","['MOMENTUM', 'TREND']",0.07462088763713837,0.030468738972319047,297,63,0.5555555555555556,5,5,9,0.01477671880275011,1716,-0.47137942910194397,3,0.07462088763713837,26,355
655,LONG,7e633ed6ec4032afef02b3de0f912d5c0d151b6a28ca6952ea95afd30078de0e,"[4078, 2236]","['BREAKOUT', 'RELATIVE_CROSS_SECTIONAL', 'TREND', 'VOLATILITY', 'VOLUME_LIQUIDITY']",0.07432851940393448,0.053428948330529066,444,63,0.4444444444444444,4,4,9,0.011141997296363115,3073,-0.3509328067302704,2,0.07432851940393448,26,356
254,LONG,f0060e4de12786e36c81ae756e34ed64ed4caed5b4da4b631032eefcccddaeee,"[522, 214]",['VOLATILITY'],0.07451073080301285,0.053282511031634144,1425,63,0.4444444444444444,4,4,9,0.012028414756059647,33849,-0.49493980407714844,3,0.07451073080301285,26,357
1189,LONG,f0f407c3090bff8cf1ff50864a5dca7ff92e8206de017dbbf71c469622b56c7b,"[214, 1878]",['MEAN_REVERSION'],0.07465574145317078,0.05324931117434662,656,63,0.4444444444444444,4,4,9,0.01202676654793322,13873,-0.4605550169944763,3,0.07465574145317078,26,358
77,LONG,b03fffaddc7f25a8a5a78a723830dbc27384485b8e95fe0307f253302188572e,"[844, 454]","['MEAN_REVERSION', 'TREND']",0.0758812427520752,0.048205438244665666,312,63,0.4444444444444444,4,4,9,0.011301579885184765,3531,-0.3498985469341278,1,0.0758812427520752,26,359
902,LONG,215f24d88f54b912845ab498e4b2aa101f01277c3597d474285b97466b392a9d,"[4250, 766]","['MEAN_REVERSION', 'RELATIVE_CROSS_SECTIONAL', 'TREND', 'VOLATILITY', 'VOLUME_LIQUIDITY']",0.07688701897859573,0.04229032834369427,287,63,0.4444444444444444,4,4,9,0.014273148030042648,1987,-0.4395395517349243,2,0.07688701897859573,26,360
518,LONG,0b6cd49267af2af53fcbfb61e64a8007e40b546908408a5028e1acd0bbdd13eb,"[1704, 1584]","['MEAN_REVERSION', 'RELATIVE_CROSS_SECTIONAL']",0.07718829810619354,0.03495297586747306,319,63,0.4444444444444444,4,4,9,0.014969771727919579,3047,-0.42198988795280457,2,0.07718829810619354,26,361
851,LONG,a12c7437b7f01c4ab6014a180eddb40153ebfac27d1d4009ef02d80da654b488,"[1096, 1576]","['MOMENTUM', 'RELATIVE_CROSS_SECTIONAL', 'VOLUME_LIQUIDITY']",0.0795055478811264,0.018613919111635076,41,63,0.4444444444444444,4,4,9,0.01525514805689454,1247,-0.35047537088394165,1,0.0795055478811264,26,362
962,LONG,362db6dddc89823588d9684c640bd993e63c94c73e55b3902762b4972268273d,"[432, 3158]","['MEAN_REVERSION', 'TREND']",0.07346002757549286,0.05364328965600447,696,63,0.3333333333333333,3,3,9,0.013459020294249058,9928,-0.41099226474761963,3,0.07346002757549286,26,363
5,LONG,a13912ac04bba0134e8629c488e4fb66dac66136cf82f8b2a0d35438f952d2ad,"[692, 172]","['MARKET_REGIME_STRUCTURE', 'VOLUME_LIQUIDITY']",0.07467015832662582,0.0533564114115298,473,63,0.3333333333333333,3,3,9,0.010557099245488644,1483,-0.4516037404537201,1,0.07467015832662582,26,364
1136,LONG,8978121b985757ec247638f6a42f1ad4d545b556a03bba5fbda5a60e7d7c7349,"[2170, 250]","['MEAN_REVERSION', 'MOMENTUM', 'TREND']",0.07615440338850021,0.047276325442772216,298,63,0.3333333333333333,3,3,9,0.01085027027875185,5154,-0.4221779406070709,2,0.07615440338850021,26,365
924,LONG,7d7eff13b807be2bd165ffef7c0e305bf1b0c256203f4d195fd215618aea09aa,"[2982, 1460]","['MARKET_REGIME_STRUCTURE', 'MEAN_REVERSION', 'TREND', 'VOLATILITY']",0.07852363586425781,0.020393194031695268,211,63,0.3333333333333333,3,3,9,0.008315852843225002,566,-0.45638057589530945,1,0.07852363586425781,26,366
233,LONG,aa6cb5180a62260b683b7e2e1fd8e9478298095491a703436474acf4fe3acea6,"[1570, 1672]","['MARKET_REGIME_STRUCTURE', 'TREND', 'VOLATILITY']",0.047712285071611404,0.025559058472474097,281,63,0.6666666666666666,6,6,9,0.018667053896933794,2209,-0.33847516775131226,5,0.047712285071611404,27,367
54,LONG,baee30eea1e747ab508a48bebad414109e2af41f8dea29378afcf29b76827b39,"[2074, 68]","['BREAKOUT', 'MARKET_REGIME_STRUCTURE', 'MOMENTUM', 'VOLATILITY']",0.04878850281238556,0.024878468343811275,268,63,0.6666666666666666,6,6,9,0.012343876529484987,554,-0.30818530917167664,4,0.04878850281238556,27,368
883,LONG,f0a1f0ba84ece0b12eb8b08cdf31cdb93c23e694f7912a6b516fb8bfbdbf6077,"[3820, 3926]","['MARKET_REGIME_STRUCTURE', 'MOMENTUM', 'RELATIVE_CROSS_SECTIONAL', 'TREND', 'VOLUME_LIQUIDITY']",0.0560607984662056,0.007628591650596789,128,63,0.6666666666666666,6,6,9,0.028435872867703438,254,-0.44781768321990967,6,0.0560607984662056,27,369
141,LONG,a6a81b32b2de774c4f6f6e321d04b53d7848fe903035dc6478c2baba56dcf453,"[2720, 2236]","['BREAKOUT', 'RELATIVE_CROSS_SECTIONAL', 'TREND']",0.06943806260824203,0.04555947966553625,621,63,0.5555555555555556,5,5,9,0.010671991854906082,16469,-0.4786161482334137,3,0.06943806260824203,27,370
539,LONG,aeeb072d3b77c519069ceb9b1fb30db5068341124eedeffa7bf803fc6baca991,"[988, 540]","['MEAN_REVERSION', 'MOMENTUM', 'RELATIVE_CROSS_SECTIONAL']",0.07085420191287994,0.040889772384923376,513,63,0.5555555555555556,5,5,9,0.009932479821145535,4201,-0.4530184864997864,3,0.07085420191287994,27,371
1111,LONG,13bddd67d33e6f2c74efc54250d6fa39469d38ca38fceaca11c14fd915786497,"[526, 996]",['MEAN_REVERSION'],0.06312751024961472,0.052909983796621374,1524,63,0.4444444444444444,4,4,9,0.010592360515147448,38553,-0.4054092466831207,3,0.06312751024961472,27,372
123,LONG,b927385683402d7b25861ed83f4c4b612e5adb9eff91f6fb3c1bdb32ca9aa892,"[1410, 2992]","['BREAKOUT', 'MARKET_REGIME_STRUCTURE', 'VOLUME_LIQUIDITY']",0.07355502247810364,0.05233001525045864,609,63,0.4444444444444444,4,4,9,0.012706583365797997,1435,-0.39910000562667847,3,0.07355502247810364,27,373
988,LONG,a8ece1c153f68f16bf4caeeda15a584e0c6c4a927316f12d857757bff819c929,"[1322, 2254]","['BREAKOUT', 'VOLATILITY', 'VOLUME_LIQUIDITY']",0.07455896586179733,0.04522900125273854,379,63,0.4444444444444444,4,4,9,0.015771237201988697,1492,-0.38964390754699707,2,0.07455896586179733,27,374
577,LONG,50e0e5aeee2721122bfbef06a31da070bcaf8aaf7735d9c8db28e9a8e902e703,"[1322, 2160]","['BREAKOUT', 'VOLATILITY', 'VOLUME_LIQUIDITY']",0.07492785155773163,0.04132713796584386,337,63,0.4444444444444444,4,4,9,0.016394598875194788,1094,-0.38848772644996643,1,0.07492785155773163,27,375
393,LONG,994c2d1e8fe4ce2981c9079a3a0e0db768a0f029b42a9d1ebf2624cbaba99159,"[1654, 482]","['MEAN_REVERSION', 'VOLATILITY', 'VOLUME_LIQUIDITY']",0.07554049789905548,0.031074974006943562,359,63,0.4444444444444444,4,4,9,0.0071354813408106565,884,-0.47391819953918457,1,0.07554049789905548,27,376
553,LONG,4407e5ea21975907dbb8ec04a88aff0e680d97707abc28e06d9eaf466ffd5834,"[394, 558]",['BREAKOUT'],0.0742909386754036,0.05329339478277628,553,63,0.3333333333333333,3,3,9,0.012028129771351814,3579,-0.39172878861427307,2,0.0742909386754036,27,377
112,LONG,b74e511463607a410c9b87d2248e170a703f06bc23bd26fc6716e3201019e770,"[1970, 438]","['BREAKOUT', 'MEAN_REVERSION', 'MOMENTUM', 'VOLUME_LIQUIDITY']",0.03830232843756676,0.02463462870576622,434,63,0.6666666666666666,6,6,9,0.006447389838285744,1240,-0.2965337634086609,3,0.03830232843756676,28,378
656,LONG,0b240fdef3c4ffb881333bc7fcab05201680977ef5bd97c0cd133bedac478f56,"[312, 2962]","['BREAKOUT', 'TREND']",0.046360380947589874,0.00826441852366814,255,63,0.6666666666666666,6,6,9,0.008803879376500845,1236,-0.45259779691696167,1,0.046360380947589874,28,379
248,LONG,8c6804a90cf118657fe7eae6205354724fddba25cf16349eaa4ac51cf61f91fc,"[1018, 68]","['MARKET_REGIME_STRUCTURE', 'MEAN_REVERSION', 'MOMENTUM']",0.0494832843542099,-0.01406408703152047,61,63,0.6666666666666666,6,6,9,0.009536866680718958,263,-0.4595220386981964,0,0.0494832843542099,28,380
316,LONG,170114becbfb10eb590ae9e4a59015b200bf87175a44bcad12c0ef605321ae88,"[438, 1272]","['MEAN_REVERSION', 'TREND']",0.05662625655531883,0.04329694610569729,1015,63,0.5555555555555556,5,5,9,0.010599079541862011,5280,-0.3425292372703552,4,0.05662625655531883,28,381
1073,LONG,34548c5abe359cef7f63a1ca98efa88d45e995f9ec0ef41a0ff32d0350012688,"[482, 4298]","['RELATIVE_CROSS_SECTIONAL', 'TREND']",0.0624275840818882,0.04286466022948737,628,63,0.5555555555555556,5,5,9,0.0185242872685194,9557,-0.41576799750328064,4,0.0624275840818882,28,382
600,LONG,cf5889e489bf8bb7bc17461124040e4ab37950ecc0aa7a02b47a71db63768a53,"[296, 3926]","['MARKET_REGIME_STRUCTURE', 'MOMENTUM']",0.06270130723714828,0.041159539667718105,524,63,0.5555555555555556,5,5,9,0.006882126443088055,3981,-0.5218441486358643,3,0.06270130723714828,28,383
1042,LONG,bbf610e803de3dc424721e2800386170ed850549652c50bcbfe376660a40f463,"[216, 898]","['MEAN_REVERSION', 'MOMENTUM']",0.06638643145561218,0.03930175452919427,417,63,0.5555555555555556,5,5,9,0.015125357545912266,7731,-0.4355246424674988,4,0.06638643145561218,28,384
243,LONG,021813375ec85cf8a5706c4688c7c5b77eb2525e52de6be40cd45c360a5bcaf7,"[1426, 1704]","['MARKET_REGIME_STRUCTURE', 'RELATIVE_CROSS_SECTIONAL']",0.06704618781805038,0.03794175593935416,523,63,0.5555555555555556,5,5,9,0.01565549150109291,5691,-0.4950927793979645,3,0.06704618781805038,28,385
957,LONG,a2a1c2be843be97ef650293a4f742c63c60a917b5f788e9075c301b45a35d72b,"[898, 214]","['MOMENTUM', 'TREND', 'VOLUME_LIQUIDITY']",0.06814978271722794,0.03722492975185973,237,63,0.5555555555555556,5,5,9,0.008521529845893383,511,-0.44148558378219604,2,0.06814978271722794,28,386
80,LONG,5403c130958c0de4db48bb6f6e373dfc591021c1cdc9d794e9fa5bfb01156c5f,"[2434, 506]","['MARKET_REGIME_STRUCTURE', 'MEAN_REVERSION', 'MOMENTUM', 'VOLUME_LIQUIDITY']",0.06849265098571777,0.03570843072686123,193,63,0.5555555555555556,5,5,9,0.013824581168591976,2350,-0.4279145300388336,2,0.06849265098571777,28,387
286,LONG,22c3a954383a82cee753fbbcb9fdb5a33b256a90d53a91b76212b5234b608bff,"[1854, 428]","['BREAKOUT', 'MEAN_REVERSION', 'MOMENTUM', 'TREND']",0.0687849149107933,0.034630923885570444,113,63,0.5555555555555556,5,5,9,0.011088552884757519,241,-0.28123557567596436,1,0.0687849149107933,28,388
1007,LONG,b932e3ebfe44ae96baa0249b9a2170cc6ef1969f498801702ecebfd513fb6634,"[938, 2508]","['MARKET_REGIME_STRUCTURE', 'MOMENTUM', 'TREND']",0.07018579542636871,0.033398233978026985,295,63,0.5555555555555556,5,5,9,0.019737649708986282,3027,-0.34516578912734985,4,0.07018579542636871,28,389
377,LONG,872f86f32e87ba5059b9054a2f3261aed7acc4b05e32914acfcf3b5a8bffd8d6,"[330, 4320]",['MEAN_REVERSION'],0.06250424683094025,0.05234798261785609,1482,63,0.4444444444444444,4,4,9,0.009362384909763932,36668,-0.40930402278900146,3,0.06250424683094025,28,390
58,LONG,ef95aba600a535976e5dc26f2c2f35ccbcbe58e41a5260cb6749224a519e5f65,"[1014, 330]","['MEAN_REVERSION', 'MOMENTUM']",0.0635949969291687,0.0522908493521112,1400,63,0.4444444444444444,4,4,9,0.009376496775075793,27891,-0.4257556200027466,3,0.0635949969291687,28,391
453,LONG,d22859a86990dd391c1ef025a663aeac9c9ceee97c879b42780fd160d1b5e1a0,"[706, 564]","['MARKET_REGIME_STRUCTURE', 'RELATIVE_CROSS_SECTIONAL']",0.06829562783241272,0.05176119197208809,821,63,0.4444444444444444,4,4,9,0.014284826815128326,18372,-0.47008398175239563,3,0.06829562783241272,28,392
538,LONG,a3d374c78cb649fcd3acf79141f7d4b9ad07fb7cc64befaab464b52501233c2d,"[704, 1478]","['MARKET_REGIME_STRUCTURE', 'RELATIVE_CROSS_SECTIONAL']",0.07099267095327377,0.04923497931492396,726,63,0.4444444444444444,4,4,9,0.013856106903403997,17134,-0.4336349070072174,3,0.07099267095327377,28,393
8,LONG,80e9b3be00a3794fa6de4aad4c4ba184d0ccc5667adc71dc4dada2cfcd3b193b,"[2408, 3286]","['MEAN_REVERSION', 'MOMENTUM', 'RELATIVE_CROSS_SECTIONAL', 'VOLUME_LIQUIDITY']",0.07492127269506454,0.04124820135254806,190,63,0.4444444444444444,4,4,9,0.005306212697178125,427,-0.3598136007785797,1,0.07492127269506454,28,394
904,LONG,3e952aba44511ff7f8ba269be0969497cc9c066c82de14208e8f341478044ab2,"[1322, 4250]","['BREAKOUT', 'VOLATILITY', 'VOLUME_LIQUIDITY']",0.07025617361068726,0.053083426593123206,673,63,0.3333333333333333,3,3,9,0.008099758066236973,4587,-0.41128548979759216,1,0.07025617361068726,28,395
41,LONG,25d86ec9cb2edb193cdbcf9ac3fa85847021a89795866f978bb9ba2ba850fbf1,"[394, 2160]","['BREAKOUT', 'VOLUME_LIQUIDITY']",0.0730646550655365,0.050692630311194815,516,63,0.3333333333333333,3,3,9,0.013721195049583912,3087,-0.3804861605167389,2,0.0730646550655365,28,396
253,LONG,38f02db85ac8dd3fb0f03ad5da287249913d2f5d8722f5414ceec3e6da0f25cb,"[214, 2733]","['MOMENTUM', 'RELATIVE_CROSS_SECTIONAL']",0.07401260733604431,0.04457242975702247,547,63,0.3333333333333333,3,3,9,0.009296598844230175,4462,-0.45369768142700195,1,0.07401260733604431,28,397
926,LONG,fd8c5c81f8aedd2b993b6e72488493591a82572302104c6c0fa4e8312376c0e5,"[974, 602]","['MEAN_REVERSION', 'MOMENTUM', 'VOLUME_LIQUIDITY']",0.035893093794584274,0.018740712541478237,519,63,0.6666666666666666,6,6,9,0.001982303336262703,1259,-0.390442818403244,1,0.035893093794584274,29,398
35,LONG,5dc54d9330dec5d3ca92bb29cbeba306e98749a8c80ed0d98d60dc40d5349eee,"[1096, 1922]","['MOMENTUM', 'RELATIVE_CROSS_SECTIONAL', 'VOLUME_LIQUIDITY']",0.046199653297662735,-0.012843903517449844,47,63,0.6666666666666666,6,6,9,0.015007921028882265,643,-0.3453749418258667,1,0.046199653297662735,29,399
733,LONG,eb9e7c6508f0bd643bc1a6ba452dbfdd570d9d93a6b32615d4b9497bd62aacb5,"[1130, 646]","['MARKET_REGIME_STRUCTURE', 'RELATIVE_CROSS_SECTIONAL']",0.05740749090909958,0.042127328032164096,838,63,0.5555555555555556,5,5,9,0.01669146679341793,28013,-0.4313329756259918,4,0.05740749090909958,29,400
973,LONG,7a493b43dd9a58de5ef2e22c87d95e264cf3b34bc73a65a8ef1020802437efdd,"[1532, 1030]","['TREND', 'VOLATILITY', 'VOLUME_LIQUIDITY']",0.0622425340116024,0.041827868361779666,591,63,0.5555555555555556,5,5,9,0.008227541111409664,1184,-0.4141367971897125,3,0.0622425340116024,29,401
831,LONG,86234c51e0357b624e1b0c79f5b939f3fc02d19f9c152a860835357747e7d320,"[2962, 1036]","['MEAN_REVERSION', 'RELATIVE_CROSS_SECTIONAL', 'TREND', 'VOLATILITY']",0.06575451046228409,0.03916653473260753,280,63,0.5555555555555556,5,5,9,0.007411208003759384,669,-0.3049798607826233,2,0.06575451046228409,29,402
273,LONG,b654c6c46dbdd14bf704c5b62bd5471189f39b5e8e114d07085798595b4284ef,"[2572, 4298]","['BREAKOUT', 'MEAN_REVERSION', 'TREND']",0.06597618013620377,0.03736273698059324,381,63,0.5555555555555556,5,5,9,0.010324986651539803,1166,-0.4777168035507202,2,0.06597618013620377,29,403
660,LONG,37e56f59c9aceec8d62a5513eff210f6f2ae569bb6e6d85d547015892ee91201,"[1798, 68]","['MARKET_REGIME_STRUCTURE', 'VOLATILITY', 'VOLUME_LIQUIDITY']",0.06603146344423294,0.019075310372588167,76,63,0.5555555555555556,5,5,9,0.011322946287691593,580,-0.37108105421066284,1,0.06603146344423294,29,404
913,LONG,9d7a75f87e6340a46abfb759987a7651ed6a1ea85d329fddc6951a90940fdad2,"[564, 2800]","['MEAN_REVERSION', 'RELATIVE_CROSS_SECTIONAL']",0.05928691849112511,0.05182984558465834,1385,63,0.4444444444444444,4,4,9,0.01343909278512001,24753,-0.3111947476863861,3,0.05928691849112511,29,405
698,LONG,4adb684750929af8f3db001f26f05848771c7bc8ee28d62a14a6807493ffbde1,"[64, 330]",['MEAN_REVERSION'],0.061296496540308,0.05110018197879314,1485,63,0.4444444444444444,4,4,9,0.009171473560854793,37462,-0.4140791893005371,3,0.061296496540308,29,406
960,LONG,91dec5874e1f54c485788100186f193757f88e1931783f832b929eeda78f3c32,"[428, 1426]","['MEAN_REVERSION', 'TREND']",0.06173853948712349,0.05070920974464451,1283,63,0.4444444444444444,4,4,9,0.009937696624547243,10082,-0.35222411155700684,3,0.06173853948712349,29,407
76,LONG,5cd19b1c93af265cc974fc5ca352fb5cbf7ee2feab403edcfcf68eb43de0f2a8,"[652, 1096]","['MARKET_REGIME_STRUCTURE', 'VOLATILITY']",0.06449652463197708,0.050087867086289414,1083,63,0.4444444444444444,4,4,9,0.011037626769393682,62183,-0.453227162361145,4,0.06449652463197708,29,408
748,LONG,6bc67cb85f8962ac6d7cf01551bb44abde4c67072976a138b4f680b7ed289111,"[858, 2630]","['MEAN_REVERSION', 'MOMENTUM', 'TREND']",0.06809914112091064,0.04983028326044628,554,63,0.4444444444444444,4,4,9,0.009621955687180161,3884,-0.346251904964447,3,0.06809914112091064,29,409
915,LONG,d7467376ddd5b8cfc18e456ba4e52fe456e36b9aad8cf8bac26fd672ef821c31,"[1322, 2733]","['BREAKOUT', 'VOLATILITY', 'VOLUME_LIQUIDITY']",0.06891093403100967,0.048920903916304936,721,63,0.4444444444444444,4,4,9,0.013779019005596638,15926,-0.4211041033267975,3,0.06891093403100967,29,410
980,LONG,f3ef87ae00a6264a7526e93025492dc2b834896206b2427d755064d09afbe58c,"[974, 898]","['MOMENTUM', 'VOLUME_LIQUIDITY']",0.06914671510457993,0.04823922012845426,393,63,0.4444444444444444,4,4,9,0.012840146664530039,2505,-0.33121946454048157,3,0.06914671510457993,29,411
1182,LONG,df55ff8afe8d29b705994e10d90f267d443c0424d35bb916e3b62cdeef9615aa,"[4078, 1326]","['BREAKOUT', 'RELATIVE_CROSS_SECTIONAL', 'VOLATILITY', 'VOLUME_LIQUIDITY']",0.07073294371366501,0.04787050336341964,359,63,0.4444444444444444,4,4,9,0.011069248430430889,1437,-0.35859596729278564,1,0.07073294371366501,29,412
448,LONG,27c1667a48fde628091782c42841348079d887e814cc81f83e2aa2637c89e43c,"[296, 526]","['MARKET_REGIME_STRUCTURE', 'MOMENTUM']",0.0739486888051033,0.03999840012406274,272,63,0.4444444444444444,4,4,9,0.010789502179250121,1474,-0.37500375509262085,2,0.0739486888051033,29,413
74,LONG,5b52b1ba720a92f8d409a6fc2216f05ab95b1273728c40d280a92b4e85415253,"[3286, 1440]","['BREAKOUT', 'MEAN_REVERSION', 'MOMENTUM', 'RELATIVE_CROSS_SECTIONAL', 'TREND']",0.07263386249542236,0.05048348222850522,537,63,0.3333333333333333,3,3,9,0.009576587937772274,3768,-0.4326328933238983,1,0.07263386249542236,29,414
682,LONG,4dd0a8668d605b4ff4900072bed08d7df2580efb7aa0af1846ab2ab3a586dc94,"[772, 2160]","['BREAKOUT', 'MOMENTUM', 'VOLATILITY']",0.07296986132860184,0.04509906637928278,286,63,0.3333333333333333,3,3,9,0.004722734447568655,1228,-0.3453039526939392,1,0.07296986132860184,29,415
75,LONG,36f2d16e9bd8a798f65172e856a0dd342aa1343df0732c98a996dc6ddf3d5a17,"[766, 70]","['BREAKOUT', 'MEAN_REVERSION', 'MOMENTUM', 'VOLATILITY']",0.07481028884649277,0.0405429220736398,249,63,0.3333333333333333,3,3,9,0.010778267867863178,916,-0.3587341606616974,1,0.07481028884649277,29,416
190,LONG,fcf2a84a0743a8430b2e4a56a826998b8b688f7ab78fd269479ca3295b042046,"[1610, 3328]","['MARKET_REGIME_STRUCTURE', 'TREND', 'VOLUME_LIQUIDITY']",0.07486853748559952,0.03495030849952949,428,63,0.3333333333333333,3,3,9,0.02054048329591751,1331,-0.45405569672584534,1,0.07486853748559952,29,417
1169,LONG,8cb64bc0eb54c5b0bbbdd7a2f90cbbc9fc41c5a060161161c22f115866ab5da2,"[854, 1490]","['MEAN_REVERSION', 'MOMENTUM', 'TREND']",0.07316671311855316,0.0430741675206873,219,63,0.2222222222222222,2,2,9,0.03817809233441949,2230,-0.35175156593322754,1,0.07316671311855316,29,418
119,SHORT,30f4eb4cf5572836a8a573b924d7bb064d2236e38c82c74e6b4276d6a316bba4,"[2733, 974]","['BREAKOUT', 'MARKET_REGIME_STRUCTURE', 'RELATIVE_CROSS_SECTIONAL', 'TREND']",0.00885773915797472,-0.007375827729747455,148,10,0.6666666666666666,6,6,9,0.003860201803036034,300,-0.24781496822834015,0,-0.08833575248718262,30,419
1120,LONG,7cf8d95c38b1ff7a7629bb59d9471b4ced2898c9fe4a082ab2496dc9dae2b2c0,"[2356, 972]","['MEAN_REVERSION', 'MOMENTUM', 'VOLATILITY', 'VOLUME_LIQUIDITY']",0.039539024233818054,-0.029380768214202838,43,63,0.6666666666666666,6,6,9,0.009774447651579976,275,-0.42516571283340454,0,0.039539024233818054,30,420
154,LONG,37f57e116dd96c7f366d58927228a111580cd20b085014e473bcf0bd06a80888,"[64, 870]","['MEAN_REVERSION', 'VOLATILITY']",0.05514824390411377,0.04163976436372078,903,63,0.5555555555555556,5,5,9,0.010089456103742123,46777,-0.44353562593460083,4,0.05514824390411377,30,421
1163,LONG,d2cfd5471547ded9ca4f6429d89fcec54bac17c58d10aa7c92cb3d661dfb79d7,"[980, 3286]","['MEAN_REVERSION', 'MOMENTUM', 'RELATIVE_CROSS_SECTIONAL']",0.06114176660776138,0.04096591483514579,506,63,0.5555555555555556,5,5,9,0.012348520569503307,5116,-0.3740706741809845,4,0.06114176660776138,30,422
1002,LONG,766c5bc0d287855ff9cbd1a1b76f4a7b6890cc0f9c25ecd9ec1f1c54c9978f28,"[3002, 1014]","['MEAN_REVERSION', 'RELATIVE_CROSS_SECTIONAL', 'TREND', 'VOLUME_LIQUIDITY']",0.06133079156279564,0.040963309939499926,525,63,0.5555555555555556,5,5,9,0.011099426075816154,1398,-0.3403369188308716,4,0.06133079156279564,30,423
771,LONG,a41d0ec098d2e88e5e888dfbb338bb49c5fa84e8c792eea01826bf143072b863,"[1432, 1082]","['MARKET_REGIME_STRUCTURE', 'RELATIVE_CROSS_SECTIONAL']",0.06216135248541832,0.037178596698193504,369,63,0.5555555555555556,5,5,9,0.008699328638613224,624,-0.35384857654571533,2,0.06216135248541832,30,424
781,LONG,12f5ae2de7b6018237ff4005cd80100e530b596220b929dc8eac63082e4acf9d,"[1998, 1644]","['BREAKOUT', 'MOMENTUM', 'RELATIVE_CROSS_SECTIONAL']",0.06538405269384384,0.035492984051203866,373,63,0.5555555555555556,5,5,9,0.011233726516366005,7201,-0.3846384882926941,3,0.06538405269384384,30,425
868,LONG,3486eff7e49af80419dd8ca9043908f71e49b69eaf93ec389b988f18920c3925,"[2770, 1326]","['BREAKOUT', 'RELATIVE_CROSS_SECTIONAL', 'VOLATILITY']",0.06573119759559631,0.02914895295464983,199,63,0.5555555555555556,5,5,9,0.008449174463748932,4077,-0.36623790860176086,1,0.06573119759559631,30,426
126,LONG,a10fe46802365b0105e1ae283e49f99dc84bda0163e9851c1851089bdd127d33,"[652, 2620]",['MARKET_REGIME_STRUCTURE'],0.06443062424659729,0.05003335690447962,1083,63,0.4444444444444444,4,4,9,0.011027614120393991,62241,-0.45311853289604187,4,0.06443062424659729,30,427
1028,LONG,b9960afd5f2db717c1cfd2b0304065e7ea128377e95afd028a074fc471402d00,"[652, 1348]","['MARKET_REGIME_STRUCTURE', 'VOLATILITY']",0.06443062424659729,0.05003335690447962,1083,63,0.4444444444444444,4,4,9,0.011027614120393991,62241,-0.45311853289604187,4,0.06443062424659729,30,428
1128,LONG,071ebc9fc0663a33908b72d50df399ac0a68a265e200a6ad0c12422e954ec029,"[272, 216]","['MOMENTUM', 'RELATIVE_CROSS_SECTIONAL']",0.06881184130907059,0.04795877152951042,550,63,0.4444444444444444,4,4,9,0.008896103827282786,7530,-0.41379091143608093,2,0.06881184130907059,30,429
1040,LONG,961709f5079cdd8e12d7dd2c6b80d9eb42f232a98677c6f96c5ec222d6fff6e5,"[626, 1854]",['VOLATILITY'],0.06992430984973907,0.046443581769275835,425,63,0.4444444444444444,4,4,9,0.014145861845463514,14681,-0.44661349058151245,3,0.06992430984973907,30,430
244,LONG,016a2f7449196813766e64aa0040c70c70cef9a6899a0ff43a8b2cc9a81671b9,"[1130, 250]","['MARKET_REGIME_STRUCTURE', 'MOMENTUM', 'RELATIVE_CROSS_SECTIONAL']",0.06997564435005188,0.04624238182406297,508,63,0.4444444444444444,4,4,9,0.012969872448593378,18348,-0.35981860756874084,3,0.06997564435005188,30,431
1009,LONG,78e8896125ff66f97424db7d463ecda018763f7f032220ef1d2c24338e815292,"[694, 2170]","['MARKET_REGIME_STRUCTURE', 'VOLUME_LIQUIDITY']",0.07056216895580292,0.04498692747069977,594,63,0.4444444444444444,4,4,9,0.01279756659641862,11023,-0.5270631313323975,3,0.07056216895580292,30,432
426,LONG,258412cfc58fbeb37d8584cf2073649062c68d7afeb19187d1cc5cd9f6cded16,"[4078, 164]","['BREAKOUT', 'RELATIVE_CROSS_SECTIONAL', 'TREND', 'VOLATILITY', 'VOLUME_LIQUIDITY']",0.0707220733165741,0.04240048844506106,244,63,0.4444444444444444,4,4,9,0.0058199395425617695,1891,-0.3406502306461334,1,0.0707220733165741,30,433
976,LONG,e63c8c896df2d8f1161ce1a3f5fd44e1a2c85ccf4c693211a454f29a0149cf30,"[296, 2770]","['MARKET_REGIME_STRUCTURE', 'MOMENTUM', 'RELATIVE_CROSS_SECTIONAL']",0.07375388592481613,0.038571277623829024,167,63,0.4444444444444444,4,4,9,0.012204054277390242,807,-0.36297497153282166,3,0.07375388592481613,30,434
278,LONG,3a386c915cae3ca8d47233caef52bb3bb52c8062b98bfbc838c6d2648f6ec57f,"[2170, 1120]","['MEAN_REVERSION', 'MOMENTUM', 'TREND', 'VOLUME_LIQUIDITY']",0.06823980063199997,0.04892671791889061,538,63,0.3333333333333333,3,3,9,0.007499855011701584,5141,-0.37016308307647705,2,0.06823980063199997,30,435
1035,LONG,14af629cb9f3c4146cff139a8bbf7f744c0e6cd438ddecb710f08a235c3d234e,"[2160, 2630]","['MEAN_REVERSION', 'MOMENTUM', 'TREND', 'VOLUME_LIQUIDITY']",0.06904305517673492,0.04735932647566578,496,63,0.3333333333333333,3,3,9,0.008785964921116829,5393,-0.31556305289268494,1,0.06904305517673492,30,436
33,LONG,98991527c227864d2978bf37d3f0c3023db5e7fe089d64c2d006c7a559fefa45,"[854, 938]","['MEAN_REVERSION', 'MOMENTUM']",0.07158529758453369,0.046286897208100974,287,63,0.3333333333333333,3,3,9,0.01094039622694254,5447,-0.37667930126190186,2,0.07158529758453369,30,437
339,LONG,a9111cea8258ae17c45366450f15641fc77274343c7b247f1b593235da8be512,"[3952, 692]","['BREAKOUT', 'MEAN_REVERSION', 'TREND', 'VOLATILITY', 'VOLUME_LIQUIDITY']",0.07261405885219574,0.044020803438965805,313,63,0.3333333333333333,3,3,9,0.013509930111467838,1392,-0.39052310585975647,1,0.07261405885219574,30,438
53,LONG,b4d327ee132891c4352e92d54acf20b96bf71967f8668a7e8da915b6d6d4b9d9,"[1732, 602]","['MARKET_REGIME_STRUCTURE', 'MEAN_REVERSION', 'VOLUME_LIQUIDITY']",0.07483356446027756,-0.009919019593559328,90,63,0.2222222222222222,2,2,9,0.04270284064114094,363,-0.6466091275215149,0,0.07483356446027756,30,439
1196,LONG,5b55a15b086c87df09208dd591f376dc951b127aa71dd35dfa6b149485349cc2,"[870, 4298]","['MOMENTUM', 'TREND']",0.05652565881609917,0.039609297671548346,679,63,0.5555555555555556,5,5,9,0.012502592988312244,10946,-0.42974212765693665,4,0.05652565881609917,31,440
815,LONG,91703a07aadfdc5066e57f082868e342fe3775c71fb727e9bcc93e312fbc4b28,"[1490, 1272]","['MEAN_REVERSION', 'TREND']",0.05686294659972191,0.037691723653886705,761,63,0.5555555555555556,5,5,9,0.013506585732102394,4550,-0.38215020298957825,4,0.05686294659972191,31,441
325,LONG,9ca3e3e9ef23df2a486a9bda1babc86580355db8e79b3ea3ade542e3aa9c4885,"[296, 2236]","['MARKET_REGIME_STRUCTURE', 'MOMENTUM']",0.058586057275533676,0.035769549887224125,532,63,0.5555555555555556,5,5,9,0.009800899773836136,3443,-0.550445020198822,4,0.058586057275533676,31,442
740,LONG,42e392e791ca4e3ab780920ce044ec15fd251bdddefe605a36a5c946232a055e,"[472, 1550]","['TREND', 'VOLUME_LIQUIDITY']",0.06332066655158997,0.03546985815808456,676,63,0.5555555555555556,5,5,9,0.018002120777964592,6021,-0.5201624035835266,4,0.06332066655158997,31,443
385,LONG,835d7f1376a2b2b2684d8f34e450602e2889962fcabeecb95fb590a938904271,"[1082, 1326]","['MOMENTUM', 'RELATIVE_CROSS_SECTIONAL']",0.06421291083097458,0.017577910388583598,371,63,0.5555555555555556,5,5,9,0.0076636034063994884,1508,-0.31311702728271484,1,0.06421291083097458,31,444
271,LONG,b4960bfed7a1065330a32902210e5bfce24acf025e7258f9f1e9a35ec22cec8a,"[586, 3798]",['MEAN_REVERSION'],0.05899935960769653,0.04974186143458492,1427,63,0.4444444444444444,4,4,9,0.00977096683345735,54078,-0.4025380611419678,3,0.05899935960769653,31,445
889,LONG,a1e19b6a3a688526fa8560eeb949651e9bda5bc5433f8185ce3f4d97ec4621c9,"[540, 898]",['VOLUME_LIQUIDITY'],0.05911525711417198,0.04948112452624802,862,63,0.4444444444444444,4,4,9,0.010490499902516603,26687,-0.36261776089668274,4,0.05911525711417198,31,446
176,LONG,528d756503a505989a36361e20d1e0937d267fe67ed58d871532fc7f03b8b842,"[1326, 3572]","['VOLATILITY', 'VOLUME_LIQUIDITY']",0.06438761949539185,0.048982532755262945,913,63,0.4444444444444444,4,4,9,0.010776177048683167,26634,-0.4135184586048126,3,0.06438761949539185,31,447
813,LONG,22ab705b915cb5b03df24308ab00ef9f1ef0ac6cd94bd5166caed8a6457e4a05,"[458, 624]","['TREND', 'VOLATILITY']",0.0675567016005516,0.04605472930691175,611,63,0.4444444444444444,4,4,9,0.009387008612975478,11254,-0.36537113785743713,3,0.0675567016005516,31,448
855,LONG,0bb288a9bcc7927e83f19b8ea9c00ae3090a10b77891ee050e2010e2b6ab0439,"[700, 1420]","['MARKET_REGIME_STRUCTURE', 'RELATIVE_CROSS_SECTIONAL']",0.06812700629234314,0.044828820175259916,498,63,0.4444444444444444,4,4,9,0.010955360252410173,6267,-0.5076621174812317,2,0.06812700629234314,31,449
599,LONG,444b5be5b798ca720d80ae43f8d5b6f4cb2548a97354b6ad3528b000c44d7f17,"[558, 1130]","['MARKET_REGIME_STRUCTURE', 'VOLUME_LIQUIDITY']",0.0688372254371643,0.04372195168470597,532,63,0.4444444444444444,4,4,9,0.012362413574010134,11338,-0.37167641520500183,3,0.0688372254371643,31,450
15,LONG,26cf534f9b02c26e67f6356c9ada7fe5d215054fea818f622409bc37d034fe66,"[506, 1648]","['MARKET_REGIME_STRUCTURE', 'TREND']",0.069478839635849,0.0421457859240572,342,63,0.4444444444444444,4,4,9,0.00974533916451037,10928,-0.437360018491745,2,0.069478839635849,31,451
404,LONG,1982dcfd6f8539e6d8ccf26f3c45069a0a5cadc9ec042f13ec7581c95b77cba0,"[1322, 1478]","['BREAKOUT', 'VOLATILITY', 'VOLUME_LIQUIDITY']",0.06994432210922241,0.042048608171848814,341,63,0.4444444444444444,4,4,9,0.01375258108600974,1017,-0.3781243562698364,2,0.06994432210922241,31,452
158,LONG,2b6830c928ca91b26f2f9b73e745b070850346aa762ef22a95eb6e873c6c2720,"[974, 2202]","['MEAN_REVERSION', 'MOMENTUM', 'VOLUME_LIQUIDITY']",0.07015448808670044,0.03788608477768889,335,63,0.4444444444444444,4,4,9,0.010516953654587269,1978,-0.5244630575180054,2,0.07015448808670044,31,453
455,LONG,0b8406e59ebf370392796eb52fca9063338541e341c6aa931cadb78e91032182,"[2574, 1970]","['BREAKOUT', 'TREND', 'VOLUME_LIQUIDITY']",0.07133399695158005,0.0371575085344468,792,63,0.4444444444444444,4,4,9,0.010145656764507294,2949,-0.3402514159679413,3,0.07133399695158005,31,454
407,LONG,19b4f903512f7d415833b3c635bec033d7e8f5a2cdb44df5fd8ed84cdee808f6,"[4078, 1570]","['RELATIVE_CROSS_SECTIONAL', 'TREND', 'VOLATILITY', 'VOLUME_LIQUIDITY']",0.07338207215070724,0.03505807481579319,201,63,0.4444444444444444,4,4,9,0.007419923320412636,947,-0.41398730874061584,1,0.07338207215070724,31,455
261,LONG,69fba72414bed36fe9cc45bf31e32c90854f290eebfa3f21a964a42f2c915e29,"[858, 1952]","['MEAN_REVERSION', 'MOMENTUM', 'TREND']",0.06644851714372635,0.04812275161036517,562,63,0.3333333333333333,3,3,9,0.007097478490322828,7403,-0.3710821568965912,1,0.06644851714372635,31,456
703,LONG,295ea01d5b985e06ef1881c3bb9142590363e11764f329b49dacd76ff5835c24,"[522, 854]","['MEAN_REVERSION', 'VOLATILITY']",0.07118067145347595,0.044985207593503766,820,63,0.3333333333333333,3,3,9,0.015149777755141258,6516,-0.4719880521297455,3,0.07118067145347595,31,457
929,LONG,0e78f867aab8c58b064886e43f36b0d58cb37782b40fc817505e96d46400a510,"[996, 4078]","['MEAN_REVERSION', 'RELATIVE_CROSS_SECTIONAL']",0.05019984021782875,0.038978108737749616,1074,63,0.5555555555555556,5,5,9,0.00827109720557928,6629,-0.3161013424396515,4,0.05019984021782875,32,458
429,LONG,05a944869b5bb278be8923453136ad3cce84865e701e3dccd62ecbcc72e3be6f,"[590, 164]","['MARKET_REGIME_STRUCTURE', 'MEAN_REVERSION']",0.05293204262852669,0.03817428136276561,853,63,0.5555555555555556,5,5,9,0.011146673001348972,4271,-0.46825751662254333,4,0.05293204262852669,32,459
353,LONG,c6d8253a3c6332464ece371cfe1040abb06e096c82fc846019871e942a0b3ad0,"[590, 1522]","['MARKET_REGIME_STRUCTURE', 'MEAN_REVERSION']",0.0529899075627327,0.03724288276637348,790,63,0.5555555555555556,5,5,9,0.011057302355766296,3925,-0.4782404899597168,4,0.0529899075627327,32,460
433,LONG,0f2b1e812bc4a2bea14a9aa8bee791bb99c3611544762c3e113bc91ba233ca2c,"[992, 368]","['BREAKOUT', 'MEAN_REVERSION', 'MOMENTUM', 'RELATIVE_CROSS_SECTIONAL']",0.05524113029241562,0.03543199273658189,391,63,0.5555555555555556,5,5,9,0.011909146793186665,4678,-0.4262796640396118,3,0.05524113029241562,32,461
791,LONG,20d064cb1da182c4c7359f71d0c2abca75a9dce7c5cbb46e3bd17f5bcf82edab,"[870, 166]","['MOMENTUM', 'TREND', 'VOLATILITY']",0.05877820402383804,0.03376473228619577,532,63,0.5555555555555556,5,5,9,0.012396627105772495,3726,-0.37244418263435364,4,0.05877820402383804,32,462
691,LONG,4389fdf21689b42dc2a55e297fde9ad98c853b096c2c8eab194cb5f33ac02e82,"[898, 2182]","['MOMENTUM', 'VOLUME_LIQUIDITY']",0.059742383658885956,0.03333577506035193,221,63,0.5555555555555556,5,5,9,0.008989662863314152,2777,-0.38649919629096985,3,0.059742383658885956,32,463
568,LONG,783fced84aed10522937930b2ea9f60c0a8684444c331f7b38c8bd06da0c9610,"[980, 1010]","['MEAN_REVERSION', 'MOMENTUM', 'RELATIVE_CROSS_SECTIONAL']",0.06066545471549034,0.032474809722284476,440,63,0.5555555555555556,5,5,9,0.010113269090652466,3908,-0.38209402561187744,3,0.06066545471549034,32,464
804,LONG,51e5d608abf8b7475decdf37a31a1ffd17fb5452fcf1237d0b40a0b2eaf46898,"[626, 250]","['RELATIVE_CROSS_SECTIONAL', 'VOLATILITY']",0.06072834134101868,0.019693834709329817,262,63,0.5555555555555556,5,5,9,0.015064473263919353,4468,-0.5428911447525024,2,0.06072834134101868,32,465
72,LONG,f492d1a932fb286a71d652ff9c88322144fc55060638744742aebf5949d6f35c,"[1420, 3168]","['BREAKOUT', 'MARKET_REGIME_STRUCTURE', 'RELATIVE_CROSS_SECTIONAL']",0.06230543926358223,0.015506900570775098,104,63,0.5555555555555556,5,5,9,0.018981289118528366,382,-0.26337331533432007,3,0.06230543926358223,32,466
78,LONG,4b35d3362af31a08554c6baca7d94f6a6fdd9a67bffddc9a56b39ec21eb95263,"[428, 1398]","['MEAN_REVERSION', 'TREND']",0.05873594433069229,0.04911506487006594,1396,63,0.4444444444444444,4,4,9,0.010014950297772884,14375,-0.35080814361572266,3,0.05873594433069229,32,467
326,LONG,355c43d16f02fb3df6a7174725e38015f45c9d8e2efd628b84633e50f47f8221,"[474, 428]",['TREND'],0.059553589671850204,0.04877434803182994,1298,63,0.4444444444444444,4,4,9,0.010043017799034715,11629,-0.35165032744407654,3,0.059553589671850204,32,468
365,LONG,3cfc654cc325788be043c47544ff09e61e82aa6f0db456c422325697aa69a09d,"[1440, 652]","['MEAN_REVERSION', 'TREND', 'VOLATILITY']",0.06182708591222763,0.04807351376991704,1248,63,0.4444444444444444,4,4,9,0.011795863509178162,38823,-0.45042794942855835,3,0.06182708591222763,32,469
279,LONG,5abc1886974c66a0f4363527cf1b99688104fe5a11fda87b4ceee571b75ef2a1,"[1006, 2982]","['MARKET_REGIME_STRUCTURE', 'MEAN_REVERSION', 'MOMENTUM']",0.0627344474196434,0.04739480517009229,876,63,0.4444444444444444,4,4,9,0.010284279938787222,27842,-0.44786813855171204,3,0.0627344474196434,32,470
722,LONG,f1d5dd04ef595de81c8e92e9399fcbe9619baf02f9454a71e54ad090dc1b0ced,"[1006, 2982]","['MARKET_REGIME_STRUCTURE', 'MEAN_REVERSION', 'MOMENTUM']",0.0627344474196434,0.04739480517009229,876,63,0.4444444444444444,4,4,9,0.010284279938787222,27842,-0.44786813855171204,3,0.0627344474196434,32,471
742,LONG,e861199e75fa4bc7be9db5ca364564989170c7c0eb11fe1de747d253c4a2df5b,"[1576, 506]","['MARKET_REGIME_STRUCTURE', 'TREND']",0.06365276873111725,0.04572858819832133,676,63,0.4444444444444444,4,4,9,0.008806681726127863,18173,-0.49086493253707886,3,0.06365276873111725,32,472
795,LONG,60be8f943ed0af9174167ee9e9adb24367b8aa2689ca230fe66684093b631905,"[368, 1014]","['BREAKOUT', 'VOLUME_LIQUIDITY']",0.06673150509595871,0.04571316339714246,567,63,0.4444444444444444,4,4,9,0.008634254336357117,8684,-0.4138777256011963,2,0.06673150509595871,32,473
584,LONG,d0f50e9660cc90e462cdff628bee536bb414f286e10afcc5de63334e190b1855,"[4174, 1392]","['BREAKOUT', 'MARKET_REGIME_STRUCTURE', 'MEAN_REVERSION', 'VOLATILITY', 'VOLUME_LIQUIDITY']",0.06809447705745697,0.044243314590456294,244,63,0.4444444444444444,4,4,9,0.02089657075703144,858,-0.3332076370716095,3,0.06809447705745697,32,474
1176,LONG,ae77cd924d1b56444c36a347597d233f6163df3714ff0c39b24d0968bdc8210f,"[946, 2286]","['MEAN_REVERSION', 'MOMENTUM', 'VOLATILITY']",0.06988365948200226,0.040237387117226374,445,63,0.4444444444444444,4,4,9,0.012330665718764067,4952,-0.3672228753566742,3,0.06988365948200226,32,475
38,LONG,97292c86a255a561f7b3a0000567a026309606e530af606dde18cabe822a88b9,"[568, 3662]","['MEAN_REVERSION', 'RELATIVE_CROSS_SECTIONAL']",0.06988389790058136,0.0361960227932403,352,63,0.4444444444444444,4,4,9,0.01332385465502739,2293,-0.4289550185203552,2,0.06988389790058136,32,476
750,LONG,1716b0c64fff4f4ae9a5b8f91db02cd61eb7b8c4db802c655b232530c7aa19c3,"[1798, 2982]","['MARKET_REGIME_STRUCTURE', 'VOLUME_LIQUIDITY']",0.07335001230239868,0.03413400615679848,132,63,0.4444444444444444,4,4,9,0.012799012940376997,2397,-0.48014527559280396,2,0.07335001230239868,32,477
1074,LONG,4635c01ff5ecb130df393ea174c05b03bd7f8205b6d25069b8cd84d002769da1,"[428, 568]","['MEAN_REVERSION', 'TREND']",0.0612042136490345,0.04888800709116879,922,63,0.3333333333333333,3,3,9,0.007872442714869976,2832,-0.342787504196167,2,0.0612042136490345,32,478
1046,LONG,83f280946d76c2cc8329df15a17735525ce95ee711d8f42451a4fb88d194aeb6,"[1522, 2800]","['TREND', 'VOLATILITY', 'VOLUME_LIQUIDITY']",0.06817483901977539,0.04388991746905678,274,63,0.3333333333333333,3,3,9,0.012527670711278915,815,-0.3496314585208893,1,0.06817483901977539,32,479
509,LONG,c9f727868f03ed25310da285aeec42a52a22629160234306eaa8245e4d04b3be,"[2800, 548]","['BREAKOUT', 'MEAN_REVERSION', 'RELATIVE_CROSS_SECTIONAL', 'VOLUME_LIQUIDITY']",0.04657527804374695,0.03708896102482222,1358,63,0.5555555555555556,5,5,9,0.009203369729220867,7051,-0.3730583190917969,4,0.04657527804374695,33,480
663,LONG,02fb5c2997fb2774ba740cef2c1817223e7757170de7e59626ead8db3d44216a,"[3010, 2254]","['MEAN_REVERSION', 'RELATIVE_CROSS_SECTIONAL', 'VOLUME_LIQUIDITY']",0.05326028913259506,0.03511536569874445,605,63,0.5555555555555556,5,5,9,0.014608344063162804,1441,-0.3396860361099243,4,0.05326028913259506,33,481
215,LONG,0e38ff2f9233506585131f6e0862767b44872e6df295a2f82354d0d690c45325,"[626, 772]","['RELATIVE_CROSS_SECTIONAL', 'VOLATILITY']",0.05702665448188782,0.032888000606346335,606,63,0.5555555555555556,5,5,9,0.00963588897138834,11271,-0.48389071226119995,3,0.05702665448188782,33,482
1076,LONG,42bc6be50e8aa7e7d210fb5cfa4e6cd8c8292bce1897816e191c14481721a63e,"[3926, 574]","['MARKET_REGIME_STRUCTURE', 'MOMENTUM', 'RELATIVE_CROSS_SECTIONAL', 'VOLATILITY', 'VOLUME_LIQUIDITY']",0.05728123337030411,0.032126550182498284,380,63,0.5555555555555556,5,5,9,0.009344613179564476,2212,-0.4238090217113495,3,0.05728123337030411,33,483
420,LONG,719ab55425d2b7e879c1ecc2ef091326c903ec375e0978b701c7eb9db0e655b9,"[2572, 2076]","['BREAKOUT', 'MEAN_REVERSION', 'TREND', 'VOLUME_LIQUIDITY']",0.05978737026453018,0.029839635560412855,479,63,0.5555555555555556,5,5,9,0.014869551174342632,1524,-0.48480290174484253,3,0.05978737026453018,33,484
1166,LONG,e4a062eaea28c411099a06e324e8f5b7ae1275eda60721f236140e8b0fb60ada,"[756, 586]","['BREAKOUT', 'MEAN_REVERSION', 'MOMENTUM']",0.06016649305820465,0.028216338260492302,215,63,0.5555555555555556,5,5,9,0.008200169540941715,930,-0.322477251291275,1,0.06016649305820465,33,485
637,LONG,eaa413326e44c3163ffabaffca0a5e19a835e78f3b4e4d338ea2979de7f85782,"[2272, 2074]","['MARKET_REGIME_STRUCTURE', 'MOMENTUM', 'TREND', 'VOLATILITY']",0.06032376363873482,0.023388154395990977,293,63,0.5555555555555556,5,5,9,0.016464073210954666,1195,-0.3518853187561035,1,0.06032376363873482,33,486
115,LONG,92225c08b239b2c0931d50651338a93926066ede4f3a6fac49be8a89259d7a64,"[164, 474]","['BREAKOUT', 'MOMENTUM']",0.05926262214779854,0.04752685530039966,1373,63,0.4444444444444444,4,4,9,0.010103064589202404,39481,-0.43160080909729004,3,0.05926262214779854,33,487
399,LONG,332869de6a582a5dde3e90942129d219a19cc20e43acf940bc108e2c28a6ba4c,"[164, 1478]","['BREAKOUT', 'MOMENTUM']",0.05926262214779854,0.04752685530039966,1373,63,0.4444444444444444,4,4,9,0.010103064589202404,39481,-0.43160080909729004,3,0.05926262214779854,33,488
900,LONG,a1196ee1e76db944d5799c3defc6b87e3f1567202e4c893b7a95097dffbda652,"[296, 870]",['MARKET_REGIME_STRUCTURE'],0.06270924210548401,0.047156730547632225,726,63,0.4444444444444444,4,4,9,0.011335586896166205,7691,-0.4628784656524658,4,0.06270924210548401,33,489
635,LONG,d2893fa0a97b7bfe35ae551d49eb676bdd2b8fef9088b214b32347e567fe9658,"[1030, 1522]","['VOLATILITY', 'VOLUME_LIQUIDITY']",0.06409122049808502,0.04273891521307226,770,63,0.4444444444444444,4,4,9,0.01075001759454608,3782,-0.4152933359146118,2,0.06409122049808502,33,490
13,LONG,c3b5a2b9e72bd8e516104a8695037704958a1398a883026e23b50d51dc55fdf9,"[1294, 3572]","['BREAKOUT', 'MEAN_REVERSION', 'RELATIVE_CROSS_SECTIONAL']",0.06577446311712265,0.04181034260159815,384,63,0.4444444444444444,4,4,9,0.013213497120887041,2863,-0.38412773609161377,3,0.06577446311712265,33,491
731,LONG,d06118ddc25718f0b53c59456f2f37ecda49dd66f8f2f959503fce88cfeb1f15,"[2076, 2356]","['BREAKOUT', 'MARKET_REGIME_STRUCTURE', 'MOMENTUM']",0.06829984486103058,0.03923694784881527,351,63,0.4444444444444444,4,4,9,0.011678023263812065,3469,-0.4042889475822449,3,0.06829984486103058,33,492
469,LONG,ac6b9f4270ad36fba7db3580d58586bb610fa65485aeac68fff5e1badc1647eb,"[2962, 1036]","['MEAN_REVERSION', 'TREND', 'VOLATILITY']",0.06972058862447739,0.03773785908504177,529,63,0.4444444444444444,4,4,9,0.012563486583530903,1512,-0.36436089873313904,3,0.06972058862447739,33,493
306,LONG,7c1c38a8b425c6c0fa7f64a5b4f4b8c0ab0668d42acbea541496cb98a8abf8d1,"[2720, 2642]","['BREAKOUT', 'RELATIVE_CROSS_SECTIONAL', 'TREND']",0.07248476147651672,0.029321484697332943,171,63,0.4444444444444444,4,4,9,0.016597390174865723,1732,-0.38497596979141235,2,0.07248476147651672,33,494
786,LONG,6d96545ac0a5aafa4ffa90a4485d89316b3319a8a90111125197f9c38ffaf109,"[1482, 2160]","['MEAN_REVERSION', 'RELATIVE_CROSS_SECTIONAL', 'TREND']",0.07263768464326859,0.02566055035691768,152,63,0.4444444444444444,4,4,9,0.015675030648708344,334,-0.3321184515953064,1,0.07263768464326859,33,495
89,LONG,a0f7202bf8a700fa3b0ea5c83cb331102e90e22ebec652d280a9014eaa32d2bd,"[472, 1130]","['RELATIVE_CROSS_SECTIONAL', 'TREND', 'VOLUME_LIQUIDITY']",0.06379356980323792,0.04432391748446169,1170,63,0.3333333333333333,3,3,9,0.008015434257686138,14653,-0.4082135260105133,2,0.06379356980323792,33,496
51,LONG,be384abb10ab7a079b36e7098f57e5e8ed64def7ddf0a4f68ddd78e87cbd6c13,"[3476, 988]","['BREAKOUT', 'MOMENTUM', 'RELATIVE_CROSS_SECTIONAL', 'VOLATILITY']",0.06748833507299423,0.043978142432300533,326,63,0.3333333333333333,3,3,9,0.00808800384402275,2851,-0.3419496715068817,1,0.06748833507299423,33,497
1066,LONG,f6d759d109a8931e01c4c158bb6ca1f1863afb33dbbad0af843673c894446dc3,"[3328, 1532]","['BREAKOUT', 'MOMENTUM', 'TREND', 'VOLATILITY', 'VOLUME_LIQUIDITY']",0.07218066602945328,0.03103733376611883,335,63,0.3333333333333333,3,3,9,0.01610562577843666,1397,-0.3915556073188782,1,0.07218066602945328,33,498
1185,LONG,b8bb93b988959de4efee6d5d38e48022a177015136c038052d6973e73982aa42,"[996, 1140]","['MEAN_REVERSION', 'MOMENTUM']",0.044674020260572433,0.0341634846516878,756,63,0.5555555555555556,5,5,9,0.012635248713195324,2199,-0.26389870047569275,4,0.044674020260572433,34,499
520,LONG,178775414ffe7211664044680ae1560fceedff27236c56fda7164aab9a2f8e4b,"[2510, 1432]","['MARKET_REGIME_STRUCTURE', 'MOMENTUM', 'RELATIVE_CROSS_SECTIONAL', 'VOLATILITY']",0.05099714174866676,0.033680327756516956,467,63,0.5555555555555556,5,5,9,0.011966245248913765,2012,-0.3844369649887085,4,0.05099714174866676,34,500
427,LONG,cdcd32a485785c9d1be00fb08a4f6af10811e79be8fa9bdb6dd6fe90680aa0c0,"[2412, 272]","['MEAN_REVERSION', 'MOMENTUM', 'VOLUME_LIQUIDITY']",0.05627714470028877,0.03241997833390865,659,63,0.5555555555555556,5,5,9,0.01031266525387764,4738,-0.47021806240081787,3,0.05627714470028877,34,501
274,LONG,2222ceb85c1a5dabf1cfe5820b1cff385c4ae4e1d67ec6e139228b71167f128e,"[976, 706]","['MEAN_REVERSION', 'MOMENTUM', 'VOLUME_LIQUIDITY']",0.05651399493217468,0.030675857661060967,250,63,0.5555555555555556,5,5,9,0.017308099195361137,338,-0.331208735704422,3,0.05651399493217468,34,502
104,LONG,8972b132ce3cbed46a3680e8fb95ab5e4657092d8accb0f98ef1db788c8e795f,"[1082, 1692]","['MOMENTUM', 'RELATIVE_CROSS_SECTIONAL', 'VOLUME_LIQUIDITY']",0.05782368779182434,0.014229447210671785,308,63,0.5555555555555556,5,5,9,0.011434432119131088,932,-0.3050680160522461,1,0.05782368779182434,34,503
55,LONG,39680fb6f2821c56c81bb69110a874763ee113c43c07d760a7d00221dda2cf4d,"[1440, 2906]","['MEAN_REVERSION', 'TREND', 'VOLATILITY']",0.06085115298628807,0.047028267854559255,1251,63,0.4444444444444444,4,4,9,0.01173446187749505,36169,-0.44613489508628845,3,0.06085115298628807,34,504
305,LONG,9d00e64881ca86f99c8c3c59a1be46d24c743a676e8f62c161b057c17c1ae3da,"[946, 3010]","['MEAN_REVERSION', 'MOMENTUM', 'VOLATILITY']",0.06196612864732742,0.045548416533648065,721,63,0.4444444444444444,4,4,9,0.008684654720127583,21334,-0.4387289583683014,3,0.06196612864732742,34,505
285,LONG,daa006015a03d8196427ab6e46d9be68a323bd5340804311f2820510e57a988f,"[330, 3656]","['BREAKOUT', 'MEAN_REVERSION']",0.0633259117603302,0.04261036815988138,666,63,0.4444444444444444,4,4,9,0.009261981816962361,25035,-0.425715833902359,3,0.0633259117603302,34,506
251,LONG,a6ba1953f1a23063656c8886c4fbe163e3b8059166963c01e07719200836d35c,"[2962, 548]","['MEAN_REVERSION', 'RELATIVE_CROSS_SECTIONAL', 'TREND', 'VOLATILITY']",0.06378654390573502,0.042287055215283004,600,63,0.4444444444444444,4,4,9,0.019989101216197014,3193,-0.3625027537345886,3,0.06378654390573502,34,507
702,LONG,a684bcbcda80cb777f26ef3564442cd50344348c42c13d74c0c33435d3d319fb,"[1030, 3952]","['MOMENTUM', 'VOLATILITY', 'VOLUME_LIQUIDITY']",0.06727814674377441,0.03703590423936763,506,63,0.4444444444444444,4,4,9,0.00864102365449071,5256,-0.4890122711658478,2,0.06727814674377441,34,508
409,LONG,8d1b3d0450acb61e21e368858703032cbbc32cebb3dec011fb0f13f92de86d69,"[1610, 394]","['MARKET_REGIME_STRUCTURE', 'TREND', 'VOLUME_LIQUIDITY']",0.06822379678487778,0.0359246786307485,474,63,0.4444444444444444,4,4,9,0.01737125776708126,1403,-0.44609084725379944,2,0.06822379678487778,34,509
166,LONG,25a4626b8ed645564d9d2aebc7338d06f8d697db720503975df5c8d720a9a06e,"[1348, 3158]","['BREAKOUT', 'RELATIVE_CROSS_SECTIONAL', 'VOLATILITY']",0.06879404187202454,0.03390102781675851,194,63,0.4444444444444444,4,4,9,0.0118551691994071,1622,-0.43991389870643616,1,0.06879404187202454,34,510
388,LONG,77ba9c585034d613b4fe18d294934f3e7a60b325808158527007945291da1e38,"[772, 1410]","['BREAKOUT', 'MOMENTUM', 'VOLATILITY']",0.0713597759604454,0.022945255073120868,220,63,0.4444444444444444,4,4,9,0.012164439540356398,604,-0.38933220505714417,1,0.0713597759604454,34,511
260,LONG,16ec2fbae3832509c3f4c1c73782bf63e85a2571544fcef15effb7c84d357548,"[2872, 972]","['BREAKOUT', 'RELATIVE_CROSS_SECTIONAL', 'VOLATILITY', 'VOLUME_LIQUIDITY']",0.06375275552272797,0.04407788556584941,689,63,0.3333333333333333,3,3,9,0.009184706024825573,5498,-0.41771429777145386,2,0.06375275552272797,34,512
289,LONG,943082b7d33ee12db070f01287ae8619156208efe02dc9fd9d8b080dbd0c608c,"[1272, 3662]","['BREAKOUT', 'MEAN_REVERSION', 'VOLUME_LIQUIDITY']",0.06382027268409729,0.043848282346899886,625,63,0.3333333333333333,3,3,9,0.010617410764098167,4417,-0.45392197370529175,2,0.06382027268409729,34,513
109,LONG,d32f5b6ad882f996bef812abeedb41238ea1b44ad04cf785ef5cfe2553d53665,"[3286, 64]","['BREAKOUT', 'MEAN_REVERSION', 'MOMENTUM', 'RELATIVE_CROSS_SECTIONAL', 'TREND']",0.06614353507757187,0.04270615536698036,543,63,0.3333333333333333,3,3,9,0.008736072108149529,5832,-0.4538206458091736,2,0.06614353507757187,34,514
847,LONG,62c89c3d42de75a290cb33efb352d55da9a363b8e55bd3fac72c134b86828816,"[858, 1998]","['MEAN_REVERSION', 'MOMENTUM']",0.06735752522945404,0.03616788773526328,275,63,0.3333333333333333,3,3,9,0.0086541548371315,2913,-0.3624492883682251,1,0.06735752522945404,34,515
1177,LONG,6af8d1d8c47d0b3132df89c4dd725ea2b9881c27c6924052aef4670a61b14318,"[2286, 980]","['MOMENTUM', 'RELATIVE_CROSS_SECTIONAL', 'TREND', 'VOLUME_LIQUIDITY']",0.06904801726341248,0.03188951474326337,178,63,0.3333333333333333,3,3,9,0.005875241011381149,486,-0.2821153402328491,1,0.06904801726341248,34,516
9,LONG,03064b2aa51ba7b4e5b75bf5a882531e41e6152aa033d3a884dd493bd4387448,"[694, 1854]","['MARKET_REGIME_STRUCTURE', 'VOLUME_LIQUIDITY']",0.06974460929632187,0.029602684297698655,334,63,0.3333333333333333,3,3,9,0.02205463871359825,1584,-0.5933527946472168,2,0.06974460929632187,34,517
717,LONG,bd78551dca62b51b0d6112cde1bd735332ad78446d26490f06a220f10c220d59,"[1030, 454]","['MOMENTUM', 'VOLATILITY', 'VOLUME_LIQUIDITY']",0.06667669117450714,0.041482272694259074,492,63,0.2222222222222222,2,2,9,0.03504705894738436,1794,-0.4750531017780304,1,0.06667669117450714,34,518
209,LONG,fe2645bc63fdb98d28c142a9f249431340372675f69fd4a58c4c00afefb3b733,"[1432, 214]","['BREAKOUT', 'MARKET_REGIME_STRUCTURE', 'RELATIVE_CROSS_SECTIONAL']",0.05040347948670387,0.03270088479069933,410,63,0.5555555555555556,5,5,9,0.00998364482074976,1016,-0.3430764675140381,3,0.05040347948670387,35,519
31,LONG,1d027153fa4b0b17a7837a257e850689e596e0f4d8f37facce6bf4c58c3083d5,"[1224, 610]","['BREAKOUT', 'MARKET_REGIME_STRUCTURE', 'TREND']",0.054362598806619644,0.03176889893396452,438,63,0.5555555555555556,5,5,9,0.01574600115418434,2828,-0.4782324731349945,4,0.054362598806619644,35,520
614,LONG,6714dbaf2cb99d2f2aec97d8d4463fc4a2de9317c2109c89b3a2793759261a42,"[180, 214]","['MOMENTUM', 'TREND']",0.05634007602930069,0.027316749040418982,452,63,0.5555555555555556,5,5,9,0.00991782732307911,7902,-0.5106314420700073,2,0.05634007602930069,35,521
303,LONG,5b445b47af0017bfa5483d1e0331878ae02cc996adab1c98399ac6fcdc3e4827,"[564, 1432]","['MEAN_REVERSION', 'RELATIVE_CROSS_SECTIONAL']",0.06029987707734108,0.04641980187176845,698,63,0.4444444444444444,4,4,9,0.015325759537518024,6857,-0.3683617115020752,3,0.06029987707734108,35,522
629,LONG,e3c41764f0bb8cd4e9b012e4ad253d9e34c2e8e2f1b2cca728efba47e8ec2642,"[1366, 1734]","['BREAKOUT', 'MARKET_REGIME_STRUCTURE', 'VOLATILITY']",0.06134027615189552,0.043744311048646865,408,63,0.4444444444444444,4,4,9,0.009626331506296992,9663,-0.3481254577636719,3,0.06134027615189552,35,523
1154,LONG,5dcae1aa79a3e6b564f31b745f0f6be87cdbe6b1b405c5d7c8226fe15d5e6afa,"[590, 3952]","['MARKET_REGIME_STRUCTURE', 'MEAN_REVERSION']",0.06337141245603561,0.04071312019320171,726,63,0.4444444444444444,4,4,9,0.012453682254999876,9052,-0.45363518595695496,3,0.06337141245603561,35,524
643,LONG,faba01fb5110dd0922fbc1299fe680f6af64a4f7ac4b9e7d23eb729b2cc1f6eb,"[2488, 1026]","['MARKET_REGIME_STRUCTURE', 'MOMENTUM', 'VOLATILITY']",0.06367936730384827,0.036912408203414626,267,63,0.4444444444444444,4,4,9,0.007067951140925288,3966,-0.3421810567378998,1,0.06367936730384827,35,525
773,LONG,9f1eb23e0592821dc51aa982fb8d094ff7833ed635f9e3f404f9566c9657066d,"[706, 568]","['MARKET_REGIME_STRUCTURE', 'RELATIVE_CROSS_SECTIONAL']",0.0643596351146698,0.03651942226813909,356,63,0.4444444444444444,4,4,9,0.012309470679610968,4858,-0.5562875270843506,2,0.0643596351146698,35,526
833,LONG,b239d2ed6b2d1a3917fed3bf99c0464deadb1885e158b37ca12d20bd49fa8471,"[980, 1672]","['MEAN_REVERSION', 'MOMENTUM', 'RELATIVE_CROSS_SECTIONAL']",0.06711138784885406,0.03501692246223633,373,63,0.4444444444444444,4,4,9,0.009100169874727726,6492,-0.40620577335357666,2,0.06711138784885406,35,527
486,LONG,61300b0826bf326ad5345f752149c72e1a2d96b749052f05981a99982a2ad818,"[1348, 4320]","['BREAKOUT', 'RELATIVE_CROSS_SECTIONAL', 'VOLATILITY']",0.06840476393699646,0.033774837449838654,196,63,0.4444444444444444,4,4,9,0.011898888740688562,1632,-0.43991389870643616,1,0.06840476393699646,35,528
871,LONG,77046cd2c46915e1188cd6859126297b0b07adced78f68ec85c3a5022b82d5fa,"[1654, 3874]","['MEAN_REVERSION', 'VOLATILITY']",0.06062242016196251,0.045253701621286356,1069,63,0.3333333333333333,3,3,9,0.009942915290594101,15645,-0.3911420404911041,3,0.06062242016196251,35,529
488,LONG,284e392d6e56eab65401a374498f5e8aef68e80a271699b7d3ac56f260de1606,"[428, 1654]",['MEAN_REVERSION'],0.06574928760528564,0.041941137186058144,910,63,0.3333333333333333,3,3,9,0.015275978483259678,6631,-0.460991233587265,3,0.06574928760528564,35,530
989,LONG,d1a5042ba54aebbfb901e68916262aaaef69c5fbaf616e9f83bea6bd3960b00b,"[694, 482]","['MARKET_REGIME_STRUCTURE', 'VOLUME_LIQUIDITY']",0.06856134533882141,0.032436420545932,393,63,0.3333333333333333,3,3,9,0.019535476341843605,1797,-0.5709823369979858,2,0.06856134533882141,35,531
556,LONG,9e311c886afa3662099cbf8b4c0944ff156a0c49c43ddb75c8ae7552d1c662e6,"[1704, 652]","['MEAN_REVERSION', 'RELATIVE_CROSS_SECTIONAL', 'VOLATILITY', 'VOLUME_LIQUIDITY']",0.06899592280387878,0.030791321634826743,417,63,0.3333333333333333,3,3,9,0.013192630372941494,1243,-0.448984831571579,2,0.06899592280387878,35,532
307,LONG,ebb7420fe4ff5f0b3354fe7d5a343ad7ca0cad80c335c8042fa5d70927c5689a,"[1952, 564]","['BREAKOUT', 'MEAN_REVERSION', 'MOMENTUM']",0.05410847067832947,0.028963117899370748,90,63,0.5555555555555556,5,5,9,0.02331121638417244,247,-0.1525110900402069,3,0.05410847067832947,36,533
1070,LONG,ea7d42937ce54a078200706dc9444b706d797ec8012cd8ab59f27e8cb0313045,"[1878, 2800]","['MOMENTUM', 'TREND', 'VOLATILITY']",0.056163471192121506,0.0242129513775812,342,63,0.5555555555555556,5,5,9,0.01024741493165493,6834,-0.5113679766654968,4,0.056163471192121506,36,534
909,LONG,a0e1c8533bb33e6f38da19fe4cd117f0abe6d72866e27e9ea86683b1870ef600,"[2630, 2872]","['BREAKOUT', 'TREND', 'VOLATILITY', 'VOLUME_LIQUIDITY']",0.056282225996255875,-0.014662226988888874,48,63,0.5555555555555556,5,5,9,0.005943953059613705,291,-0.38697877526283264,0,0.056282225996255875,36,535
961,LONG,ad6dc552feae6d62ec3c2fe3dabc6ab51ff65079e612bbb8f6403c915739a2ab,"[474, 2234]","['TREND', 'VOLUME_LIQUIDITY']",0.058742791414260864,0.04568121326362031,1224,63,0.4444444444444444,4,4,9,0.009755965322256088,12917,-0.3543083965778351,3,0.058742791414260864,36,536
137,LONG,79b02fad9fb39fc544e87b26a4199a6b8f6039bcc84d0ddab07a3f9b6e403a47,"[2234, 1854]","['TREND', 'VOLATILITY', 'VOLUME_LIQUIDITY']",0.060156743973493576,0.04547013875777993,1124,63,0.4444444444444444,4,4,9,0.011125889141112566,16230,-0.4604313373565674,3,0.060156743973493576,36,537
512,LONG,0ffd06e96e3e4f8d37064d626cac4b6e32a9f5e9add53a4cfe4acf7ee6db38e1,"[472, 1140]","['TREND', 'VOLUME_LIQUIDITY']",0.06028120592236519,0.04312280657845777,1403,63,0.4444444444444444,4,4,9,0.011552420910447836,20210,-0.4387015104293823,4,0.06028120592236519,36,538
400,LONG,3909c5fae001cd7defbde500b8c4b0939fc5a4baff4b12468af984e08669327d,"[1130, 1010]","['MARKET_REGIME_STRUCTURE', 'MOMENTUM', 'RELATIVE_CROSS_SECTIONAL']",0.06356888264417648,0.03676849704651421,492,63,0.4444444444444444,4,4,9,0.009394208900630474,16847,-0.3770745098590851,3,0.06356888264417648,36,539
311,LONG,4dda3cb6f1158e8f5d3a2e2fdaf2f0a673a9ebacb4c130bf20ae707f0e668351,"[70, 1130]","['MEAN_REVERSION', 'MOMENTUM']",0.06413871049880981,0.03610708848489773,348,63,0.4444444444444444,4,4,9,0.010736256372183561,9677,-0.3665006756782532,3,0.06413871049880981,36,540
39,LONG,62e55d26586860526fe8851b1b3047470936a9dfd019821f437c24e0b08af20f,"[1490, 526]","['RELATIVE_CROSS_SECTIONAL', 'TREND']",0.06705626845359802,0.033434363205912504,289,63,0.4444444444444444,4,4,9,0.011724914191290736,1411,-0.3571834862232208,1,0.06705626845359802,36,541
550,LONG,9b67ce51530b45704f18b1fa61d732c5200c9b04c00295a3815256d343449d2d,"[626, 992]","['RELATIVE_CROSS_SECTIONAL', 'VOLATILITY']",0.06784583628177643,0.029417653454048225,227,63,0.4444444444444444,4,4,9,0.012897543609142303,5939,-0.3863530158996582,3,0.06784583628177643,36,542
836,LONG,2851d0824105452cf084c54a8a367a4615e3d1c27971255ecdeb85552032a982,"[2620, 352]","['TREND', 'VOLATILITY', 'VOLUME_LIQUIDITY']",0.067958764731884,0.026858052835975886,463,63,0.4444444444444444,4,4,9,0.020466033834964037,2311,-0.5662694573402405,2,0.067958764731884,36,543
220,LONG,8db9db4b18401da7528bc5b80df3694d02a1c9ca48fc99f6b7ff9d75057b22e4,"[858, 2872]","['MEAN_REVERSION', 'MOMENTUM', 'RELATIVE_CROSS_SECTIONAL', 'TREND']",0.060442086309194565,0.04462893212472807,714,63,0.3333333333333333,3,3,9,0.007194124162197113,6114,-0.3562833070755005,1,0.060442086309194565,36,544
250,LONG,342c1641fa50e373517bbcbc78c7545be8ada7e43e8b4b98828cdd57e312f534,"[1410, 522]","['BREAKOUT', 'VOLUME_LIQUIDITY']",0.060671206563711166,0.0436022965115857,775,63,0.3333333333333333,3,3,9,0.01054014265537262,2350,-0.3905056416988373,2,0.060671206563711166,36,545
195,LONG,2f3e04ad453b08646f96ef9658e2949ef014a6812eb26e802d19da0344c0cf6d,"[1410, 558]","['BREAKOUT', 'VOLUME_LIQUIDITY']",0.061247196048498154,0.04295274242852409,815,63,0.3333333333333333,3,3,9,0.009556933306157589,3428,-0.41275694966316223,2,0.061247196048498154,36,546
993,LONG,7657bd88d291999e73d4ff24a1ad7bd30f602c5f00f71e761909a2ff1acc3909,"[1490, 1082]","['MEAN_REVERSION', 'RELATIVE_CROSS_SECTIONAL']",0.06186175346374512,0.041359054425227706,549,63,0.3333333333333333,3,3,9,0.009411929175257683,1788,-0.294625461101532,1,0.06186175346374512,36,547
654,LONG,8493c09eb8306cffe91b6a988b8fc78ccf05ec3a8f9a11403e9555d9b80f8816,"[772, 250]","['BREAKOUT', 'MOMENTUM', 'VOLATILITY']",0.06204112246632576,0.038309180719245314,401,63,0.3333333333333333,3,3,9,0.004581262357532978,1988,-0.37299400568008423,1,0.06204112246632576,36,548
720,LONG,0868712b4b4f27d92008b7ea44347bfddc18228092da8dcda640adea6e68e991,"[2620, 938]","['BREAKOUT', 'TREND', 'VOLATILITY']",0.06545290350914001,0.03717118676325499,380,63,0.3333333333333333,3,3,9,0.013119952753186226,1208,-0.3885249197483063,1,0.06545290350914001,36,549
1113,LONG,fcd17da074869867f8e5fe501f872b09ccc860bb3a9cdb53bc9015602b5ca5cc,"[1610, 1482]","['MARKET_REGIME_STRUCTURE', 'TREND', 'VOLUME_LIQUIDITY']",0.06766810268163681,0.03364100618847532,343,63,0.3333333333333333,3,3,9,0.014439874328672886,750,-0.4569425582885742,1,0.06766810268163681,36,550
1,LONG,87df46e785657e15005627005ceadaa220193284664cce232783164e87aeba6b,"[2962, 988]","['MEAN_REVERSION', 'RELATIVE_CROSS_SECTIONAL', 'TREND', 'VOLATILITY']",0.06808125227689743,0.0323555472268131,501,63,0.3333333333333333,3,3,9,0.01204830314964056,1604,-0.342203825712204,2,0.06808125227689743,36,551
1118,LONG,312f4e308123036f6190ec4a4ada5d4199e077769cc1544f4e988097df838175,"[3286, 1878]","['BREAKOUT', 'MEAN_REVERSION', 'MOMENTUM', 'RELATIVE_CROSS_SECTIONAL', 'TREND']",0.0656825602054596,0.0339918458067132,325,63,0.2222222222222222,2,2,9,0.033455523080192506,1298,-0.44165852665901184,1,0.0656825602054596,36,552
159,LONG,6b66ded1a83b0d32f4791761f0fa991137ce4abb051338703378c6e615bbfea9,"[996, 1970]","['MOMENTUM', 'RELATIVE_CROSS_SECTIONAL']",0.040684059262275696,0.026802863233312192,577,63,0.5555555555555556,5,5,9,0.02380186691880226,6038,-0.31064555048942566,5,0.040684059262275696,37,553
1053,LONG,80889c9bd602e834a2b980cce792d26e2c248ecf66f2ac62f1a18d0994ce5c42,"[1970, 368]","['BREAKOUT', 'MEAN_REVERSION', 'MOMENTUM', 'VOLUME_LIQUIDITY']",0.05263296514749527,0.026450077477670895,212,63,0.5555555555555556,5,5,9,0.00999070517718792,681,-0.3139033019542694,2,0.05263296514749527,37,554
1026,LONG,f2ec9da1549494230be0b770b08ed225daab3863823e59c31b23cc8066e4d474,"[474, 310]","['TREND', 'VOLUME_LIQUIDITY']",0.05738485977053642,0.04552327405761408,1174,63,0.4444444444444444,4,4,9,0.01248136954382062,33850,-0.4152984917163849,4,0.05738485977053642,37,555
824,LONG,c19bf3bf4a6c61712e525ec93a2b2c5eac1c714fd9e7116cd6b151c6015b9970,"[980, 272]","['MEAN_REVERSION', 'MOMENTUM', 'RELATIVE_CROSS_SECTIONAL']",0.05828014388680458,0.045441938359661,879,63,0.4444444444444444,4,4,9,0.011550350114703178,13764,-0.3841992914676666,3,0.05828014388680458,37,556
1069,LONG,f12672f7c51bec5cb124f86144c5ecd265c6d3cac9e8484cf8f1c9fc58b1b870,"[992, 330]","['MEAN_REVERSION', 'MOMENTUM', 'RELATIVE_CROSS_SECTIONAL']",0.05947902798652649,0.04458293800441092,848,63,0.4444444444444444,4,4,9,0.01127292774617672,11567,-0.4055432379245758,3,0.05947902798652649,37,557
467,LONG,7fa109c21f3ec7892128cb3399b989654642b715eff5ef4bfb5dabae19cf58c9,"[1440, 1432]","['BREAKOUT', 'MEAN_REVERSION', 'TREND', 'VOLATILITY']",0.059514351189136505,0.04164493178894782,969,63,0.4444444444444444,4,4,9,0.010793199762701988,5378,-0.4484170079231262,3,0.059514351189136505,37,558
891,LONG,e714d5ab5be010f33f8c8810f67f4843f9c96fcb8da447d10576bc5422d5c890,"[4250, 1648]","['MEAN_REVERSION', 'RELATIVE_CROSS_SECTIONAL', 'TREND', 'VOLUME_LIQUIDITY']",0.06000829115509987,0.03695745065809744,466,63,0.4444444444444444,4,4,9,0.010637437459081411,3378,-0.39086493849754333,3,0.06000829115509987,37,559
330,LONG,2f4ea26f85706993ca736a356a7ff30b3ea57b2c1d7640b8c547f4759b84a7b2,"[2434, 54]","['MARKET_REGIME_STRUCTURE', 'MEAN_REVERSION', 'MOMENTUM']",0.062380101531744,0.03651719035741506,396,63,0.4444444444444444,4,4,9,0.009858489269390702,5794,-0.3908027112483978,2,0.062380101531744,37,560
535,LONG,1276b40029987cea7d6b8e55a5f67d83cd22b5f3b0760d72631aeb471792f6bf,"[1490, 2376]","['RELATIVE_CROSS_SECTIONAL', 'TREND']",0.06251263618469238,0.031186262092739718,330,63,0.4444444444444444,4,4,9,0.012572187930345535,1606,-0.347883403301239,2,0.06251263618469238,37,561
947,LONG,0d7ed852f357b10fb142c9e435952c46e8e747e105518017aeb755325096bbe6,"[898, 432]","['MOMENTUM', 'TREND', 'VOLUME_LIQUIDITY']",0.06477616727352142,0.027617440622349866,133,63,0.4444444444444444,4,4,9,0.011607333552092314,426,-0.3331398367881775,1,0.06477616727352142,37,562
472,LONG,ab600ec2f64e0916a60df286f9494a3b348ed9ba2e282c47eff9e844a47d92fc,"[2872, 3010]","['BREAKOUT', 'RELATIVE_CROSS_SECTIONAL', 'VOLATILITY', 'VOLUME_LIQUIDITY']",0.059921473264694214,0.04279218279637517,588,63,0.3333333333333333,3,3,9,0.006189672742038965,2061,-0.382303386926651,1,0.059921473264694214,37,563
845,LONG,41a434f7b1fd0415a8012856e22035f325d99328c5ef1303af85e535db856402,"[2160, 858]","['MEAN_REVERSION', 'MOMENTUM', 'TREND', 'VOLUME_LIQUIDITY']",0.06136363744735718,0.039321354407439044,584,63,0.3333333333333333,3,3,9,0.005308341234922409,7076,-0.33287447690963745,1,0.06136363744735718,37,564
547,LONG,0d827d56ac0a8b5f34d3ecc9f42ae36325a1e11a806368ef534a5b252d36350b,"[802, 2412]","['BREAKOUT', 'MOMENTUM', 'RELATIVE_CROSS_SECTIONAL']",0.06348738074302673,0.03465713342847373,271,63,0.3333333333333333,3,3,9,0.008674483746290207,1769,-0.35065314173698425,1,0.06348738074302673,37,565
219,LONG,b3259d0ee70be7249f4fc785cd2743109f0f305fdd31bcc99e3d146d3532209d,"[1854, 216]","['MEAN_REVERSION', 'MOMENTUM', 'TREND']",0.065607950091362,0.0224575887416629,189,63,0.3333333333333333,3,3,9,0.014698927290737629,677,-0.33031317591667175,2,0.065607950091362,37,566
561,LONG,1c2888a278df6a039f1cd6357ecc83ac49825284a2e5aaf4a636acc1b03619d0,"[2630, 996]","['BREAKOUT', 'RELATIVE_CROSS_SECTIONAL', 'TREND', 'VOLATILITY']",0.06599920988082886,0.011361762282036128,199,63,0.3333333333333333,3,3,9,0.01227372046560049,1146,-0.460827499628067,1,0.06599920988082886,37,567
609,LONG,a921943bbb8af0f67f4c5702be36cb50d99f953db9599c97da4e235d82e375ca,"[1326, 1878]","['BREAKOUT', 'VOLATILITY', 'VOLUME_LIQUIDITY']",0.06422382593154907,0.03189481321317608,380,63,0.2222222222222222,2,2,9,0.03481312422081828,1050,-0.4431934952735901,1,0.06422382593154907,37,568
369,LONG,54dfbdd1ad7f04d02af4f584b09957742df648a5482cc5fad6a869ad75177969,"[2074, 2408]","['BREAKOUT', 'MARKET_REGIME_STRUCTURE', 'MOMENTUM']",0.047685347497463226,0.02616875550194953,378,63,0.5555555555555556,5,5,9,0.007582290563732386,1025,-0.33597591519355774,2,0.047685347497463226,38,569
631,LONG,6a0c39a1ffdfd7eeffea5fc8cb4b5ded912eaf215d5f75a5beffe106f5c24509,"[3572, 1026]","['BREAKOUT', 'MOMENTUM', 'RELATIVE_CROSS_SECTIONAL', 'VOLATILITY']",0.051740627735853195,0.024734347027731567,366,63,0.5555555555555556,5,5,9,0.014205715619027615,1284,-0.46962159872055054,2,0.051740627735853195,38,570
611,LONG,e543f5c15add3ec9c62a73f976c134fe99c2cf5d46a06c5b02622273caf644d3,"[2510, 996]","['MARKET_REGIME_STRUCTURE', 'MOMENTUM', 'RELATIVE_CROSS_SECTIONAL', 'VOLATILITY']",0.05260716378688812,0.01311522348590944,173,63,0.5555555555555556,5,5,9,0.008599887602031231,421,-0.3674154579639435,1,0.05260716378688812,38,571
1187,LONG,b5c4884d732a097190c6effc1707dcb55a58903b2bc2034cd7382a4705d57088,"[428, 2234]","['MEAN_REVERSION', 'TREND']",0.05456571653485298,0.04522640872841109,1312,63,0.4444444444444444,4,4,9,0.00838757399469614,28068,-0.3884238302707672,3,0.05456571653485298,38,572
1135,LONG,01a311785194898267f6a8ed66d67e8e0e5f19e63681d31bcf079a4b45a004ee,"[652, 1532]",['MARKET_REGIME_STRUCTURE'],0.0572136826813221,0.0450388214442363,1125,63,0.4444444444444444,4,4,9,0.00930193206295371,79775,-0.42673438787460327,3,0.0572136826813221,38,573
69,LONG,c5346ba22df1c24a2a735c1e277cca3fa38e44adf1f27a3ad301917c8a34a8b3,"[1006, 506]","['MARKET_REGIME_STRUCTURE', 'MEAN_REVERSION']",0.05736105144023895,0.044199499442833155,822,63,0.4444444444444444,4,4,9,0.008314689854159951,28980,-0.4400145411491394,3,0.05736105144023895,38,574
901,LONG,b2bc8e0e52646246123391c81ad2bb167ad76b8d4ac363a55fc9281ac63f41b2,"[472, 1460]",['VOLUME_LIQUIDITY'],0.058170925825834274,0.04253276021566085,1463,63,0.4444444444444444,4,4,9,0.008581884205341339,29400,-0.42259812355041504,3,0.058170925825834274,38,575
1049,LONG,75cad6b44fa9974e19ba362006a76a560a972e3ed1272c82d083b64322dc5bbc,"[558, 1294]","['MEAN_REVERSION', 'VOLUME_LIQUIDITY']",0.05830441787838936,0.040409625399722274,558,63,0.4444444444444444,4,4,9,0.009333232184872031,9782,-0.4286791682243347,3,0.05830441787838936,38,576
90,LONG,29452915107f5007ce604bff921237adc2bfd95bffe62a813312063d7959ea6b,"[2642, 1096]","['BREAKOUT', 'RELATIVE_CROSS_SECTIONAL', 'TREND', 'VOLATILITY']",0.06076721474528313,0.030455942403407394,428,63,0.4444444444444444,4,4,9,0.007906949846073985,2949,-0.4085902273654938,1,0.06076721474528313,38,577
298,LONG,af3eafc3557ebc297d92d5d3cd2f64925c8cd4164143035f580bd8013f56f4c2,"[3798, 2510]","['MARKET_REGIME_STRUCTURE', 'MOMENTUM', 'TREND', 'VOLATILITY', 'VOLUME_LIQUIDITY']",0.062334250658750534,0.029925316729842645,233,63,0.4444444444444444,4,4,9,0.007650953601114452,1223,-0.37790629267692566,1,0.062334250658750534,38,578
184,LONG,3af806fcc078482ad2d33b32f3577e9dab4640b1274269724bae33a918fac2c3,"[3158, 3926]","['MEAN_REVERSION', 'RELATIVE_CROSS_SECTIONAL', 'VOLATILITY']",0.05823718011379242,0.042746430834425614,782,63,0.3333333333333333,3,3,9,0.009024091064929962,13946,-0.39032864570617676,2,0.05823718011379242,38,579
828,LONG,bfb06998e9c762402bd20c52170dfb2283acb4929a81f2f5ff7234f91117c391,"[3286, 3200]","['BREAKOUT', 'MEAN_REVERSION', 'MOMENTUM', 'RELATIVE_CROSS_SECTIONAL', 'TREND']",0.05882999673485756,0.042478936168626365,653,63,0.3333333333333333,3,3,9,0.006660494953393936,4720,-0.41334301233291626,2,0.05882999673485756,38,580
636,LONG,79e881d68b66dca02c01fc83ce5ad843a254ea1f0f9717560db5cef2e4f3c5ca,"[2074, 182]","['BREAKOUT', 'MOMENTUM', 'VOLATILITY']",0.05965835228562355,0.04068650964760756,616,63,0.3333333333333333,3,3,9,0.006097010336816311,2210,-0.3629804849624634,1,0.05965835228562355,38,581
1125,LONG,d2c341b023a0e30f14929cb5f93eb34780a319c29656c58e0ddee0f1656e8078,"[2508, 1366]","['MARKET_REGIME_STRUCTURE', 'RELATIVE_CROSS_SECTIONAL', 'VOLATILITY']",0.06082502380013466,0.03706247909266163,434,63,0.3333333333333333,3,3,9,0.002471131505444646,3542,-0.3123347759246826,1,0.06082502380013466,38,582
256,LONG,36f6b552ebd72acdc296ba93ce82eb41a2fb7b98645b852fed2830a4b70df250,"[1398, 3202]","['BREAKOUT', 'RELATIVE_CROSS_SECTIONAL', 'VOLUME_LIQUIDITY']",0.06209525838494301,0.03463292467657764,200,63,0.3333333333333333,3,3,9,0.010906790383160114,931,-0.331941694021225,1,0.06209525838494301,38,583
1012,LONG,3fbcd8612499b540ab03c2f9aa49a0e551f6f957b8341191581a9ddcb63bd89c,"[310, 166]",['BREAKOUT'],0.06315746903419495,0.029235647233170847,244,63,0.3333333333333333,3,3,9,0.002697144402191043,951,-0.3604741096496582,1,0.06315746903419495,38,584
1090,LONG,7db3d92531ebc6870c8956d64b2ccfb03da7a5c3285e5ad2a33c55db13c0b4e0,"[1878, 3012]","['BREAKOUT', 'MOMENTUM', 'TREND', 'VOLATILITY']",0.06520255655050278,0.02094299368611556,160,63,0.3333333333333333,3,3,9,0.011265026405453682,467,-0.44123849272727966,1,0.06520255655050278,38,585
878,LONG,b93669aef3b3b733dcd7da00df0f45421d89e7f8318f90aa8283d1db2a9eb931,"[1014, 558]","['MARKET_REGIME_STRUCTURE', 'MOMENTUM']",0.03883719444274902,0.02396941788057406,1105,63,0.5555555555555556,5,5,9,0.007468563970178366,12757,-0.4237128496170044,3,0.03883719444274902,39,586
320,LONG,8857e79c4bdc4f1d1224ce3de09ef5bd91388d12820ad99b033d607f972c226e,"[1550, 2076]","['RELATIVE_CROSS_SECTIONAL', 'TREND', 'VOLATILITY']",0.046903062611818314,0.02286154376594337,334,63,0.5555555555555556,5,5,9,0.00415016757324338,2205,-0.2839459776878357,1,0.046903062611818314,39,587
964,LONG,c3519d092ab5ae6bd111ae4ddde6467046693225649601cacb263fcf2d95466b,"[2182, 2074]","['MEAN_REVERSION', 'MOMENTUM', 'RELATIVE_CROSS_SECTIONAL', 'TREND']",0.051033709198236465,0.02077534691420949,262,63,0.5555555555555556,5,5,9,0.01731801964342594,888,-0.355783075094223,3,0.051033709198236465,39,588
105,LONG,7d899c8cd4404ece5cbc0e341463a859f31088bf4b09b15433d8caeb3a77a17a,"[548, 272]","['MEAN_REVERSION', 'VOLUME_LIQUIDITY']",0.05314174294471741,0.045151998545571836,1417,63,0.4444444444444444,4,4,9,0.009701794944703579,21153,-0.37329915165901184,4,0.05314174294471741,39,589
241,LONG,bd4472bc20bb0fe930ac91e240772c8267525e517edea3511f21826c4afd67c4,"[992, 330]","['MEAN_REVERSION', 'MOMENTUM']",0.055588528513908386,0.04281540092005692,1011,63,0.4444444444444444,4,4,9,0.010090011404827237,14676,-0.3948288559913635,3,0.055588528513908386,39,590
723,LONG,f6bf1737e2c3a15f42c71f73aa8610b90e01dd620726a84dca0a729e3db1ac53,"[214, 3168]","['MEAN_REVERSION', 'MOMENTUM']",0.05740674212574959,0.04181157276274893,759,63,0.4444444444444444,4,4,9,0.0072591244243085384,27464,-0.39108315110206604,3,0.05740674212574959,39,591
680,LONG,395fcfaf157141b5deb4b62a14dc7dc3f4f929921d55524d6c2b211d108a6f65,"[1366, 2160]","['BREAKOUT', 'VOLATILITY']",0.057902004569768906,0.04174383570306207,631,63,0.4444444444444444,4,4,9,0.009678574278950691,29512,-0.4146251678466797,3,0.057902004569768906,39,592
1149,LONG,2ca350202178f96dfe4f0cba56bdc698d0cf2bc93f2f1f3583d16fa874c6bf1f,"[2286, 1006]","['MOMENTUM', 'RELATIVE_CROSS_SECTIONAL', 'TREND', 'VOLUME_LIQUIDITY']",0.060638945549726486,0.030316023049966206,186,63,0.4444444444444444,4,4,9,0.009554874384775758,456,-0.3436865508556366,1,0.060638945549726486,39,593
525,LONG,57d87755927df8cced38eeef0cfe37c7050583c6ce99c66fd8c88ae1c1651241,"[2508, 700]","['MARKET_REGIME_STRUCTURE', 'MOMENTUM', 'RELATIVE_CROSS_SECTIONAL', 'VOLATILITY']",0.06078166514635086,0.006755500273849892,145,63,0.4444444444444444,4,4,9,0.00800360832363367,1047,-0.3968278765678406,1,0.06078166514635086,39,594
1198,LONG,92a1939b5d2c536fd11a5af8d5d7d860fbc659a843d9cca3f18c14bebb1ee9a6,"[368, 2800]",['BREAKOUT'],0.05699476972222328,0.04487746016364446,907,63,0.3333333333333333,3,3,9,0.005721123889088631,33511,-0.3993411958217621,2,0.05699476972222328,39,595
1014,LONG,58492f2763b7959940e58232d6a9390fb92f2873c2c0796bf49f5e9d839b20b3,"[1294, 1584]","['BREAKOUT', 'MEAN_REVERSION']",0.061206307262182236,0.03313666309656085,321,63,0.3333333333333333,3,3,9,0.00934948306530714,990,-0.3842013478279114,1,0.061206307262182236,39,596
332,LONG,6b56ca9f57ee103ab047e8ea3e0a08f11105bccfe5c9bb7110e4c85d597131df,"[1648, 454]","['MEAN_REVERSION', 'VOLATILITY', 'VOLUME_LIQUIDITY']",0.05942291021347046,0.036261540901346014,410,63,0.2222222222222222,2,2,9,0.03144976624753326,1813,-0.47532692551612854,1,0.05942291021347046,39,597
704,LONG,12c1faea3036d95c0703ed2fb56d0af44ac1dfc7b03dd7fcbd54b1e9b57aa4f1,"[2642, 870]","['BREAKOUT', 'RELATIVE_CROSS_SECTIONAL', 'TREND']",0.06279876083135605,0.019636388760607894,145,63,0.2222222222222222,2,2,9,0.03146021864085924,667,-0.394262433052063,1,0.06279876083135605,39,598
180,LONG,eccca7d9b9f878b837276290c6c109493afb28275a4c5b4e5f1a6f70e1f7fc22,"[2160, 1348]","['MEAN_REVERSION', 'MOMENTUM', 'RELATIVE_CROSS_SECTIONAL', 'TREND', 'VOLUME_LIQUIDITY']",0.06449967622756958,-0.03385672474311498,107,63,0.2222222222222222,2,2,9,0.03481014119461179,299,-0.3999827206134796,0,0.06449967622756958,39,599
853,LONG,ee04728bb07b01e1c0a20fefdadcf36e5ee94ac1ebc44d34f1d2cab58a1bb02e,"[2630, 214]","['MEAN_REVERSION', 'TREND', 'VOLATILITY', 'VOLUME_LIQUIDITY']",0.06487805396318436,-0.07642492809381571,25,63,0.2222222222222222,1,2,9,0.032756310392869636,200,-0.4509449005126953,0,0.06487805396318436,39,600
367,LONG,3562460b717534ff9d10cc392f1b58a2b3890014ee33496a6e364930268bf225,"[430, 3926]","['MARKET_REGIME_STRUCTURE', 'MEAN_REVERSION', 'TREND']",0.04978231340646744,0.01679340965368733,160,63,0.5555555555555556,5,5,9,0.010828900150954723,222,-0.3987877070903778,1,0.04978231340646744,40,601
549,LONG,7152a3feafddaf82b421af9fe9ce15e9b33140b60cec8db0076889114eeb989f,"[1014, 4320]","['MARKET_REGIME_STRUCTURE', 'MEAN_REVERSION']",0.051488906145095825,0.04322340787704083,1270,63,0.4444444444444444,4,4,9,0.00920942472293973,18558,-0.37715357542037964,3,0.051488906145095825,40,602
173,LONG,55ff1a4685ab699e91e4e6a5d22a23207b5ffd3d1aa6b49f3f35f125fc7c396e,"[1026, 700]","['MOMENTUM', 'VOLATILITY', 'VOLUME_LIQUIDITY']",0.054173313081264496,0.04240604770468802,830,63,0.4444444444444444,4,4,9,0.00970373977907002,54501,-0.3891507387161255,3,0.054173313081264496,40,603
602,LONG,58f4afff1cc5fe463e91bfc990498a5777f528f0255e08f7bdca8f35b60ec380,"[798, 980]","['MOMENTUM', 'VOLUME_LIQUIDITY']",0.05544438585639,0.041807641871552226,812,63,0.4444444444444444,4,4,9,0.011106995167210698,16637,-0.37053629755973816,3,0.05544438585639,40,604
676,LONG,f2107a243471af4d44b09484e57083364a6a02cde46b2ccfe7ffd5644b0053d4,"[980, 1432]","['MEAN_REVERSION', 'RELATIVE_CROSS_SECTIONAL']",0.05638933926820755,0.04173295299021161,911,63,0.4444444444444444,4,4,9,0.01022478612139821,18008,-0.3770073652267456,3,0.05638933926820755,40,605
724,LONG,52f5bf17a3297126407001c826ba6030f94394a6053f9a4a22dbb81c89cd9cd3,"[1392, 1732]","['BREAKOUT', 'RELATIVE_CROSS_SECTIONAL', 'VOLUME_LIQUIDITY']",0.05650152266025543,0.040139335337683636,501,63,0.4444444444444444,4,4,9,0.0217032628133893,4078,-0.3113260567188263,4,0.05650152266025543,40,606
666,LONG,41a271e1d9ef1bbcf35792a2974af229062ef1d58418abfca1b7775067fab445,"[2488, 330]","['MARKET_REGIME_STRUCTURE', 'VOLATILITY', 'VOLUME_LIQUIDITY']",0.060412224382162094,0.02711632410328385,184,63,0.4444444444444444,4,4,9,0.010842406190931797,5484,-0.41911372542381287,3,0.060412224382162094,40,607
61,LONG,c85da5b7c261f002452b0839fcbdd2fa7054f9b63c39ba3ca66e60a31fad576c,"[3286, 586]","['BREAKOUT', 'MOMENTUM', 'RELATIVE_CROSS_SECTIONAL', 'TREND']",0.05787775292992592,0.03919431273484639,698,63,0.3333333333333333,3,3,9,0.006786109413951635,7951,-0.4268813729286194,2,0.05787775292992592,40,608
202,LONG,267f4559ff5ee852ba815d1a65fcd743008305ec2d7b36f144d4d529b9f6ba10,"[526, 198]","['MEAN_REVERSION', 'VOLATILITY']",0.05910230427980423,0.03195962348256699,469,63,0.3333333333333333,3,3,9,0.003905179910361767,1299,-0.4196034073829651,1,0.05910230427980423,40,609
534,LONG,995be938234879e087bfeac70ca169216ab71ea2bfa9b817a974f7410cbeca36,"[2376, 1082]","['MEAN_REVERSION', 'RELATIVE_CROSS_SECTIONAL', 'VOLATILITY']",0.06035035103559494,0.028704668952894176,594,63,0.3333333333333333,3,3,9,0.00828032661229372,2688,-0.371928334236145,1,0.06035035103559494,40,610
537,LONG,2b04721630dd26a0b2919e33f837af0e3ed6c26296dfadff94dcabad36d97f3a,"[1008, 700]","['MARKET_REGIME_STRUCTURE', 'MEAN_REVERSION', 'MOMENTUM']",0.06055160239338875,0.020039034090806616,239,63,0.3333333333333333,3,3,9,0.00795703288167715,1924,-0.5744426250457764,1,0.06055160239338875,40,611
917,LONG,5a669e241cea0fa893ef2d209b1ce6c0995ef4e09957c060ecf55700324b3a0d,"[1326, 522]","['VOLATILITY', 'VOLUME_LIQUIDITY']",0.0562465637922287,0.043902784066195674,1373,63,0.2222222222222222,2,2,9,0.02961468358989805,10178,-0.42002201080322266,1,0.0562465637922287,40,612
877,LONG,ccffc178a77f4f771c1e138e512feb62669b77a8e48eeee2158f6d9a3ba82a48,"[1522, 3158]","['TREND', 'VOLATILITY', 'VOLUME_LIQUIDITY']",0.058883801102638245,0.036125114662865235,373,63,0.2222222222222222,2,2,9,0.03295809542760253,1604,-0.3171975016593933,1,0.058883801102638245,40,613
47,LONG,4b52d65d2c0c473f3ecf0c27d5bff7e35a66d79cdde8f20a5f2218fc9159dea5,"[2620, 694]","['TREND', 'VOLATILITY', 'VOLUME_LIQUIDITY']",0.04099256545305252,0.01375392658139396,417,63,0.5555555555555556,5,5,9,0.005463678389787674,1022,-0.4657789468765259,1,0.04099256545305252,41,614
866,LONG,566fe3b0d74f354b9b780fc91488f0ffd46bb3c2cfee61cea1f72993daee20f8,"[1732, 1922]","['MARKET_REGIME_STRUCTURE', 'MEAN_REVERSION', 'VOLUME_LIQUIDITY']",0.04697176441550255,-0.01788112362074039,98,63,0.5555555555555556,5,5,9,0.005398978479206562,956,-0.547187089920044,0,0.04697176441550255,41,615
282,LONG,32ea4fe34321c1953e466c420c35b4008cd8bfa2f131dc0f58fdec29a1c9515c,"[1014, 1036]","['MEAN_REVERSION', 'MOMENTUM']",0.0503745935857296,0.04123667641723984,1260,63,0.4444444444444444,4,4,9,0.008966154651716352,13718,-0.3709726929664612,3,0.0503745935857296,41,616
922,LONG,a64c9caf6da2fcf16853b6594c4fb4a1da3cefe50ba42fa6a6b1053b256fda6f,"[214, 1532]",['MOMENTUM'],0.053413666784763336,0.04099424090365445,911,63,0.4444444444444444,4,4,9,0.007049435982480645,46176,-0.39421218633651733,3,0.053413666784763336,41,617
309,LONG,12dd2ee04f72b3fc4f7b45908c973f9baa9636ef03f914079b2e54e2a1d53796,"[954, 4320]","['MOMENTUM', 'VOLATILITY']",0.05434488505125046,0.040967902388428526,897,63,0.4444444444444444,4,4,9,0.007735897088423371,66821,-0.42456865310668945,3,0.05434488505125046,41,618
221,LONG,8ff98916cf765953452d810c59a7e34fe8bd0d2603f6f363acbe033618268ee0,"[854, 992]","['MEAN_REVERSION', 'TREND']",0.05549917370080948,0.03860316240852757,655,63,0.4444444444444444,4,4,9,0.010541415773332119,10997,-0.3766711354255676,3,0.05549917370080948,41,619
810,LONG,047efac06ce090d2e113110c17e102be6f3c10c316d5614d567eb807d286521e,"[1798, 1734]","['VOLATILITY', 'VOLUME_LIQUIDITY']",0.058664720505476,0.0197062562046734,82,63,0.4444444444444444,4,4,9,0.01136792078614235,938,-0.3444880545139313,1,0.058664720505476,41,620
200,LONG,c1754aeaa8441f8ae297e988b4e0d1dc48e22addfd32c977d8a3d38df7203607,"[3798, 2800]","['MARKET_REGIME_STRUCTURE', 'MOMENTUM', 'TREND', 'VOLATILITY', 'VOLUME_LIQUIDITY']",0.059461865574121475,0.017233314472182404,105,63,0.4444444444444444,4,4,9,0.015424956101924181,236,-0.4706778824329376,1,0.059461865574121475,41,621
671,LONG,e8b92149bd92b5808b08395e78c0bb43358896b6088510d960dbc1fb11456956,"[548, 3328]",['MEAN_REVERSION'],0.04934287443757057,0.04228120666282128,1568,63,0.3333333333333333,3,3,9,0.008988633751869202,77446,-0.3697603940963745,3,0.04934287443757057,41,622
349,LONG,84120de87e87e4591b246b85bc194bdcb658e4f9c877ea599e4c248460cff774,"[438, 2236]","['MEAN_REVERSION', 'TREND']",0.052143920212984085,0.04226764821403174,1509,63,0.3333333333333333,3,3,9,0.010614853352308273,18720,-0.38494202494621277,3,0.052143920212984085,41,623
445,LONG,666899f1d66f0ddeb4dfcfcbd4aa6be32e2489d6b9885f9337d5ce6cb85c755d,"[454, 1544]","['TREND', 'VOLATILITY']",0.056114561855793,0.04070817157772467,781,63,0.3333333333333333,3,3,9,0.004768316633999348,16210,-0.3232324719429016,1,0.056114561855793,41,624
296,LONG,4a63700591e318566df14e6972dbca93aabacd61cab7f72062b99dffd95be7fc,"[1410, 2262]","['BREAKOUT', 'MARKET_REGIME_STRUCTURE', 'VOLUME_LIQUIDITY']",0.05687642842531204,0.036397753069579084,616,63,0.3333333333333333,3,3,9,0.00812613032758236,1799,-0.4142959713935852,1,0.05687642842531204,41,625
206,LONG,741905fc0be5552244c7f92c1ff0f3e016aca26745926cc55a688a79baebca0c,"[3476, 4320]","['BREAKOUT', 'MEAN_REVERSION', 'MOMENTUM', 'VOLATILITY']",0.057587191462516785,0.03441533425685319,260,63,0.3333333333333333,3,3,9,0.009706247597932816,1461,-0.31378963589668274,1,0.057587191462516785,41,626
480,LONG,3812572e5ddb0731b40f83c5eed0420d19c33f58e88f0419cfbee70d5f72ce6d,"[4250, 1426]","['MEAN_REVERSION', 'RELATIVE_CROSS_SECTIONAL', 'TREND', 'VOLATILITY']",0.058566998690366745,0.030928950532847877,357,63,0.3333333333333333,3,3,9,0.008900257758796215,3979,-0.40930497646331787,1,0.058566998690366745,41,627
844,LONG,8fab488b7befe8aa23252a16b3b277a1f578f38efd25638a0bb0fc7428c4c583,"[772, 482]","['BREAKOUT', 'VOLATILITY']",0.05616535618901253,0.03675291716415073,594,63,0.2222222222222222,2,2,9,0.028944084187969565,2712,-0.3791942596435547,1,0.05616535618901253,41,628
292,LONG,d3a5a638cbfea97f2a77be681f92ab8c6fa53d52d97c69de3680529f71a7abcb,"[3010, 164]","['MEAN_REVERSION', 'RELATIVE_CROSS_SECTIONAL', 'TREND', 'VOLUME_LIQUIDITY']",0.03136737644672394,0.0025696430850588557,95,20,0.5555555555555556,5,5,9,0.008098400197923183,200,-0.19556483626365662,1,nan,42,629
760,LONG,242e9918b725c3365fa3f69ef68dc4ac7dac4b978253198aad57687248da9b98,"[692, 2356]","['MARKET_REGIME_STRUCTURE', 'VOLUME_LIQUIDITY']",0.03642755746841431,-0.023801202774690965,85,63,0.5555555555555556,5,5,9,0.018376698717474937,1803,-0.545348048210144,3,0.03642755746841431,42,630
932,LONG,011ab1f1c53fb75289a4cea88832669a15537227567b9a3d18ac8edd5c2722a0,"[3202, 1648]","['MARKET_REGIME_STRUCTURE', 'RELATIVE_CROSS_SECTIONAL', 'VOLUME_LIQUIDITY']",0.04997460916638374,0.04079337914309252,796,63,0.4444444444444444,4,4,9,0.005995761253871024,22858,-0.3287180960178375,3,0.04997460916638374,42,631
32,LONG,ef59aba4ac428535a389148115ec917433b165de871a3f6bf5d9e237b223e0de,"[310, 1010]",['TREND'],0.050737496465444565,0.03914668373492915,1156,63,0.4444444444444444,4,4,9,0.009870744310319424,66386,-0.4140922725200653,3,0.050737496465444565,42,632
413,LONG,e0062803e764cd2dcd6b79c49a7cdc81028ae5078150bd648da1b801c6851c71,"[2262, 2572]","['MARKET_REGIME_STRUCTURE', 'TREND', 'VOLATILITY']",0.05114034563302994,0.0387547883989861,1157,63,0.4444444444444444,4,4,9,0.012090884149074554,42386,-0.43453580141067505,4,0.05114034563302994,42,633
262,LONG,fe62c6efe438cc15cef2b8eaf8c0aaa71c0ce0e8d0e5d400e8889909356706fa,"[506, 870]","['MARKET_REGIME_STRUCTURE', 'TREND']",0.05398423224687576,0.038623767316431336,736,63,0.4444444444444444,4,4,9,0.007256066193804145,19076,-0.4549725651741028,2,0.05398423224687576,42,634
747,LONG,f4660b4990e5db590364a48e5a632f0a465b855c8d8fb377c163e4c73a37eaf0,"[1008, 2488]","['MARKET_REGIME_STRUCTURE', 'MEAN_REVERSION']",0.05493617802858353,0.035198309172246874,476,63,0.4444444444444444,4,4,9,0.010094610508531332,27599,-0.4861898720264435,3,0.05493617802858353,42,635
686,LONG,4bcf432f8c90b82dd7b9887b924f06e9f4775f4720c9c2d9e1c349b87246c748,"[700, 1014]","['MARKET_REGIME_STRUCTURE', 'RELATIVE_CROSS_SECTIONAL']",0.05505799874663353,0.026046767164252943,576,63,0.4444444444444444,4,4,9,0.00856488710269332,4555,-0.3220018446445465,2,0.05505799874663353,42,636
1121,LONG,f2e8e82025848394c4e9cfea9fe09b4962d8e735912e24a0e74fed1cf71fd7c7,"[700, 1644]","['MARKET_REGIME_STRUCTURE', 'MEAN_REVERSION', 'RELATIVE_CROSS_SECTIONAL']",0.04567532613873482,-0.07773600639944944,43,63,0.5555555555555556,3,5,9,0.004952894989401102,263,-0.5999237298965454,0,0.04567532613873482,42,637
1044,LONG,8c71abf96146270f0de97928577604f643501a0b4c2d4134ce3b2008cd9082a7,"[2982, 1272]","['MARKET_REGIME_STRUCTURE', 'MEAN_REVERSION', 'TREND']",0.05111806094646454,0.04162644363593955,1279,63,0.3333333333333333,3,3,9,0.00999216828495264,39718,-0.4041108191013336,3,0.05111806094646454,42,638
908,LONG,de70891bb6f10644a33ea7f81748460ff32200b2bca090ff5c760519431f5b39,"[1272, 458]","['BREAKOUT', 'VOLUME_LIQUIDITY']",0.051694318652153015,0.041140843288870535,1048,63,0.3333333333333333,3,3,9,0.009518440812826157,48342,-0.4078148603439331,3,0.051694318652153015,42,639
252,LONG,53aecb13f7064cb21eac1497ceecec6e35bfba08d6fb917e872a0de1842d358e,"[68, 4250]",['MEAN_REVERSION'],0.05281296372413635,0.0407408873856482,1244,63,0.3333333333333333,3,3,9,0.00881549995392561,32297,-0.38597044348716736,3,0.05281296372413635,42,640
576,LONG,98e2adc44a55b24dac193968e52c396055adda85fbdd912dcbe55242fadc8ea6,"[250, 1392]",['MOMENTUM'],0.05301809310913086,0.040641398815132304,916,63,0.3333333333333333,3,3,9,0.009740994311869144,53488,-0.36642906069755554,3,0.05301809310913086,42,641
111,LONG,c1e2ce110472cffa28f250b7e479367712a814ccc2dbeeb8d79dfadef8c16537,"[624, 1392]",['VOLATILITY'],0.05334823951125145,0.04005383167364541,994,63,0.3333333333333333,3,3,9,0.010214893147349358,34328,-0.39473697543144226,3,0.05334823951125145,42,642
1161,LONG,2659e0c7d6db25c7de1897e7c04d1446ed766d53acfda52563a16e14dd1ccd80,"[4078, 1610]","['BREAKOUT', 'RELATIVE_CROSS_SECTIONAL', 'TREND', 'VOLUME_LIQUIDITY']",0.05439040809869766,0.03754968682136284,549,63,0.3333333333333333,3,3,9,0.011156016029417515,1635,-0.3343968689441681,1,0.05439040809869766,42,643
301,LONG,10f9685a6042bb5acd2487c6255867149a79ccf7693ad4c0f3fbe0c2f69c4e24,"[1654, 946]","['MEAN_REVERSION', 'VOLUME_LIQUIDITY']",0.0549151785671711,0.036865609738430734,757,63,0.3333333333333333,3,3,9,0.003952994477003813,3032,-0.4141264855861664,1,0.0549151785671711,42,644
174,LONG,05e4c133b5c38bb9afd541037c296712dd83327286b33f4c5a04988a3542642d,"[1398, 2170]","['BREAKOUT', 'RELATIVE_CROSS_SECTIONAL', 'VOLUME_LIQUIDITY']",0.0560552217066288,0.0359888101829486,475,63,0.3333333333333333,3,3,9,0.004472550004720688,7146,-0.358368843793869,1,0.0560552217066288,42,645
495,LONG,09d3656c5ef72cb764c7fc356b6f049f61f78cb22f71b5646186ccb9869f29f4,"[4298, 2962]","['MARKET_REGIME_STRUCTURE', 'MEAN_REVERSION', 'RELATIVE_CROSS_SECTIONAL', 'TREND', 'VOLATILITY']",0.0568358413875103,0.03247648889919762,254,63,0.3333333333333333,3,3,9,0.010046342387795448,451,-0.3354346454143524,1,0.0568358413875103,42,646
625,LONG,3fa27170239662fa45d088431ab24ab519e02439a08799bfa9a3bff93f9824ab,"[3286, 1692]","['MEAN_REVERSION', 'MOMENTUM', 'RELATIVE_CROSS_SECTIONAL', 'TREND']",0.056892089545726776,0.023983354806917753,519,63,0.3333333333333333,3,3,9,0.019962698221206665,3641,-0.5106437802314758,3,0.056892089545726776,42,647
560,LONG,0cf01f92192a4d41451a17e0c056cdf87e6b6917cc9e6ca71b4cbd0c1bbf9215,"[2720, 214]","['BREAKOUT', 'MARKET_REGIME_STRUCTURE', 'MOMENTUM', 'RELATIVE_CROSS_SECTIONAL', 'TREND']",0.05793188512325287,0.003921706754699238,104,63,0.3333333333333333,3,3,9,0.013487137854099274,384,-0.3815971314907074,1,0.05793188512325287,42,648
710,LONG,6a33d05f17d5000df90dd7e7075d4792a424cb7857135706212d85b810422d1e,"[3476, 646]","['BREAKOUT', 'MEAN_REVERSION', 'MOMENTUM', 'RELATIVE_CROSS_SECTIONAL']",0.0570317879319191,0.023235774928065084,140,63,0.2222222222222222,2,2,9,0.030346033512614667,498,-0.30928802490234375,1,0.0570317879319191,42,649
160,LONG,d07bf33e275c38355669e0a181244fc372b7d6386dda7d952581c37b4557aafb,"[3476, 652]","['BREAKOUT', 'MEAN_REVERSION', 'MOMENTUM', 'RELATIVE_CROSS_SECTIONAL', 'VOLATILITY']",0.05810730159282684,0.022515673119182913,131,63,0.2222222222222222,2,2,9,0.03164492384530604,469,-0.31343206763267517,1,0.05810730159282684,42,650
513,SHORT,7baf390427e27dda97c1b822a4d65d4da358c6650eee4390d3e8cf6ec7a246af,"[2733, 2720]","['BREAKOUT', 'MARKET_REGIME_STRUCTURE', 'RELATIVE_CROSS_SECTIONAL', 'TREND']",0.0070012095384299755,-0.008938038784818577,112,7,0.5555555555555556,5,5,9,0.0023408401757478714,226,-0.24887637794017792,0,-0.11322497576475143,43,651
709,LONG,02b0bc080dea95a48f0d720833525ec954997840fb25c3159867a956a4c08008,"[992, 3286]","['MEAN_REVERSION', 'RELATIVE_CROSS_SECTIONAL']",0.04933052510023117,0.040117422103185904,1029,63,0.4444444444444444,4,4,9,0.009699549525976181,21293,-0.33796700835227966,3,0.04933052510023117,43,652
327,LONG,49ce9476ac1376f76e8208af3105ec66ab306db938b7fe8c93f46fe76e5cd1d8,"[1044, 564]","['MOMENTUM', 'RELATIVE_CROSS_SECTIONAL']",0.050707705318927765,0.03913548851771453,1013,63,0.4444444444444444,4,4,9,0.009666103636845946,44497,-0.3769395053386688,3,0.050707705318927765,43,653
545,LONG,c4db9a78d1684d44ff4cf1494e8abe1e76c6a67e68d03bbea6cc01eaeda78acb,"[996, 2800]","['MEAN_REVERSION', 'MOMENTUM', 'RELATIVE_CROSS_SECTIONAL']",0.05112028121948242,0.03796589915069,1102,63,0.4444444444444444,4,4,9,0.010860989801585674,10853,-0.3035706579685211,3,0.05112028121948242,43,654
2,LONG,be1b3ce4444bd88f5aa06701084d6e2edf494f5aa3846e5f22c8e7c7f5f6d8d3,"[996, 1398]","['MEAN_REVERSION', 'MOMENTUM', 'RELATIVE_CROSS_SECTIONAL']",0.051214028149843216,0.037869572939913845,1097,63,0.4444444444444444,4,4,9,0.011141163762658834,10584,-0.302068293094635,3,0.051214028149843216,43,655
1109,LONG,5b30f56b6f1af66ebc7ba637c1f99a2de69e626918912b2e93851c3e00aaf629,"[1970, 474]","['MEAN_REVERSION', 'MOMENTUM', 'VOLUME_LIQUIDITY']",0.05314047262072563,0.037528236882376415,578,63,0.4444444444444444,4,4,9,0.01683110184967518,2511,-0.307190477848053,3,0.05314047262072563,43,656
1179,LONG,5b5750bd206479462f31f0c5bb787eb72a72b8002ce14310169476a782748e46,"[2376, 974]","['MEAN_REVERSION', 'MOMENTUM', 'RELATIVE_CROSS_SECTIONAL', 'VOLATILITY']",0.05339905619621277,0.0247831018469875,511,63,0.4444444444444444,4,4,9,0.010956264100968838,6918,-0.4864480793476105,2,0.05339905619621277,43,657
1086,LONG,1f4c762c1cb7648d50b31f60b9316f4c2818804655414e9dc7eda312cbd3b697,"[472, 2720]","['TREND', 'VOLUME_LIQUIDITY']",0.054249357432127,0.019944815626420448,350,63,0.4444444444444444,4,4,9,0.009993536863476038,1151,-0.4100732207298279,1,0.054249357432127,43,658
1048,LONG,31b75a40d6c02d8d7d8e4eb94c5f0deccfb5a97c089ced76b21be9bb70c1b15f,"[1026, 216]","['VOLATILITY', 'VOLUME_LIQUIDITY']",0.04806617274880409,0.040523095769380554,966,63,0.3333333333333333,3,3,9,0.008302601054310799,126169,-0.34616920351982117,3,0.04806617274880409,43,659
832,LONG,673ff3598ca92ed230f6930a34130ca12129e65b9896bd6b46765060d94e1f49,"[458, 1576]","['TREND', 'VOLATILITY']",0.0520331971347332,0.03980719945963973,1128,63,0.3333333333333333,3,3,9,0.0059196013025939465,27442,-0.33852463960647583,2,0.0520331971347332,43,660
612,LONG,0e915a4ad78525ebc59b096af6ceb280bd56120524fb238b4be91945298bb95d,"[1490, 1454]","['MEAN_REVERSION', 'RELATIVE_CROSS_SECTIONAL', 'TREND']",0.05299695208668709,0.03801207416999157,939,63,0.3333333333333333,3,3,9,0.006885056849569082,7108,-0.41227757930755615,2,0.05299695208668709,43,661
1032,LONG,5e7898bff6780ec0b210163892bfedb8e1ff82239984f72c1b521524056a8906,"[574, 1460]","['MEAN_REVERSION', 'RELATIVE_CROSS_SECTIONAL']",0.053365521132946014,0.036610584924328365,635,63,0.3333333333333333,3,3,9,0.006939604412764311,14065,-0.43225765228271484,2,0.053365521132946014,43,662
1178,LONG,364d77f8ddf5f09c098e1de3cebb021758c39a9b0d5ca892f43823e258cdfc62,"[844, 2408]","['MEAN_REVERSION', 'MOMENTUM', 'TREND']",0.05517137795686722,0.035494187833253386,414,63,0.3333333333333333,3,3,9,0.0054681445471942425,7524,-0.344262957572937,1,0.05517137795686722,43,663
1065,LONG,cbe33739b1f3c97f5bab47139ccae8fc37239ee8dca4b9a09c78d296643738d8,"[2872, 626]","['BREAKOUT', 'RELATIVE_CROSS_SECTIONAL', 'VOLATILITY', 'VOLUME_LIQUIDITY']",0.055823881179094315,0.030289584723293513,420,63,0.3333333333333333,3,3,9,0.009829823859035969,1393,-0.39521360397338867,1,0.055823881179094315,43,664
716,LONG,565dd483cbe0d09a457ecc2095762e225ea066c057875a641a9b6e408d58f7fb,"[1420, 526]","['MARKET_REGIME_STRUCTURE', 'RELATIVE_CROSS_SECTIONAL', 'VOLATILITY']",0.05645150691270828,0.019540835441974602,281,63,0.2222222222222222,2,2,9,0.03216781374067068,835,-0.4624698758125305,1,0.05645150691270828,43,665
925,LONG,523f242d97ba4634db9ed70c38717d5d82ad8eb57335d3c942615d9aa75aeeb2,"[184, 858]","['MOMENTUM', 'TREND']",0.05176457017660141,0.03705995977017457,758,63,0.4444444444444444,4,4,9,0.008478373987600207,48182,-0.3737560510635376,3,0.05176457017660141,44,666
819,LONG,5891feffc3139dab38dd371d61b24ff9e35894e886ef876aa052bb06f2c33b41,"[184, 980]","['MOMENTUM', 'TREND']",0.05197390168905258,0.03302927685555733,604,63,0.4444444444444444,4,4,9,0.008092051604762673,10979,-0.42693859338760376,2,0.05197390168905258,44,667
736,LONG,939fc244fc56b6a0c4f182bf0866632a169cab84ae80c682eebade518687b487,"[2412, 694]","['MEAN_REVERSION', 'MOMENTUM', 'RELATIVE_CROSS_SECTIONAL', 'VOLUME_LIQUIDITY']",0.05410744622349739,0.016709516036754683,305,63,0.4444444444444444,4,4,9,0.011630309745669365,674,-0.5507239103317261,1,0.05410744622349739,44,668
14,LONG,e214f5d2929428123a93c9a9c1d23df1f4ddde14075ab37f8947c3e55825c16e,"[438, 1140]","['MEAN_REVERSION', 'TREND']",0.04593983665108681,0.0400615806549136,1547,63,0.3333333333333333,3,3,9,0.008990217000246048,23091,-0.3195052742958069,3,0.04593983665108681,44,669
359,LONG,3cf90aa0c50ca65a37f9307357dabeb392174decd196c4914b5674eeed15036f,"[1734, 2488]","['MARKET_REGIME_STRUCTURE', 'MEAN_REVERSION', 'VOLUME_LIQUIDITY']",0.050030667334795,0.03920130249913115,1378,63,0.3333333333333333,3,3,9,0.00887199118733406,9791,-0.39432066679000854,3,0.050030667334795,44,670
4,LONG,8708f0c8e0dcfd487b05e9a8820360220eefebcce771b10de005bc37917c670e,"[214, 2170]",['MOMENTUM'],0.0500996932387352,0.03898877258655008,995,63,0.3333333333333333,3,3,9,0.008164720609784126,53485,-0.3831959068775177,3,0.0500996932387352,44,671
212,LONG,39f0a6fecc6cb07a8f0560f3da7b13681c05dd9ee778d83db840f04cde424216,"[3912, 2202]","['MARKET_REGIME_STRUCTURE', 'MEAN_REVERSION', 'RELATIVE_CROSS_SECTIONAL', 'VOLUME_LIQUIDITY']",0.054566364735364914,0.0351444752948389,710,63,0.3333333333333333,3,3,9,0.008430978283286095,3047,-0.47027787566185,1,0.054566364735364914,44,672
106,LONG,b7c20e1bdc613ad1f84648788b31e4503c04b18c624acc9bea1efcd712f7a06e,"[1018, 352]","['MARKET_REGIME_STRUCTURE', 'MOMENTUM']",0.05540682002902031,0.027082937541911548,234,63,0.3333333333333333,3,3,9,0.014007516205310822,2506,-0.4159131944179535,2,0.05540682002902031,44,673
355,LONG,43e06d516161018d4c715aa59b678140d12c6fe1dcdddb46b45027f5105755ec,"[172, 938]",['MOMENTUM'],0.050963327288627625,0.03698721529892974,734,63,0.4444444444444444,4,4,9,0.007830208400264382,51078,-0.3676435053348541,3,0.050963327288627625,45,674
82,LONG,67d041ae9b6c17840667c0d09030bcdffd02f1039fe35d16aef7f6e3e97e11c9,"[1348, 2962]","['RELATIVE_CROSS_SECTIONAL', 'VOLATILITY']",0.05153995007276535,0.03290367549352971,564,63,0.4444444444444444,4,4,9,0.00769463274627924,30707,-0.35613083839416504,3,0.05153995007276535,45,675
12,LONG,aa4ee2b3ce3e837e0aaa106b02cb5e17dbe3d29f8e8d1c432af413cb65d0827f,"[2358, 1648]","['MEAN_REVERSION', 'MOMENTUM', 'VOLATILITY', 'VOLUME_LIQUIDITY']",0.05182280391454697,0.025602765708689013,330,63,0.4444444444444444,4,4,9,0.007207881426438689,2592,-0.4791455864906311,1,0.05182280391454697,45,676
379,LONG,24e4ecdfc58e70ec7dc6a0386b72b407bee931f4ff1639ad4bdd2e6544865be1,"[3476, 182]","['BREAKOUT', 'MEAN_REVERSION', 'MOMENTUM', 'RELATIVE_CROSS_SECTIONAL', 'VOLATILITY']",0.05289926752448082,0.007564504015437484,100,63,0.4444444444444444,4,4,9,0.013676481321454048,290,-0.317594051361084,1,0.05289926752448082,45,677
1158,LONG,8d1f07eff9199a317bbb8f7480b42f9a4fc60b6c97b222a96b5d3f745b48d06a,"[64, 988]",['MEAN_REVERSION'],0.04553188756108284,0.039881120829952,1565,63,0.3333333333333333,3,3,9,0.008656146004796028,37751,-0.3387119472026825,3,0.04553188756108284,45,678
228,LONG,3ded90c5fe254bbe7d58741d903c11ab0c659192e3d07010942e192ebd2e08a3,"[526, 2434]",['MEAN_REVERSION'],0.04876572638750076,0.03880026165471177,1198,63,0.3333333333333333,3,3,9,0.004942376632243395,28487,-0.31983664631843567,2,0.04876572638750076,45,679
808,LONG,3da4eb8718d5251c36784a759f4a5ebe767676a0315d2e8780829ea9ef2cb17b,"[844, 2508]","['MOMENTUM', 'TREND']",0.051904402673244476,0.03297472086034786,461,63,0.3333333333333333,3,3,9,0.00926019437611103,16323,-0.34003958106040955,2,0.051904402673244476,45,680
95,LONG,0e7fa7ec4995b8a9da5038cfae1e6e186c02c0fa23994b82ef5ff5ea6bd03446,"[1398, 700]","['BREAKOUT', 'RELATIVE_CROSS_SECTIONAL']",0.053641851991415024,0.024725286482049108,378,63,0.3333333333333333,3,3,9,0.011198625899851322,4678,-0.39053577184677124,2,0.053641851991415024,45,681
594,LONG,5d75afbacf1d8dfd0b402a9834e180bf1e097dc6c38a8594d932ada785e1db29,"[1398, 1326]","['BREAKOUT', 'RELATIVE_CROSS_SECTIONAL', 'VOLUME_LIQUIDITY']",0.05001724138855934,0.037578103061796424,682,63,0.2222222222222222,2,2,9,0.026016343268565834,8909,-0.3960249423980713,1,0.05001724138855934,45,682
322,LONG,44490de4b0ccae8cc1ce49d7196c05910c6b647abe56f98c983af8e685e23035,"[1522, 2962]","['TREND', 'VOLATILITY', 'VOLUME_LIQUIDITY']",0.05350188910961151,0.03148710750063314,382,63,0.2222222222222222,2,2,9,0.028250773902982473,1469,-0.3096418082714081,1,0.05350188910961151,45,683
697,LONG,c9e8a6ce1440e9a2156bef8c41378e498d6a1425d53a7ecd7e545312fcbef62f,"[48, 1454]",['TREND'],0.0467207245528698,0.03690683601165828,1340,63,0.4444444444444444,4,4,9,0.009064035024493933,75338,-0.40848007798194885,3,0.0467207245528698,46,684
948,LONG,1de57d1eda56b9d63bcc9e610c854b2a3ebdd2420ee79b3058a7bd8b05a55aac,"[1550, 1440]","['RELATIVE_CROSS_SECTIONAL', 'TREND']",0.04702555388212204,0.03579959729518294,999,63,0.4444444444444444,4,4,9,0.010189703432843089,35615,-0.34984689950942993,3,0.04702555388212204,46,685
759,LONG,38ba9ba40d21d718c540ae7dd5cb86ee83c618a8b8f830cac79b5dc16e69222a,"[888, 646]","['TREND', 'VOLUME_LIQUIDITY']",0.0489971861243248,0.034280232830297644,887,63,0.4444444444444444,4,4,9,0.009920934913679957,18333,-0.43252134323120117,3,0.0489971861243248,46,686
751,LONG,c6fc61c85d144f65b91d229ce9d8c70de1bc083848c4d6f6ccc7ebc05aadd8e8,"[638, 1584]",['RELATIVE_CROSS_SECTIONAL'],0.049476444721221924,0.032708805138096084,613,63,0.4444444444444444,4,4,9,0.007552720606327057,37526,-0.3672528564929962,3,0.049476444721221924,46,687
1085,LONG,d7588612a1a428b8fedcaecc42120a2b6c00f0952fb910d7421ae7826bd00010,"[454, 3010]","['TREND', 'VOLATILITY']",0.05137420445680618,0.032121310966407184,416,63,0.4444444444444444,4,4,9,0.005476917955093086,2103,-0.34194856882095337,1,0.05137420445680618,46,688
1045,LONG,89906e132ca8226139f208bffed563eb5e8583be985acc1857cadefded621127,"[988, 1322]","['MEAN_REVERSION', 'RELATIVE_CROSS_SECTIONAL']",0.045005761086940765,0.03933888453332949,1468,63,0.3333333333333333,3,3,9,0.010435707867145538,26441,-0.3010501265525818,3,0.045005761086940765,46,689
107,LONG,e4e7e9c6cab8935bde39b3422f9d5beabc11f54acb2308ecedd4c0b7e01df719,"[1654, 432]","['MEAN_REVERSION', 'VOLATILITY']",0.04924602061510086,0.03632995377925693,1046,63,0.3333333333333333,3,3,9,0.009517906233668327,5274,-0.3585529029369354,2,0.04924602061510086,46,690
20,LONG,690c5a3e435fd1a9e2810136b64886cc13f88f8d98136392ec0fe788c56ed998,"[216, 2434]","['MEAN_REVERSION', 'MOMENTUM']",0.05089747533202171,0.03595918350827913,815,63,0.3333333333333333,3,3,9,0.009197702631354332,31350,-0.4285455048084259,3,0.05089747533202171,46,691
464,LONG,24a0b91fa70b368c2745628b322ff07004c1777b68fc908002aa5eb64713a6ef,"[2358, 854]","['MEAN_REVERSION', 'MOMENTUM', 'VOLATILITY', 'VOLUME_LIQUIDITY']",0.05233709514141083,0.02019710367825038,190,63,0.3333333333333333,3,3,9,0.018728168681263924,479,-0.48291826248168945,2,0.05233709514141083,46,692
333,LONG,fe7dc33d3465e2f6bcb4d19b4a3253be9404ae470458d3b19af4b542ff17834c,"[458, 2488]","['TREND', 'VOLATILITY']",0.0482393316924572,0.03674150944003926,1200,63,0.2222222222222222,2,2,9,0.026234036777168512,28288,-0.3338776230812073,2,0.0482393316924572,46,693
374,LONG,98e6ba66ba172482d981762c7fa9f823d8114d16cf05d276ccbdc984cf61f0eb,"[3926, 310]","['BREAKOUT', 'MARKET_REGIME_STRUCTURE', 'MOMENTUM', 'RELATIVE_CROSS_SECTIONAL', 'VOLATILITY']",0.05239510536193848,0.0016118250128645747,71,63,0.2222222222222222,2,2,9,0.028136585489846766,351,-0.2278876006603241,1,0.05239510536193848,46,694
575,LONG,c0c3ea5fdb7050d6acfc01b5bde5494516dfb231e200858671d285b8f2ae7967,"[438, 1550]",['TREND'],0.046250976622104645,0.03567974799047116,1157,63,0.4444444444444444,4,4,9,0.009350530337542295,69705,-0.4042325019836426,3,0.046250976622104645,47,695
235,LONG,cc9f45326b9c9c6d5b3aa7d243e61d31368ffab3325221731b0862cb88b2c9a7,"[2272, 1460]","['MARKET_REGIME_STRUCTURE', 'MOMENTUM', 'TREND', 'VOLATILITY']",0.05060338228940964,0.03122497469287207,451,63,0.4444444444444444,4,4,9,0.0064913013484328985,2543,-0.3154812157154083,2,0.05060338228940964,47,696
543,LONG,81f79cecdcb1e4fb4709837b209fa9bccfc770eb6d78f00eca2786cd4a210194,"[3002, 2572]","['MEAN_REVERSION', 'RELATIVE_CROSS_SECTIONAL', 'TREND', 'VOLUME_LIQUIDITY']",0.044212985783815384,0.03798630407397494,1532,63,0.3333333333333333,3,3,9,0.008321048691868782,51799,-0.34887903928756714,3,0.044212985783815384,47,697
610,LONG,4b43240bed777cf287549b2e69f82e0a06e0779e1c121a7ad1a099eeaca68752,"[2170, 548]","['MEAN_REVERSION', 'TREND', 'VOLUME_LIQUIDITY']",0.044887762516736984,0.0372355194529695,1492,63,0.3333333333333333,3,3,9,0.006402002181857824,19303,-0.3383106589317322,2,0.044887762516736984,47,698
110,LONG,8f7cff662900d3e1814537b4ba49ce097487736bc1d750f4cf84f979db9ea094,"[522, 2272]",['MEAN_REVERSION'],0.04744553938508034,0.03610578905139239,1240,63,0.3333333333333333,3,3,9,0.003918230999261141,38722,-0.35043126344680786,1,0.04744553938508034,47,699
944,LONG,86df6e18db992a3a89755a1456a81914aeba7c10865a6d0663314d0becae3027,"[330, 522]",['MEAN_REVERSION'],0.04744553938508034,0.03610578905139239,1240,63,0.3333333333333333,3,3,9,0.003918230999261141,38722,-0.35043126344680786,1,0.04744553938508034,47,700
705,LONG,57a2c380a16b71f291195c4ef09f01e10d3e80a359aefe8c9c707174da541a06,"[568, 704]","['MEAN_REVERSION', 'RELATIVE_CROSS_SECTIONAL']",0.05062846094369888,0.03375471691980972,617,63,0.3333333333333333,3,3,9,0.004319231957197189,3117,-0.4344988167285919,1,0.05062846094369888,47,701
425,LONG,8c5dddb9c57f36a792c679adffbc21f96fa7f7df64e22ef99ec2ea6fad071080,"[2286, 2074]","['MOMENTUM', 'RELATIVE_CROSS_SECTIONAL', 'TREND', 'VOLUME_LIQUIDITY']",0.05083632841706276,0.03040699284391293,560,63,0.3333333333333333,3,3,9,0.008514145389199257,1604,-0.31196561455726624,1,0.05083632841706276,47,702
156,LONG,f745e9b40909980dcfe2217e2f22895f56e4a63cb57fe7309f0f79434af7f9ef,"[3798, 992]","['MARKET_REGIME_STRUCTURE', 'MOMENTUM', 'TREND', 'VOLATILITY', 'VOLUME_LIQUIDITY']",0.05161228030920029,0.005859443296527954,171,63,0.3333333333333333,3,3,9,0.011251356452703476,1909,-0.3746948540210724,1,0.05161228030920029,47,703
1153,LONG,22a2c150b00b26fb793fb4b9cb249ec94e73b1636c605a5167dc7cc018a83e45,"[2642, 590]","['BREAKOUT', 'MARKET_REGIME_STRUCTURE', 'RELATIVE_CROSS_SECTIONAL', 'VOLATILITY']",0.05146589130163193,0.009012137121879031,182,63,0.1111111111111111,1,1,9,0.05146589130163193,815,-0.5270295143127441,1,0.05146589130163193,47,704
257,LONG,e402309a24a9fcfbcd75a93d4753d04e8e68bcd770e8c84bc6be7f746a2608e2,"[1490, 474]","['MEAN_REVERSION', 'TREND']",0.045073553919792175,0.03231180364980639,1122,63,0.4444444444444444,4,4,9,0.009107304038479924,7955,-0.36357545852661133,3,0.045073553919792175,48,705
542,LONG,ca1f7c5f731d075c089057c3c378bc4bcdd8b1e6c41a9d55825c90b971a0519c,"[4320, 2770]","['MARKET_REGIME_STRUCTURE', 'RELATIVE_CROSS_SECTIONAL', 'TREND', 'VOLATILITY', 'VOLUME_LIQUIDITY']",0.047412849962711334,0.029937878698226922,417,63,0.4444444444444444,4,4,9,0.007547715911641717,5892,-0.31416982412338257,3,0.047412849962711334,48,706
21,LONG,24ae3ebf9b72ba62066535778ee5e0ade01cf57a18f5baa8cfa9ed01dc72c660,"[70, 394]","['MEAN_REVERSION', 'RELATIVE_CROSS_SECTIONAL']",0.049378473311662674,0.022752406668145268,253,63,0.4444444444444444,4,4,9,0.00652438891120255,3436,-0.47149360179901123,1,0.049378473311662674,48,707
579,LONG,c84d6f1edf78de9423f0be007a65fbda477eda9b1574b2fa8853519c3b78e6c5,"[216, 1562]",['MEAN_REVERSION'],0.04331430047750473,0.037328397286006565,1575,63,0.3333333333333333,3,3,9,0.008607149124145508,115022,-0.3561843931674957,3,0.04331430047750473,48,708
1082,LONG,c58085c4c454c5cd38c823f8bc9ed1232758fff6119c4bbb117cc191172b1500,"[1272, 1998]","['BREAKOUT', 'MEAN_REVERSION', 'VOLUME_LIQUIDITY']",0.04340622201561928,0.03668006284918181,1466,63,0.3333333333333333,3,3,9,0.0044567096047103405,10037,-0.336797833442688,2,0.04340622201561928,48,709
319,LONG,5e9bb5d4d06078d78d9b8bbcd427e943351ad39dd2a8985e1dd90bd1856c421a,"[182, 1440]","['MOMENTUM', 'TREND']",0.04480578750371933,0.03627100646781526,1307,63,0.3333333333333333,3,3,9,0.00871778279542923,77477,-0.3802996873855591,3,0.04480578750371933,48,710
665,LONG,9c527a36db8f04b00be425f4c7081e0a32f1c20299fb2a719bb444ee539d8040,"[426, 438]",['TREND'],0.04510577395558357,0.036053767359241186,1374,63,0.3333333333333333,3,3,9,0.007041804026812315,34594,-0.3229207396507263,2,0.04510577395558357,48,711
324,LONG,909acf3df825c114740a1e7be4890744f73ef900285011ab44a61c911ee33d84,"[432, 1030]",['TREND'],0.04559062048792839,0.03546434927109981,1428,63,0.3333333333333333,3,3,9,0.005916111636906862,38027,-0.37179529666900635,2,0.04559062048792839,48,712
34,LONG,538e21b36bbd5e7e261e3b629dc61f56648bb6bfddc601ad083286b5955baf45,"[526, 1014]",['VOLATILITY'],0.04581226035952568,0.03545029220199057,1552,63,0.3333333333333333,3,3,9,0.005952779203653336,54678,-0.373952180147171,2,0.04581226035952568,48,713
280,LONG,551497c7c5792557d6c1e306547b873df0db94578b5d2e2860c1d4601e4bc994,"[2510, 2234]","['MARKET_REGIME_STRUCTURE', 'MOMENTUM', 'RELATIVE_CROSS_SECTIONAL', 'VOLATILITY']",0.04695223271846771,0.034615377084374094,519,63,0.3333333333333333,3,3,9,0.00498522724956274,1265,-0.26368585228919983,1,0.04695223271846771,48,714
199,LONG,0cac1d2a3a01e9f8e1d8ef9b1896ed0c6b1d17378dbe49995734873edb29e386,"[2262, 3476]","['MARKET_REGIME_STRUCTURE', 'TREND', 'VOLATILITY']",0.04933670535683632,0.03339880774753809,837,63,0.3333333333333333,3,3,9,0.01051363442093134,18845,-0.35862141847610474,3,0.04933670535683632,48,715
1030,LONG,6d5924fed8aff2a59037293ae6d028898aa1363072c8e1cb78ff3b095831cc55,"[888, 1550]","['MOMENTUM', 'VOLUME_LIQUIDITY']",0.04936728626489639,0.02688267691982569,474,63,0.3333333333333333,3,3,9,0.00838073343038559,9277,-0.4371485114097595,2,0.04936728626489639,48,716
1088,LONG,8fb6c483a9fad72aa821815d266a744271af59b9cb74c8cb09231a701bb8e91b,"[368, 1672]","['RELATIVE_CROSS_SECTIONAL', 'VOLUME_LIQUIDITY']",0.04978341981768608,0.022816186680644727,408,63,0.3333333333333333,3,3,9,0.012058498337864876,2030,-0.3810904622077942,2,0.04978341981768608,48,717
460,LONG,9c40e2c8d9c5228adffec9083f08c3b6a8c5d1186df0f5b78169734801e50c9d,"[3010, 2408]","['MEAN_REVERSION', 'RELATIVE_CROSS_SECTIONAL', 'TREND', 'VOLUME_LIQUIDITY']",0.05015503615140915,0.030767023609852718,369,63,0.2222222222222222,2,2,9,0.025092515407777682,1216,-0.32519397139549255,1,0.05015503615140915,48,718
711,LONG,83f13482bc461fb54c4ce36fac7fbcbf35346a00830edc6c577fea9ef90a7738,"[1010, 568]","['MARKET_REGIME_STRUCTURE', 'MEAN_REVERSION']",0.04113437235355377,0.032067409913164605,1091,63,0.4444444444444444,4,4,9,0.008919480256736279,4518,-0.29116106033325195,3,0.04113437235355377,49,719
334,LONG,c65898bcea57264e9dd6d44c4bd77345d62af1b50c17f711b571df1df963cca8,"[976, 1654]","['MEAN_REVERSION', 'VOLUME_LIQUIDITY']",0.04200749099254608,0.029823133403738315,737,63,0.4444444444444444,4,4,9,0.009490710915997624,1371,-0.3427545428276062,3,0.04200749099254608,49,720
862,LONG,28c31639791599a7e546664f9e87730912cede1d2fe980401be70a5cebffa56a,"[472, 2642]","['TREND', 'VOLUME_LIQUIDITY']",0.042881470173597336,0.02898775413910859,1455,63,0.4444444444444444,4,4,9,0.006947914836928248,17944,-0.4298444986343384,3,0.042881470173597336,49,721
1173,LONG,a95025d87241fc53bdd14195961db01206bbd2e9561c5c7eeedf65dd01efb50b,"[2074, 3952]","['BREAKOUT', 'MARKET_REGIME_STRUCTURE', 'MOMENTUM', 'VOLATILITY']",0.04368916526436806,0.023491895527067045,348,63,0.4444444444444444,4,4,9,0.007476917468011379,779,-0.2953851521015167,1,0.04368916526436806,49,722
259,LONG,3fc01cf962ec5a1698fb5e01a5c5092a835a019304a27e28b9b5447fafdc074c,"[3158, 1922]","['MARKET_REGIME_STRUCTURE', 'MEAN_REVERSION', 'VOLATILITY', 'VOLUME_LIQUIDITY']",0.04678681865334511,0.020715248534207243,318,63,0.4444444444444444,4,4,9,0.00856886268593371,2300,-0.42205071449279785,2,0.04678681865334511,49,723
546,LONG,3370d2b72c5403d68ca6b0bb085838eb97b660a5725b631d40b5526c62c819e8,"[4320, 1998]","['MARKET_REGIME_STRUCTURE', 'RELATIVE_CROSS_SECTIONAL', 'VOLATILITY', 'VOLUME_LIQUIDITY']",0.044179581105709076,0.036181486705166695,1298,63,0.3333333333333333,3,3,9,0.007403161376714706,66333,-0.3840690851211548,3,0.044179581105709076,49,724
905,LONG,588a324931b821395f4c4d7206843fc0ea9487e8d063c22667d557054c84e799,"[432, 586]",['TREND'],0.04528862610459328,0.03525483294037958,1428,63,0.3333333333333333,3,3,9,0.005639607552438974,37771,-0.3698500394821167,2,0.04528862610459328,49,725
124,LONG,e9cce0ca2e65f9e83fc3e07b0d8dcb2f3ea753f5a40c3702f501f43a29dc91d2,"[2434, 1704]","['MARKET_REGIME_STRUCTURE', 'MOMENTUM', 'VOLUME_LIQUIDITY']",0.045750536024570465,0.033136248683184155,907,63,0.3333333333333333,3,3,9,0.00862654484808445,51658,-0.4107151925563812,3,0.045750536024570465,49,726
272,LONG,f45ddb46dac93b97ed9b817758c67b4da9ecb10ab801dd1d37ac4a750d5fff52,"[2262, 214]","['MARKET_REGIME_STRUCTURE', 'TREND', 'VOLATILITY']",0.048150498420000076,0.032779424329727205,819,63,0.3333333333333333,3,3,9,0.010055167600512505,21220,-0.3579116463661194,3,0.048150498420000076,49,727
376,LONG,d4ba6d616583a34fcb8bba87ad576ca06a783e1717f0de14d3dbaa9924a32970,"[506, 1454]","['MARKET_REGIME_STRUCTURE', 'TREND']",0.04924209043383598,0.031553913639071535,623,63,0.3333333333333333,3,3,9,0.006052705924957991,19879,-0.48938310146331787,1,0.04924209043383598,49,728
1139,LONG,f3c8b0f5464f187708da4a6ec96f7f0e84c0de8695c959caa88183615e0927e6,"[1532, 1544]","['TREND', 'VOLATILITY', 'VOLUME_LIQUIDITY']",0.046706423163414,0.03451924464131553,923,63,0.2222222222222222,2,2,9,0.024843065184541047,9520,-0.3168441355228424,1,0.046706423163414,49,729
970,LONG,4ec713d09b40acb64aa445d3518d7bffd0c440e90efc563e1f09692d788dfc9e,"[2872, 3002]","['BREAKOUT', 'RELATIVE_CROSS_SECTIONAL', 'VOLATILITY', 'VOLUME_LIQUIDITY']",0.04769352450966835,0.03339480370730199,682,63,0.2222222222222222,2,2,9,0.024928652215749025,3442,-0.3817194998264313,1,0.04769352450966835,49,730
514,LONG,10f2f7755cd7ecd8915250b0464e9088cfbb5b63f3873ad19357c16deafcc577,"[458, 1660]",['VOLATILITY'],0.03538670018315315,0.026861235262629048,1506,63,0.4444444444444444,4,4,9,0.007713049883022904,40639,-0.3487182557582855,3,0.03538670018315315,50,731
16,LONG,cb40e8863e58bd013bf0f7d914485086d510221d870ae6328d997e5b465910f3,"[2510, 1018]","['MARKET_REGIME_STRUCTURE', 'RELATIVE_CROSS_SECTIONAL', 'VOLATILITY']",0.03619886562228203,0.020467536904561833,569,63,0.4444444444444444,4,4,9,0.009117732523009181,6917,-0.46722376346588135,3,0.03619886562228203,50,732
1164,LONG,5a96a407f58638e23035b97fc64f8dfde5d77faceae26c27b19e05a1d3ab6bac,"[1420, 1008]","['BREAKOUT', 'RELATIVE_CROSS_SECTIONAL']",0.04554809629917145,0.018801490325313835,178,63,0.4444444444444444,4,4,9,0.010692841839045286,1425,-0.28119027614593506,2,0.04554809629917145,50,733
146,LONG,7ecc359a674aef60eba0e428d6c3a85e7ebbd831dd51351c1f1695a0507b56ea,"[2356, 3572]","['MOMENTUM', 'VOLATILITY', 'VOLUME_LIQUIDITY']",0.045628760010004044,-0.02531571504171984,109,63,0.4444444444444444,4,4,9,0.011711528524756432,3285,-0.5552152991294861,0,0.045628760010004044,50,734
529,LONG,66d395e991da4c2b532648f39dd2f552325db225dea6129f4e25e3daa6cac17b,"[216, 3010]",['MEAN_REVERSION'],0.041227180510759354,0.03614228733222791,1584,63,0.3333333333333333,3,3,9,0.007577711250633001,113354,-0.3359508216381073,3,0.041227180510759354,50,735
1071,LONG,ae60bf35400ece939dfb262cf8d6168e59f2e2e4b9dd6b3daee668a24d19be4a,"[1096, 2800]","['RELATIVE_CROSS_SECTIONAL', 'VOLUME_LIQUIDITY']",0.04238004982471466,0.03491618293126567,1471,63,0.3333333333333333,3,3,9,0.007687592878937721,34751,-0.3368014097213745,3,0.04238004982471466,50,736
887,LONG,6ec948b240e8c482faa9e772c5cd3a63477eb1566cd7d1a3f3aec06787600883,"[330, 988]","['BREAKOUT', 'MEAN_REVERSION']",0.04438100382685661,0.0347405683219117,1460,63,0.3333333333333333,3,3,9,0.006998042576014996,10508,-0.3410678803920746,2,0.04438100382685661,50,737
1056,LONG,0e8a9c6edcdb058b159b6038f01cf01954fec241f56c72750173eb2180649605,"[172, 2434]",['MOMENTUM'],0.045195940881967545,0.03255779245272632,901,63,0.3333333333333333,3,3,9,0.008090741001069546,65902,-0.41340985894203186,3,0.045195940881967545,50,738
893,LONG,89c6db540584823238e5626f9abad051628862f5525a423f2139ca88047ec6ec,"[3926, 1426]","['MARKET_REGIME_STRUCTURE', 'MOMENTUM', 'RELATIVE_CROSS_SECTIONAL', 'VOLUME_LIQUIDITY']",0.045753415673971176,0.03059350677962671,652,63,0.3333333333333333,3,3,9,0.006103571970015764,11470,-0.43406128883361816,1,0.045753415673971176,50,739
230,LONG,cce05467609088200230bf6a8747a44a626c71e09166526a9c3e4f935678959a,"[296, 2572]",['MOMENTUM'],0.046360306441783905,0.030580360142833378,584,63,0.3333333333333333,3,3,9,0.007442635018378496,27851,-0.3347494900226593,3,0.046360306441783905,50,740
920,LONG,89e1f2242ccaf3b93d16e66e3071fe6cc5475043de627769b2cce5d0cf3735cb,"[1272, 602]","['BREAKOUT', 'MEAN_REVERSION', 'VOLUME_LIQUIDITY']",0.04746529459953308,0.030214120275578623,682,63,0.3333333333333333,3,3,9,0.006511818617582321,3524,-0.4441473186016083,1,0.04746529459953308,50,741
210,LONG,152649e2a1ba37699d9c02caa01bd39b45cabfe4ccd7ad67c0cdd0a1034e25a3,"[1522, 3572]","['TREND', 'VOLATILITY']",0.049156997352838516,0.029210020428303483,405,63,0.3333333333333333,3,3,9,0.006052366457879543,5070,-0.3452349901199341,1,0.049156997352838516,50,742
102,LONG,7d836396c23e022f8211952b1be9b15e7e7c9d84d708669b709f8a6638775b12,"[2286, 2376]","['MOMENTUM', 'RELATIVE_CROSS_SECTIONAL', 'VOLUME_LIQUIDITY']",0.030180860310792923,0.015022803409814791,641,63,0.4444444444444444,4,4,9,0.001782320614438504,1721,-0.3699314594268799,1,0.030180860310792923,51,743
1050,LONG,18b37afe726ac11aa7fc21de4b8a96465e290ef7a3ce38e9e360ea5890787f42,"[312, 2170]","['BREAKOUT', 'TREND']",0.04065480828285217,0.014753300625610182,328,63,0.4444444444444444,4,4,9,0.006770373089239001,2801,-0.4144952595233917,1,0.04065480828285217,51,744
1141,LONG,c0a1361f6dbb2513c85a9784ad8be204aab4d72ef416627b6220ffc1615d6955,"[2262, 1584]","['MARKET_REGIME_STRUCTURE', 'MOMENTUM', 'TREND', 'VOLATILITY']",0.04434497654438019,0.011451202073243072,288,63,0.4444444444444444,4,4,9,0.007904447382315993,3232,-0.47496891021728516,1,0.04434497654438019,51,745
1168,LONG,884f30a45d7eb4796f49441bf5364bcccd665ec89f585f6e78c732f9d791ae7e,"[1140, 432]","['MEAN_REVERSION', 'TREND']",0.03966992720961571,0.034607710765649044,1536,63,0.3333333333333333,3,3,9,0.006700186990201473,32795,-0.3160204291343689,3,0.03966992720961571,51,746
386,LONG,c2fc8a2eb81219d1119143622bf1528b837048780198cbf07f9d1340778c0da1,"[310, 1922]",['TREND'],0.042186371982097626,0.03431169444872122,1440,63,0.3333333333333333,3,3,9,0.0057513173669576645,76255,-0.311703622341156,2,0.042186371982097626,51,747
679,LONG,30630cbf0c340fd481ce477a2ce781c5a7565c96a36410b3bdbb92c8817ad386,"[1544, 540]","['TREND', 'VOLATILITY', 'VOLUME_LIQUIDITY']",0.04283589869737625,0.03329102217717348,1109,63,0.3333333333333333,3,3,9,0.006449380423873663,23283,-0.30893591046333313,3,0.04283589869737625,51,748
56,LONG,2c077dc0faae8790da6ca379cfe92f25cbc4da76363a351578c8cc0a100a0db6,"[1272, 310]","['BREAKOUT', 'MEAN_REVERSION', 'VOLUME_LIQUIDITY']",0.042898040264844894,0.03240811080590305,1136,63,0.3333333333333333,3,3,9,0.005259063094854355,4842,-0.3203953504562378,2,0.042898040264844894,51,749
526,LONG,cc836827f16c6475f9bda23f4653bc353b9bb583aef448c4d0c9eb8903611ab0,"[1482, 1034]","['RELATIVE_CROSS_SECTIONAL', 'TREND', 'VOLUME_LIQUIDITY']",0.043502312153577805,0.03202972995592402,1290,63,0.3333333333333333,3,3,9,0.00540189491584897,9733,-0.3499079644680023,2,0.043502312153577805,51,750
396,LONG,3b16ea0c0bbde307bc5767e944796b766b54b5c53acafc490e6b38495ea15ce2,"[1544, 992]","['RELATIVE_CROSS_SECTIONAL', 'TREND', 'VOLATILITY']",0.0443551167845726,0.03116703395943001,822,63,0.3333333333333333,3,3,9,0.00623976718634367,38465,-0.32239317893981934,2,0.0443551167845726,51,751
571,LONG,68d20f877677cae29b583b6b91d6f8b4f701ee2af316aa44c92b8e805eabe97c,"[2272, 2906]","['MARKET_REGIME_STRUCTURE', 'MOMENTUM', 'TREND', 'VOLATILITY']",0.04657489061355591,0.029455793989431284,503,63,0.3333333333333333,3,3,9,0.007954013533890247,4968,-0.3014848828315735,1,0.04657489061355591,51,752
313,LONG,09bf75501fd0230d23b92165d3058aa9680420d7fd765d9b6c88f647d880d556,"[1294, 1704]","['BREAKOUT', 'MEAN_REVERSION', 'RELATIVE_CROSS_SECTIONAL']",0.04695004224777222,0.028110911681230647,634,63,0.3333333333333333,3,3,9,0.008147685788571835,1456,-0.33259323239326477,1,0.04695004224777222,51,753
657,LONG,149dc10a61d11f5194efa4c88f80ea676d48800c497d0f674e5b01d255fcd252,"[2508, 1294]","['MARKET_REGIME_STRUCTURE', 'MOMENTUM', 'RELATIVE_CROSS_SECTIONAL', 'VOLATILITY']",0.047422897070646286,0.02400019546894981,447,63,0.3333333333333333,3,3,9,0.0012653578305616975,4524,-0.3123447597026825,1,0.047422897070646286,51,754
81,LONG,3f640d4230154751c7c1ab23558b75e551c43473744ec219c8c03e556717f5a3,"[1018, 1224]","['MARKET_REGIME_STRUCTURE', 'MEAN_REVERSION', 'MOMENTUM']",0.04804598540067673,0.01746525456774862,245,63,0.1111111111111111,1,1,9,0.04804598540067673,2056,-0.33833691477775574,1,0.04804598540067673,51,755
132,LONG,eeede3266abb08f6a373614315af580f4e01bd3762387b19d33284f659e4633f,"[1120, 1034]","['MARKET_REGIME_STRUCTURE', 'MOMENTUM', 'RELATIVE_CROSS_SECTIONAL']",0.048599448055028915,0.014931997730059952,405,63,0.1111111111111111,1,1,9,0.048599448055028915,3865,-0.6035192608833313,1,0.048599448055028915,51,756
859,LONG,43a748ef1539173e7d2c21a248f01426fdceaeccb5c00d2efb6f41df85ad8400,"[646, 430]","['MARKET_REGIME_STRUCTURE', 'TREND', 'VOLATILITY']",0.03421199321746826,0.014750941045511997,176,63,0.4444444444444444,4,4,9,0.013870012946426868,1352,-0.2551719844341278,3,0.03421199321746826,52,757
1127,LONG,41ae0c6dd27e13def437a1e7264307d6ddcadbcc9db7708d79c5546e4d6266e8,"[1584, 1490]","['RELATIVE_CROSS_SECTIONAL', 'TREND']",0.03832642361521721,6.371451367267328e-05,187,63,0.4444444444444444,4,4,9,0.00926037854515016,3584,-0.3506816327571869,1,0.03832642361521721,52,758
1013,LONG,674592fe158bc8e7b5725f93001e9df579d2904366832cb884cce3f3f62fac57,"[700, 694]",['RELATIVE_CROSS_SECTIONAL'],0.0422975979745388,0.03327018736918376,1037,63,0.3333333333333333,3,3,9,0.009288983419537544,39428,-0.3245941698551178,3,0.0422975979745388,52,759
341,LONG,66586b11b14b4bfdb666264b69175730cfc2faebc22d63790217a33ae8fd4f7d,"[2408, 802]","['MOMENTUM', 'RELATIVE_CROSS_SECTIONAL', 'VOLUME_LIQUIDITY']",0.04261629283428192,0.032892446957792046,1104,63,0.3333333333333333,3,3,9,0.0056646037846803665,37456,-0.35948771238327026,2,0.04261629283428192,52,760
172,LONG,bc6db5befd9338c882c01b42ac8fbe54cb4f598e23fbb68d3ceeb6e82b307fac,"[1130, 2236]","['MOMENTUM', 'RELATIVE_CROSS_SECTIONAL']",0.04269064590334892,0.030642835554935598,1003,63,0.3333333333333333,3,3,9,0.008856826461851597,41350,-0.4104909598827362,3,0.04269064590334892,52,761
605,LONG,68f4e31d8d5dddf93b42442d2589d81d37d2889f1830b2623c2de66f7e1fc8f8,"[954, 1392]","['MOMENTUM', 'VOLATILITY']",0.04415372386574745,0.030383387943638093,712,63,0.3333333333333333,3,3,9,0.004630842711776495,19521,-0.36819496750831604,1,0.04415372386574745,52,762
806,LONG,f16e97933514e009f3a874144bb658fd64c690a9592421658e99a1c6157f3690,"[1272, 602]","['BREAKOUT', 'MEAN_REVERSION', 'VOLUME_LIQUIDITY']",0.04500871151685715,0.02943733823763576,763,63,0.3333333333333333,3,3,9,0.0059209116734564304,3961,-0.4301859140396118,1,0.04500871151685715,52,763
321,LONG,d9fc04ddba622cab5199ad47fb2450c49c2845f03c148d496d257c724344db00,"[3012, 2733]","['MEAN_REVERSION', 'RELATIVE_CROSS_SECTIONAL', 'TREND', 'VOLUME_LIQUIDITY']",0.04727740213274956,0.020402332770984064,351,63,0.3333333333333333,3,3,9,0.007835065014660358,663,-0.4054562449455261,1,0.04727740213274956,52,764
70,LONG,1ed48ed34331da822e4b7ca917dacba0205501ee896ea6fa1ceeba167d20d04b,"[172, 1432]","['BREAKOUT', 'MOMENTUM']",0.026908691972494125,0.014181070571026725,1035,63,0.4444444444444444,4,4,9,0.0074812250677496195,5073,-0.44961151480674744,3,0.026908691972494125,53,765
967,LONG,1864e10000b0a8a634a0c6754be8bbbe5f6c06919a19c98d486d67d96f1c9cea,"[1672, 1692]","['MEAN_REVERSION', 'RELATIVE_CROSS_SECTIONAL', 'VOLATILITY']",0.0292728990316391,0.005886320463756638,308,63,0.4444444444444444,4,4,9,0.005582630867138505,1301,-0.3247433602809906,1,0.0292728990316391,53,766
953,LONG,330478d8b2ff8c55033a4ba03726a05f2cc2efe44ace3c2860755e7d7074a563,"[2356, 2272]","['MEAN_REVERSION', 'MOMENTUM', 'VOLATILITY', 'VOLUME_LIQUIDITY']",0.03189365193247795,-0.013066108106001798,64,63,0.4444444444444444,4,4,9,0.014541851356625557,468,-0.37892261147499084,0,0.03189365193247795,53,767
673,LONG,635ee51c599d2bd0c74beb84c899bb71856efc16fbd3c985a5ee50c2aead9e08,"[482, 568]","['RELATIVE_CROSS_SECTIONAL', 'TREND']",0.041923098266124725,0.032325259116893115,972,63,0.3333333333333333,3,3,9,0.008213900029659271,26920,-0.31514763832092285,3,0.041923098266124725,53,768
1091,LONG,04980d8790f0831e28410413c9aa3ee1308f4db1421f460955c2446b9c07b91d,"[474, 1490]",['TREND'],0.041996270418167114,0.032315455922563616,1226,63,0.3333333333333333,3,3,9,0.005849665496498346,43252,-0.328610360622406,2,0.041996270418167114,53,769
1029,LONG,33563e205a544c45dbc9900e6d3197d3040a4e39ed0990e4cc8cb9c5cd06d5ca,"[2720, 938]","['MARKET_REGIME_STRUCTURE', 'RELATIVE_CROSS_SECTIONAL', 'TREND']",0.04404433071613312,0.03015191811548234,1068,63,0.3333333333333333,3,3,9,0.0052484204061329365,14277,-0.33975350856781006,1,0.04404433071613312,53,770
990,LONG,68c604310877711bdfe8cca4f399cec8336fd342e4ad139bf39109a185712420,"[2488, 540]","['MARKET_REGIME_STRUCTURE', 'MOMENTUM', 'VOLATILITY', 'VOLUME_LIQUIDITY']",0.046939291059970856,0.01773518672165631,144,63,0.3333333333333333,3,3,9,0.00743740564212203,615,-0.32457050681114197,1,0.046939291059970856,53,771
268,LONG,91147e022e71d0788e873327b3e442913f7e49c474ac94a071b58f5f744bd00d,"[1522, 1734]","['TREND', 'VOLATILITY']",0.04468238353729248,0.026851281392951367,467,63,0.2222222222222222,2,2,9,0.024454161757603288,6694,-0.35351306200027466,1,0.04468238353729248,53,772
384,LONG,627ba90d68c6a1eeb9ad582a74e43d40304a426614632d9edebed53c27291e52,"[558, 610]","['MEAN_REVERSION', 'VOLUME_LIQUIDITY']",0.016088448464870453,-0.0051306680700133195,136,15,0.4444444444444444,4,4,9,0.011496216990053654,200,-0.25844046473503113,0,nan,54,773
239,LONG,e1302765b59b1534ed636145b07dbbd28ebb7c472a1bc680049cbb9b40fcbfc5,"[2356, 3662]","['MEAN_REVERSION', 'MOMENTUM', 'VOLATILITY', 'VOLUME_LIQUIDITY']",0.03140847012400627,-0.0132481528379403,64,63,0.4444444444444444,4,4,9,0.013768868986517191,482,-0.3734597861766815,0,0.03140847012400627,54,774
1068,LONG,94432504da549d303a1cd2538b29c727e315055c5680d989a7b6e545d9290226,"[626, 184]","['MOMENTUM', 'RELATIVE_CROSS_SECTIONAL', 'VOLATILITY']",0.0314532034099102,-0.014969136531094787,116,63,0.4444444444444444,4,4,9,0.010287551442161202,744,-0.4002094864845276,0,0.0314532034099102,54,775
1000,LONG,56253f2c25722682cb6c9468ae488a676d1779ab71f9abefe68090da05781b90,"[1798, 3874]","['MARKET_REGIME_STRUCTURE', 'VOLUME_LIQUIDITY']",0.037022314965724945,0.03199763892936095,1569,63,0.3333333333333333,3,3,9,0.005932900123298168,234256,-0.34715142846107483,3,0.037022314965724945,54,776
394,LONG,2d1839b45d845a807a3106aa543afd5bf8509cddbd62c290f8c7a829844be01a,"[1584, 3912]","['TREND', 'VOLUME_LIQUIDITY']",0.039299171417951584,0.03180076720399023,1501,63,0.3333333333333333,3,3,9,0.008894884027540684,23991,-0.36651161313056946,3,0.039299171417951584,54,777
205,LONG,9bcd509779d7a483d1371382b150afbb16ac17800d52c4710d89453d125fab82,"[692, 1692]","['MARKET_REGIME_STRUCTURE', 'VOLUME_LIQUIDITY']",0.04058702662587166,0.03174436502653015,1465,63,0.3333333333333333,3,3,9,0.0046036443673074245,13369,-0.33491748571395874,2,0.04058702662587166,54,778
581,LONG,1ea03d8ec57e28cd31cb726f5bd2ee37c0eb8abc3f4c9fdc0e9be0536381d338,"[1878, 2234]","['BREAKOUT', 'MOMENTUM', 'TREND', 'VOLATILITY']",0.040829114615917206,0.029648479010551655,969,63,0.3333333333333333,3,3,9,0.0027789936866611242,2467,-0.34233126044273376,1,0.040829114615917206,54,779
37,LONG,9a8d475fcea1ffd489818c3769218f88b22578ee136055fc95252b38f9e6b987,"[1550, 2733]","['RELATIVE_CROSS_SECTIONAL', 'VOLATILITY']",0.04258545860648155,0.02886196848334229,980,63,0.3333333333333333,3,3,9,0.0016320289578288794,5222,-0.30873236060142517,1,0.04258545860648155,54,780
640,LONG,de3e3e26c49455dbf669605bf27900188f1f57abf82f6c839a123c537cb5137c,"[946, 590]","['MEAN_REVERSION', 'MOMENTUM', 'VOLATILITY']",0.04298986867070198,0.028029528081959073,630,63,0.3333333333333333,3,3,9,0.003749082563444972,4788,-0.4211200773715973,1,0.04298986867070198,54,781
387,LONG,83156dd72ebbc87435721c7263b7743d6bf17e1beb5f3fff430e019ddb484e37,"[1014, 172]","['MARKET_REGIME_STRUCTURE', 'MEAN_REVERSION']",0.04340136796236038,0.02734114241694949,733,63,0.3333333333333333,3,3,9,0.006509150844067335,1775,-0.36261051893234253,1,0.04340136796236038,54,782
84,LONG,aee0ad1c3cb0a39f09f137f6e7f07df4628977059535c63fcdaa2b71d671e334,"[1532, 2720]","['TREND', 'VOLATILITY', 'VOLUME_LIQUIDITY']",0.04396405071020126,0.02305401907079075,400,63,0.3333333333333333,3,3,9,0.002428067848086357,1164,-0.34847384691238403,1,0.04396405071020126,54,783
1052,LONG,d61cf9114dad444fc478fac414cead3f7366cc09e23fe3886aa1bf8513b9b487,"[3476, 2510]","['BREAKOUT', 'MEAN_REVERSION', 'MOMENTUM', 'RELATIVE_CROSS_SECTIONAL', 'VOLATILITY']",0.04447454586625099,-0.0010825736393632185,84,63,0.3333333333333333,3,3,9,0.004875131882727146,299,-0.3430057466030121,0,0.04447454586625099,54,784
389,LONG,619147957b7e8086ba283cc7ae373572dfdd842e3f61d098cf7ccf2834b6d6f5,"[1120, 214]","['MARKET_REGIME_STRUCTURE', 'MOMENTUM', 'RELATIVE_CROSS_SECTIONAL']",0.04680050164461136,0.011238359146441529,351,63,0.3333333333333333,2,3,9,0.0012073965044692159,4067,-0.5890090465545654,1,0.04680050164461136,54,785
475,LONG,6968db382cfe073fb3a87a717e232cf3b2624d8b1021ed1e85ac50dccffc9707,"[1398, 1922]","['BREAKOUT', 'RELATIVE_CROSS_SECTIONAL', 'VOLUME_LIQUIDITY']",0.04188062250614166,0.03155550494442614,866,63,0.2222222222222222,2,2,9,0.021354884753236547,11339,-0.3743935525417328,1,0.04188062250614166,54,786
621,LONG,9d348ce5a2efdb7460c7e5d6a11115dfa5795b1f7240e8af86eb93c4ded00f8f,"[2510, 3926]","['MARKET_REGIME_STRUCTURE', 'MOMENTUM', 'RELATIVE_CROSS_SECTIONAL']",0.043150581419467926,0.028889569100435178,546,63,0.1111111111111111,1,1,9,0.043150581419467926,1299,-0.3097115457057953,1,0.043150581419467926,54,787
471,LONG,96be8801545eec55e8208dc24dc3275a7237065bcab28d52103852c97221fff2,"[1366, 198]","['BREAKOUT', 'MARKET_REGIME_STRUCTURE', 'VOLATILITY']",0.046923715621232986,-0.024438204964380997,101,63,0.1111111111111111,1,1,9,0.046923715621232986,379,-0.6568350791931152,0,0.046923715621232986,54,788
1016,LONG,7ce94e77cc81c54fdc6a00f62d6ac1348ac5aa428d3a48ee81f05bebfb0f0dc9,"[1026, 1584]","['MOMENTUM', 'VOLATILITY']",0.03801136463880539,0.03165996777110596,1539,63,0.3333333333333333,3,3,9,0.006861178670078516,127252,-0.3595682382583618,3,0.03801136463880539,55,789
1130,LONG,f1d15b2109ae332b214fc3944968b5d6ab974540d0203deae3904c6bf60e7bb2,"[68, 854]",['MEAN_REVERSION'],0.03864871710538864,0.03150121400573137,1303,63,0.3333333333333333,3,3,9,0.003834970062598586,56302,-0.3434353172779083,2,0.03864871710538864,55,790
790,LONG,c826172b3458c651ba7a3cc75525cc24729d2968f7de5367589de371166b1ead,"[1970, 1326]","['BREAKOUT', 'MOMENTUM', 'VOLUME_LIQUIDITY']",0.04012148082256317,0.030000089262440216,721,63,0.3333333333333333,3,3,9,0.00951489619910717,6185,-0.30974280834198,3,0.04012148082256317,55,791
639,LONG,ad948f76d6679191116c90b90e8773386c3f6089a51897bc58184eb2b4173d67,"[1704, 3010]","['RELATIVE_CROSS_SECTIONAL', 'VOLUME_LIQUIDITY']",0.04075010120868683,0.02851438801725481,1139,63,0.3333333333333333,3,3,9,0.006648581009358168,21171,-0.35964345932006836,2,0.04075010120868683,55,792
811,LONG,8bcc251c95af168a0d75fd1c8b0ed99f4b7717a67024fe730bd927b200db1198,"[2770, 652]","['BREAKOUT', 'MEAN_REVERSION', 'RELATIVE_CROSS_SECTIONAL', 'VOLATILITY']",0.04105149582028389,0.022194091831212584,306,63,0.3333333333333333,3,3,9,0.0050051151774823666,1422,-0.31335487961769104,1,0.04105149582028389,55,793
414,LONG,9006a07a0b4801f1d18917cf75e5946c26ad73f830e09d1f160ddad73ed417eb,"[2412, 184]","['MEAN_REVERSION', 'MOMENTUM', 'RELATIVE_CROSS_SECTIONAL', 'VOLUME_LIQUIDITY']",0.041779495775699615,0.008914382805296592,209,63,0.3333333333333333,3,3,9,0.005316579714417458,593,-0.3458159267902374,1,0.041779495775699615,55,794
49,LONG,dbd5bae1f20f7f678c26b413d09c939a000fefc6f62d6251e17be0e1335d93dc,"[1532, 2630]","['TREND', 'VOLATILITY', 'VOLUME_LIQUIDITY']",0.040041904896497726,0.030317209776071823,1166,63,0.2222222222222222,2,2,9,0.020949265104718506,14212,-0.3219590187072754,1,0.040041904896497726,55,795
658,LONG,9db785111b941a9bc7fedacd98b6b18db74070d1777453bf8801e5f7a6d000e4,"[1522, 2574]","['TREND', 'VOLATILITY']",0.0414222814142704,0.028046760582875217,649,63,0.2222222222222222,2,2,9,0.022057791822589934,9857,-0.3285573720932007,1,0.0414222814142704,55,796
91,LONG,aa963e4a03334a91444ddcffbec00195b0ebcac31903514c3313ceb42d508fb6,"[1644, 3012]","['MEAN_REVERSION', 'VOLATILITY', 'VOLUME_LIQUIDITY']",0.04287557303905487,0.02772037722842885,963,63,0.2222222222222222,2,2,9,0.02349019912071526,3700,-0.3541862964630127,1,0.04287557303905487,55,797
499,LONG,8da34a7242c1b220d23d3e1689f2ebc4c704010eb78325125c8045a58b923e6a,"[1014, 166]","['MARKET_REGIME_STRUCTURE', 'MEAN_REVERSION', 'MOMENTUM']",0.04291041940450668,0.016187517131762173,309,63,0.2222222222222222,2,2,9,0.02379472041502595,656,-0.3743588626384735,1,0.04291041940450668,55,798
270,LONG,f6a3485b02059740e48275360c1ef655fcba3f6a49986adb27c4bb837d63675c,"[506, 1036]","['MARKET_REGIME_STRUCTURE', 'MOMENTUM', 'TREND']",0.042924124747514725,0.012367024071572173,292,63,0.2222222222222222,2,2,9,0.022411758720409125,6219,-0.4633762538433075,1,0.042924124747514725,55,799
30,LONG,a35b1db8e4be63205d65f3a189af8f4060780816f6f3e06dad6e04eda8ad3e1c,"[2170, 946]","['MEAN_REVERSION', 'MOMENTUM', 'TREND', 'VOLUME_LIQUIDITY']",0.0432296060025692,0.020456253913653005,356,63,0.1111111111111111,1,1,9,0.0432296060025692,1802,-0.40268170833587646,1,0.0432296060025692,55,800
391,LONG,d923241b026aaf6a6199f795eb5e76bb7da7b6c44edfc6457d888c592176c254,"[1410, 3572]","['BREAKOUT', 'MARKET_REGIME_STRUCTURE', 'VOLUME_LIQUIDITY']",0.045318152755498886,0.0009453524468184052,183,63,0.1111111111111111,1,1,9,0.045318152755498886,330,-0.5347952246665955,1,0.045318152755498886,55,801
344,LONG,4dc92ee16810209f7d37d9f52aace3b4295a99e933cf0b6e059b038f043468e7,"[652, 164]",['VOLATILITY'],0.03645942360162735,0.03154550971568556,1585,63,0.3333333333333333,3,3,9,0.004904661327600479,306386,-0.3341362178325653,3,0.03645942360162735,56,802
952,LONG,319bdce0bcfc07dcef16f89e49d3ac80d627731ef9f68cbb037a9ccb44bef22c,"[568, 1490]",['RELATIVE_CROSS_SECTIONAL'],0.0371193028986454,0.029556397108482624,1138,63,0.3333333333333333,3,3,9,0.005216917488723993,111166,-0.3146088123321533,2,0.0371193028986454,56,803
1067,LONG,26af85235b248f646a1efeac9797c704ab6dd55d566ff40fba6eff0ffe99f7e4,"[700, 1432]",['RELATIVE_CROSS_SECTIONAL'],0.0371193028986454,0.029556397108482624,1138,63,0.3333333333333333,3,3,9,0.005216917488723993,111166,-0.3146088123321533,2,0.0371193028986454,56,804
73,LONG,f24e633884c7b5f23007bed7c0bd6e07fac6f0067016b5bd6c533b9cef83f4ec,"[1034, 2182]","['MOMENTUM', 'VOLATILITY', 'VOLUME_LIQUIDITY']",0.03829566389322281,0.02861368298588758,939,63,0.3333333333333333,3,3,9,0.009807862341403961,21160,-0.3486601412296295,3,0.03829566389322281,56,805
892,LONG,ab2eee5020f8d673542017a463b2bd4dcbd89c561ed71bb0ad6511d40046ea3a,"[506, 3874]","['MARKET_REGIME_STRUCTURE', 'TREND']",0.039055995643138885,0.026329708690732603,684,63,0.3333333333333333,3,3,9,0.004248049575835466,20845,-0.3541485071182251,1,0.039055995643138885,56,806
133,LONG,130399118d32cbc34d15e0a142a15c18bfee0cd1f0548320010ccfe1edaab3f0,"[854, 2508]","['MEAN_REVERSION', 'MOMENTUM', 'TREND']",0.03942136466503143,0.025479355838217862,638,63,0.3333333333333333,3,3,9,0.004480434115976095,17130,-0.3285336494445801,1,0.03942136466503143,56,807
992,LONG,5ad98cd12e685ffea3b08826049236e8e2a444a88b5fea554a71f64061ab4bb2,"[2286, 4174]","['MOMENTUM', 'RELATIVE_CROSS_SECTIONAL', 'TREND', 'VOLUME_LIQUIDITY']",0.039909880608320236,0.02066679620286455,320,63,0.3333333333333333,3,3,9,0.0046687801368534565,5566,-0.30774223804473877,1,0.039909880608320236,56,808
101,LONG,2eb3a060dc3a8f3bde35135ac38ca8c31de9a4c1ba4020ed1a6ed838e15abda5,"[474, 2356]",['TREND'],0.03717586025595665,0.03017325059683868,1482,63,0.2222222222222222,2,2,9,0.020386025891639292,95017,-0.3177601099014282,2,0.03717586025595665,56,809
181,LONG,1b0be268667d59172df0946a9aca4136823de74d506952c8200886e1447cfb4d,"[472, 3912]",['TREND'],0.037377916276454926,0.029697075538003374,1511,63,0.2222222222222222,2,2,9,0.01966830634046346,76351,-0.3259620666503906,1,0.037377916276454926,56,810
1152,LONG,74138fc5e76a24afc14c80b612d717c87c07bd00cd346b5bbfd0a85616f33f06,"[438, 3662]","['MEAN_REVERSION', 'TREND']",0.0383295863866806,0.028516304328290644,993,63,0.1111111111111111,1,1,9,0.0383295863866806,10397,-0.35340696573257446,1,0.0383295863866806,56,811
370,LONG,c3aab191374bcb09775489f794b0d8b4221fef3b2a2502f1a8ef9bd5031bcbcb,"[772, 182]","['BREAKOUT', 'MOMENTUM', 'VOLATILITY']",0.04276304692029953,0.022251483224035418,313,63,0.1111111111111111,1,1,9,0.04276304692029953,940,-0.3956054449081421,1,0.04276304692029953,56,812
562,LONG,9d6f403376854ff5317901d21f3e88bf311c255cb4459cd4f1a08510d2f373b9,"[1096, 1692]","['MARKET_REGIME_STRUCTURE', 'MOMENTUM', 'VOLUME_LIQUIDITY']",0.04332990571856499,-0.025531101094723577,27,63,0.1111111111111111,1,1,9,0.04332990571856499,415,-0.33542704582214355,0,0.04332990571856499,56,813
1192,LONG,4dc0869a091096b8f8a1980078f9a7ed75f78fc671574e5301afa26e6ba31238,"[564, 3200]",['MEAN_REVERSION'],0.03554554656147957,0.031257614810253735,1604,63,0.3333333333333333,3,3,9,0.004892835393548012,178789,-0.3203786611557007,3,0.03554554656147957,57,814
28,LONG,abaecc7cbc29c30a5bde9b47a70d5ea2f62156681a95287b7488b9648e459ba6,"[1654, 1014]","['MEAN_REVERSION', 'VOLUME_LIQUIDITY']",0.03674077242612839,0.028879498395782917,1313,63,0.3333333333333333,3,3,9,0.006367299240082502,3918,-0.3127875328063965,2,0.03674077242612839,57,815
131,LONG,b936663d6ea6894a395711e1fb780e4cfb6f07dee78061e264625585bfad7fc2,"[692, 1014]","['MARKET_REGIME_STRUCTURE', 'VOLUME_LIQUIDITY']",0.038267411291599274,0.02711237281330747,1328,63,0.3333333333333333,3,3,9,0.005383999086916447,7474,-0.3536548316478729,2,0.038267411291599274,57,816
276,LONG,2387d333d5d3fd961011c13512ac1c716cce2adb4831b9b3ebbe498246c7d18b,"[2074, 586]","['BREAKOUT', 'MOMENTUM', 'VOLATILITY']",0.03827817738056183,0.024181411833605494,558,63,0.3333333333333333,3,3,9,0.003912169020622969,1851,-0.2965031862258911,1,0.03827817738056183,57,817
826,LONG,4c26aa27402d9adbabe8f7dce948512eb13d4dd9219a10df6cc476756c7be449,"[3572, 2340]","['BREAKOUT', 'RELATIVE_CROSS_SECTIONAL', 'VOLATILITY', 'VOLUME_LIQUIDITY']",0.03955056518316269,0.015492768298750532,379,63,0.3333333333333333,3,3,9,0.0015470996731892228,953,-0.4492154121398926,1,0.03955056518316269,57,818
148,LONG,5bede5cc8b4a8475bfda35e95070e9ef13be8edd4951d20e7a080d075ed30769,"[1692, 1544]","['MARKET_REGIME_STRUCTURE', 'VOLATILITY']",0.036693450063467026,0.02960363650258658,1545,63,0.2222222222222222,2,2,9,0.01988562464248389,76733,-0.33151164650917053,2,0.036693450063467026,57,819
424,LONG,66a4bea83796d7ac01926884a63a32b5b9cbb55cf3020234fb6c3fd10ae9dbad,"[694, 1692]",['MARKET_REGIME_STRUCTURE'],0.036693450063467026,0.02960363650258658,1545,63,0.2222222222222222,2,2,9,0.01988562464248389,76733,-0.33151164650917053,2,0.036693450063467026,57,820
362,LONG,4d5a03f2bba7f686386fd2cd72b72fb04b31bd67cf5b9f3c84d2e9421efa970e,"[1550, 426]","['RELATIVE_CROSS_SECTIONAL', 'TREND', 'VOLATILITY']",0.0387347973883152,0.0192834765971604,418,63,0.1111111111111111,1,1,9,0.0387347973883152,4004,-0.27371835708618164,1,0.0387347973883152,57,821
965,LONG,ff23115cf982cfc6ac2efd66c3298f75e92a6a02fc1f5008bfa77b26c5041186,"[2962, 180]","['MEAN_REVERSION', 'RELATIVE_CROSS_SECTIONAL', 'TREND']",0.04033679515123367,-0.03417017534928314,98,63,0.1111111111111111,1,1,9,0.04033679515123367,356,-0.5081572532653809,0,0.04033679515123367,57,822
885,LONG,8b30a18045ad46de2faf5721706b87c343cbc717058c9fa02c4f83c86601e03c,"[652, 3012]",['VOLATILITY'],0.0355435349047184,0.030844021190202693,1593,63,0.3333333333333333,3,3,9,0.00455149682238698,323733,-0.3298335373401642,2,0.0355435349047184,58,823
659,LONG,040c0e58d642fef44c2e5ebac66120dc21036f2f9a48098ea3ec8962f75ec42f,"[68, 1692]",['MEAN_REVERSION'],0.03636305034160614,0.028558170178102887,1556,63,0.3333333333333333,3,3,9,0.004709988366812468,35731,-0.3623819053173065,2,0.03636305034160614,58,824
850,LONG,3f829b0b06a461a21235fe035471b01b9b56ca02815caba0519969e8463329df,"[574, 946]",['RELATIVE_CROSS_SECTIONAL'],0.036761533468961716,0.025914990422973377,918,63,0.3333333333333333,3,3,9,0.005675157066434622,74409,-0.389008104801178,2,0.036761533468961716,58,825
840,LONG,c9e2ccd24826f6701978e9e5bbf9cd33ac08d2ae9c3509fff4efffe39a6ec0ce,"[330, 2412]","['BREAKOUT', 'MEAN_REVERSION']",0.03699761629104614,0.02410412026910091,1118,63,0.3333333333333333,3,3,9,0.002646357286721468,21263,-0.3718988001346588,1,0.03699761629104614,58,826
1102,LONG,c2bd19fef1b716a920264645bc7767a5e5721adf2b5853b1261da781284a70bb,"[2720, 3874]","['MARKET_REGIME_STRUCTURE', 'RELATIVE_CROSS_SECTIONAL', 'TREND']",0.037031371146440506,0.016912767694777307,592,63,0.3333333333333333,3,3,9,0.0064546819776296616,4505,-0.3643394410610199,1,0.037031371146440506,58,827
608,LONG,d053bce344372ac5c10a2147ee011ed21db96b74d4d13802710acf7cff295fd8,"[2356, 166]","['MEAN_REVERSION', 'MOMENTUM', 'VOLATILITY', 'VOLUME_LIQUIDITY']",0.037806279957294464,-0.007907037654026908,63,63,0.3333333333333333,3,3,9,0.014554574154317379,445,-0.37685540318489075,0,0.037806279957294464,58,828
843,LONG,b2195cafbc063c3b43a9f520a55cc247d3e57389165c94e514dd73ead71466db,"[568, 3012]",['MEAN_REVERSION'],0.03581377491354942,0.028805628141084002,1550,63,0.2222222222222222,2,2,9,0.019496713764965534,76451,-0.34003618359565735,2,0.03581377491354942,58,829
99,LONG,c41594566e2ff2b0f0c45e5b43d205af53742c048ae1cb88bee532dc1e9dd476,"[974, 2182]","['MOMENTUM', 'VOLUME_LIQUIDITY']",0.03722365200519562,0.026630473249261186,1041,63,0.2222222222222222,2,2,9,0.01938167033949867,7926,-0.3739187717437744,1,0.03722365200519562,58,830
933,LONG,5c86a1336e6edd272f71b4b53b4f38fcfdf566384b0d55b64849dc19f925ad75,"[2770, 2286]","['BREAKOUT', 'MEAN_REVERSION', 'RELATIVE_CROSS_SECTIONAL', 'VOLATILITY']",0.03947479650378227,0.010624168072800175,210,63,0.1111111111111111,1,1,9,0.03947479650378227,793,-0.4598764479160309,1,0.03947479650378227,58,831
870,LONG,f64b14476eaf0f20e0284ea577455b99689bb902589a2b383e8d55f66215408b,"[638, 2630]",['RELATIVE_CROSS_SECTIONAL'],0.03526456654071808,0.03074861810603848,1590,63,0.3333333333333333,3,3,9,0.005790914408862591,211554,-0.3295096158981323,3,0.03526456654071808,59,832
161,LONG,cd85dcec5f55ed6143e8d07f7510b90877f708a1e162d6993d8329ba9191663c,"[1922, 1952]","['MARKET_REGIME_STRUCTURE', 'MOMENTUM', 'TREND']",0.0356975719332695,0.02519180033567825,671,63,0.3333333333333333,3,3,9,0.004982445389032364,9297,-0.2956068515777588,2,0.0356975719332695,59,833
1098,LONG,69b9b797185b5ab7cdbb9b60438e62ce5928f68cfb03c86d222dda97dcb71d46,"[180, 352]",['TREND'],0.0362909771502018,0.021981273591104366,928,63,0.3333333333333333,3,3,9,0.0067171864211559296,22449,-0.4170759916305542,2,0.0362909771502018,59,834
1094,LONG,289f553d6d2ecc05110a141a841b0f1eb32381aef58fa30f88ad5c5e614dbf0e,"[2770, 3656]","['BREAKOUT', 'MEAN_REVERSION', 'RELATIVE_CROSS_SECTIONAL', 'VOLATILITY']",0.03673730418086052,0.017257318905088845,253,63,0.3333333333333333,3,3,9,0.005528674926608801,823,-0.3042617738246918,1,0.03673730418086052,59,835
872,LONG,094c86e6b35d162edec0150937604ff5e213d8d69cb8c1f9a8665970a6e712bf,"[454, 472]","['TREND', 'VOLATILITY']",0.03563223406672478,0.02564048004225373,1157,63,0.2222222222222222,2,2,9,0.018611278268508613,7564,-0.34359627962112427,1,0.03563223406672478,59,836
231,LONG,d956b298a4ce61b28f2d651e0ed22075d4d43ec7a2ec658b9b461e586d516c0c,"[506, 2906]","['MARKET_REGIME_STRUCTURE', 'TREND']",0.035799600183963776,0.024175884594718387,756,63,0.2222222222222222,2,2,9,0.01802934148872737,35291,-0.3535054624080658,1,0.035799600183963776,59,837
911,LONG,bf868a5a906af157de845cf9c447fa4d78de44eb890abce9e977f9aa45be259b,"[1584, 2733]","['RELATIVE_CROSS_SECTIONAL', 'TREND']",0.03673137351870537,0.020841499828446654,412,63,0.2222222222222222,2,2,9,0.019569099764339626,3762,-0.3222644627094269,1,0.03673137351870537,59,838
441,LONG,68717d53588354f237912b9666edf7130b4d37bfbcc51331be07e6e826ebb567,"[638, 4320]",['RELATIVE_CROSS_SECTIONAL'],0.034675247967243195,0.030245936789401566,1591,63,0.3333333333333333,3,3,9,0.005692368373274803,224126,-0.3286503255367279,3,0.034675247967243195,60,839
405,LONG,5e515d991b2e4ca291ff60da0ea702a457c201d82d9cffc04843a962af71c0ba,"[2340, 1440]","['MEAN_REVERSION', 'VOLATILITY', 'VOLUME_LIQUIDITY']",0.0350303016602993,0.02888923155985655,1524,63,0.3333333333333333,3,3,9,0.0037877829745411873,38133,-0.35807955265045166,2,0.0350303016602993,60,840
873,LONG,08fd11b79b9e1f88383a68f6904df39936cce1b47ba1c00644e5779bf7f843db,"[976, 626]","['MOMENTUM', 'VOLUME_LIQUIDITY']",0.03622801601886749,0.02127885270882849,819,63,0.3333333333333333,3,3,9,0.004043492954224348,4225,-0.370421439409256,1,0.03622801601886749,60,841
580,LONG,ebbc012f8e5c6db06d58c02f4e04a65e7be9ae301e9fa64c8658b55b221f5fd1,"[432, 2356]","['MEAN_REVERSION', 'TREND']",0.03503483533859253,0.027265267864851783,1398,63,0.2222222222222222,2,2,9,0.0183971191290766,16721,-0.3285694420337677,1,0.03503483533859253,60,842
1108,LONG,90f69b45c67134f99662cf9dcbae33d9c275622894c2db724d0a0bb4f322d7b4,"[602, 1034]",['VOLUME_LIQUIDITY'],0.03421776741743088,0.03002895983660632,1604,63,0.3333333333333333,3,3,9,0.004663463681936264,272123,-0.31628820300102234,3,0.03421776741743088,61,843
604,LONG,6afe41976dc9e707dae65d908d5edc2dd9389a1da803e41604aaab3a5323cb1f,"[1798, 1550]","['MARKET_REGIME_STRUCTURE', 'VOLATILITY']",0.03489995375275612,0.027160664397558508,1345,63,0.3333333333333333,3,3,9,0.005301659926772118,30910,-0.3513960540294647,2,0.03489995375275612,61,844
497,LONG,1437435644f38195ac61ca94c0e9ddca6bef7093781a7e0bc3726fdd31e79de2,"[798, 668]","['BREAKOUT', 'MOMENTUM', 'VOLUME_LIQUIDITY']",0.03513071686029434,0.01767557882613628,362,63,0.1111111111111111,1,1,9,0.03513071686029434,1140,-0.3037678897380829,1,0.03513071686029434,61,845
684,LONG,a9b03daada5510e000dff580c1319141f0493af6598c397f598e686f6619e81f,"[3484, 2262]","['BREAKOUT', 'MARKET_REGIME_STRUCTURE', 'MEAN_REVERSION', 'MOMENTUM', 'VOLATILITY']",0.03601204976439476,-0.022743236888806098,73,63,0.1111111111111111,1,1,9,0.03601204976439476,204,-0.384249210357666,0,0.03601204976439476,61,846
479,LONG,55fa00b512f74993b807957e8475b3b643724749af30d6c8ed3d5c1529fd5a71,"[474, 1322]",['VOLUME_LIQUIDITY'],0.03298060595989227,0.028892748561290777,1600,63,0.3333333333333333,3,3,9,0.004045782145112753,305170,-0.3126307427883148,2,0.03298060595989227,62,847
692,LONG,61c451926cc7e54e6412b8d83c796a41605ecc4a48438a15ad8ad6ac725271e6,"[638, 216]",['RELATIVE_CROSS_SECTIONAL'],0.03315689414739609,0.028871744664154257,1591,63,0.3333333333333333,3,3,9,0.005023325327783823,255098,-0.32768934965133667,3,0.03315689414739609,62,848
912,LONG,a95e08ed68c95af0e8d37101282fe38ca34f0d2513dd6fb2d47ad02196c94fa1,"[482, 802]","['RELATIVE_CROSS_SECTIONAL', 'TREND']",0.033187974244356155,0.028755914458950878,1551,63,0.3333333333333333,3,3,9,0.004449350759387016,99323,-0.2904454171657562,2,0.033187974244356155,62,849
801,LONG,1b315411726e0dfbaf7b47c7d565475b40c0ae5060debd3658969cc502ab92d6,"[976, 1036]","['MOMENTUM', 'VOLUME_LIQUIDITY']",0.03461888059973717,0.026002686652787193,1269,63,0.3333333333333333,3,3,9,0.006956320255994797,43946,-0.3735405504703522,2,0.03461888059973717,62,850
417,LONG,65f4fa204173ff912d12240575d977323029f22b7c30d38b5f8d6694f1051004,"[1420, 802]","['BREAKOUT', 'RELATIVE_CROSS_SECTIONAL']",0.034895483404397964,0.0243286104111042,500,63,0.3333333333333333,3,3,9,0.004492500796914101,7517,-0.23034444451332092,1,0.034895483404397964,62,851
1184,LONG,5b9f21c332df3e7adfdadf23360097d626ebee6b9406c7d4d2de0de08f4a39e7,"[692, 1454]","['VOLATILITY', 'VOLUME_LIQUIDITY']",0.033897507935762405,0.029169254099457757,1550,63,0.2222222222222222,2,2,9,0.01817553921137005,33683,-0.3271941840648651,2,0.033897507935762405,62,852
839,LONG,7e02c6815ed78e2ee6e954dd480272785fea2c72e9cdfeb63262bda6bafca356,"[482, 1692]",['TREND'],0.03301307186484337,0.02852576524633095,1575,63,0.3333333333333333,3,3,9,0.0047133793123066425,129726,-0.31654438376426697,2,0.03301307186484337,63,853
60,LONG,c77fc495d2851e177a625d2c01004acb97105575d7bcc5bd9c116955d9fd4284,"[2872, 4174]","['BREAKOUT', 'RELATIVE_CROSS_SECTIONAL', 'VOLATILITY', 'VOLUME_LIQUIDITY']",0.03427205979824066,0.016086844938647638,401,63,0.3333333333333333,3,3,9,0.0052091144025325775,1823,-0.3689250648021698,1,0.03427205979824066,63,854
530,LONG,626298d9109e5614c2ac16af6e9e8addeeae10ab90775b66a0acbac9e0cf48b7,"[1584, 1398]","['RELATIVE_CROSS_SECTIONAL', 'TREND', 'VOLUME_LIQUIDITY']",0.033688101917505264,0.027378659661803816,1499,63,0.2222222222222222,2,2,9,0.01819820294622332,31398,-0.3303309679031372,1,0.033688101917505264,63,855
315,LONG,105956aecc9fd18bf5edd5e852879fbda2f4753d8c0d2d88f0e365ec8c0e65bb,"[1576, 2236]","['MARKET_REGIME_STRUCTURE', 'VOLATILITY']",0.03371396288275719,0.02664084080152375,1414,63,0.2222222222222222,2,2,9,0.01831917103845626,79638,-0.3127460181713104,2,0.03371396288275719,63,856
1060,LONG,862984b66becde4441865ab2e2c773cb664ccbb1c14c3b368c5bc56e66c1c45c,"[772, 1440]","['BREAKOUT', 'MOMENTUM', 'VOLATILITY']",0.033765263855457306,0.024106526944943807,910,63,0.2222222222222222,2,2,9,0.01714465711847879,6315,-0.2797275483608246,1,0.033765263855457306,63,857
1064,LONG,f390723f338a269cb294dc5d552c15e6b3d01e2b295a959ec074dd9449bf588c,"[558, 4250]",['VOLUME_LIQUIDITY'],0.03256440907716751,0.02842431191428695,1604,63,0.3333333333333333,3,3,9,0.003891249652951956,339095,-0.316068172454834,2,0.03256440907716751,64,858
975,LONG,9150bd35c60178ae74e91bf1e832af12d3b4df7073e92f12d3ec515f3d241dff,"[3798, 3912]","['MARKET_REGIME_STRUCTURE', 'MOMENTUM', 'TREND', 'VOLATILITY', 'VOLUME_LIQUIDITY']",0.03425885736942291,-0.002876701606266123,140,63,0.3333333333333333,3,3,9,0.003254868322983384,639,-0.38341018557548523,0,0.03425885736942291,64,859
829,LONG,d76f723587037b55efdfa0320e90ec39b36f6313f9d71f2b28b8b468823b1656,"[610, 2982]","['VOLATILITY', 'VOLUME_LIQUIDITY']",0.03323282301425934,0.027270374954750612,1450,63,0.2222222222222222,2,2,9,0.01765520020853728,56031,-0.3290686309337616,2,0.03323282301425934,64,860
1190,LONG,d3acd3e8bcd87b741b460911250621bff0705c9f637c8ce1091a9c81d020669a,"[368, 3002]",['VOLUME_LIQUIDITY'],0.03248661011457443,0.028389363662124197,1604,63,0.3333333333333333,3,3,9,0.003636318724602461,301138,-0.31662631034851074,2,0.03248661011457443,65,861
225,LONG,5fec0ce8a54947ad8764bece99bc7185bc4d5e6874524477c8f210af42b0c6d7,"[330, 1460]",['BREAKOUT'],0.03252552077174187,0.02651924501566174,1566,63,0.3333333333333333,3,3,9,0.0035240426659584045,119010,-0.3182605504989624,2,0.03252552077174187,65,862
191,LONG,4fbfdd3e3f4f8b12e7ceade9d5de92ba72a05668130f91082e1a55557d8c880c,"[652, 3926]","['MARKET_REGIME_STRUCTURE', 'VOLATILITY']",0.03249611333012581,0.02796264302017655,1585,63,0.2222222222222222,2,2,9,0.01768613571766764,288916,-0.3268914818763733,2,0.03249611333012581,65,863
541,LONG,c56fc8326fc28a35dcf08d048d510842d9ec6b1742e90d6c463b9001f5d04ab7,"[602, 646]",['VOLUME_LIQUIDITY'],0.03288697451353073,0.027069473774310227,1550,63,0.2222222222222222,2,2,9,0.01719829993089661,28105,-0.3398059606552124,1,0.03288697451353073,65,864
507,LONG,7d27042874168debdb784f1c12a6e2491f5efbcb4b5c34f4ccf1e1b1fc2116f0,"[1130, 3168]","['MARKET_REGIME_STRUCTURE', 'MOMENTUM', 'RELATIVE_CROSS_SECTIONAL']",0.033040937036275864,0.025172522001862804,1100,63,0.2222222222222222,2,2,9,0.017508317017927766,67555,-0.29667970538139343,1,0.033040937036275864,65,865
382,LONG,6c0adc6e3ed6b338574a1cfcdfc8ef564b6f1c80a0f799c73ba184b4dc769516,"[426, 482]",['TREND'],0.032457515597343445,0.028007112424035863,1575,63,0.3333333333333333,3,3,9,0.004380302038043737,111217,-0.30976417660713196,2,0.032457515597343445,66,866
314,LONG,3f60b494e0fbc1a5eb43ea25ca0b0d904af4b541f820a990a26f071ce0f1cc90,"[482, 1998]","['RELATIVE_CROSS_SECTIONAL', 'TREND']",0.03247607871890068,0.027611906318345383,1562,63,0.3333333333333333,3,3,9,0.005702414084225893,69971,-0.3190530240535736,3,0.03247607871890068,66,867
63,LONG,26bd4f4d50df3aab443c8f84591c7cd30dc2efbd9700137cd06592a103655ddc,"[1030, 1130]","['MOMENTUM', 'VOLATILITY']",0.03275440260767937,0.024611286879390126,1076,63,0.2222222222222222,2,2,9,0.0174422588897869,52648,-0.3001788258552551,1,0.03275440260767937,66,868
169,LONG,ba27c165950bca5c621ace71fb5196641519ea0f84936748922f58735209ef36,"[1294, 1732]","['BREAKOUT', 'RELATIVE_CROSS_SECTIONAL']",0.032811716198921204,0.0234520758862179,1133,63,0.2222222222222222,2,2,9,0.01706366625148803,3814,-0.28846701979637146,1,0.032811716198921204,66,869
693,LONG,afbc55a1ee300a1df55807c1e69a4a25537d49ce31ec9828bc9951734e4228dc,"[858, 2962]","['MOMENTUM', 'TREND']",0.03286197781562805,0.025114309708355303,1075,63,0.1111111111111111,1,1,9,0.03286197781562805,20353,-0.29418957233428955,1,0.03286197781562805,66,870
352,LONG,5625909296763f14dee3844d368662b71c4466393bf948bb0857e7659532d8e3,"[474, 3572]",['VOLUME_LIQUIDITY'],0.031814705580472946,0.02768224651929,1603,63,0.3333333333333333,3,3,9,0.0037761684507131577,321552,-0.3156139552593231,2,0.031814705580472946,67,871
481,LONG,901588f9d53861412c8c97eb6bca7a7613f432b8039a5fbacbd245238d8c8b6b,"[2872, 870]","['BREAKOUT', 'RELATIVE_CROSS_SECTIONAL', 'VOLATILITY', 'VOLUME_LIQUIDITY']",0.03206378221511841,0.026650758846494704,1423,63,0.3333333333333333,3,3,9,0.0036083196755498648,26384,-0.3178426921367645,2,0.03206378221511841,67,872
340,LONG,89ea117b58f35ef41af27fa41c960dc6d91e48ab618db7d515e8c857867be930,"[1692, 870]","['MEAN_REVERSION', 'VOLATILITY']",0.032072171568870544,0.02507826317028001,1549,63,0.3333333333333333,3,3,9,0.004895814694464207,36349,-0.3651377856731415,2,0.032072171568870544,67,873
641,LONG,76ffc39b26e532697acf0263a6f40be174251d3d770027c0c4d71d7e62ccfd2c,"[1036, 558]","['MOMENTUM', 'VOLATILITY', 'VOLUME_LIQUIDITY']",0.032570987939834595,0.019259746222377555,974,63,0.2222222222222222,2,2,9,0.01635339768108679,10895,-0.3478785455226898,1,0.032570987939834595,67,874
328,LONG,acd6163c2c05d303ac57ff2444246bff0fdda39645afc0778542422b750b7f2b,"[3012, 802]","['RELATIVE_CROSS_SECTIONAL', 'TREND', 'VOLUME_LIQUIDITY']",0.03072928823530674,0.026884740358116527,1545,63,0.3333333333333333,3,3,9,0.004075301345437765,134741,-0.297634482383728,2,0.03072928823530674,68,875
227,LONG,ad8507551b50116dc690135d9c140e629a6843dcec96d42be0ced91eda556680,"[2124, 2356]","['BREAKOUT', 'MOMENTUM', 'RELATIVE_CROSS_SECTIONAL']",0.030880875885486603,0.021977786065580283,794,63,0.3333333333333333,3,3,9,0.003286768216639757,21574,-0.2666771411895752,1,0.030880875885486603,68,876
380,LONG,26f8ba352424479989d6381099d6d2c9078180df7d8d8004497b31ffccb7cb5a,"[172, 1734]","['MARKET_REGIME_STRUCTURE', 'MOMENTUM']",0.03167133033275604,0.008652506288993497,228,63,0.3333333333333333,3,3,9,0.0002667784283403307,1635,-0.31182223558425903,1,0.03167133033275604,68,877
437,LONG,ea37372da34820080d010d150d22b4552594b5359c7062b88e1e33dac111182e,"[610, 1692]",['VOLUME_LIQUIDITY'],0.030795753002166748,0.026576372198420236,1596,63,0.2222222222222222,2,2,9,0.016661739093251526,134530,-0.3197844326496124,2,0.030795753002166748,68,878
463,LONG,70661124535d6753627cbf34a71aaaf562b5a1d7925bef3c3c9f45e32ed8de99,"[1654, 1490]","['VOLATILITY', 'VOLUME_LIQUIDITY']",0.031474895775318146,0.02478327384515216,1533,63,0.2222222222222222,2,2,9,0.016598888614680618,35128,-0.32695120573043823,1,0.031474895775318146,68,879
1036,LONG,5fab925122c6c9e5a1a436e3843e86a533c7e0c4c0b38e9bffae9145ecf6f90d,"[1082, 1044]","['MOMENTUM', 'RELATIVE_CROSS_SECTIONAL', 'VOLUME_LIQUIDITY']",0.03196725621819496,0.022412315025949085,1088,63,0.2222222222222222,2,2,9,0.016118871339131147,11781,-0.3342832922935486,1,0.03196725621819496,68,880
910,LONG,a4a03d351ddd162d03d1ea1c7b7318ad0f7d7190845f05dcd53de0fc406b60f8,"[1654, 1490]","['MEAN_REVERSION', 'VOLATILITY']",0.026403386145830154,0.017396350441386196,1144,63,0.3333333333333333,3,3,9,0.004092516377568245,4261,-0.32902804017066956,1,0.026403386145830154,69,881
121,LONG,b8b3ac8bd18a71901b774e29605a8586eaaafd3e93cdaccca206eaae1a58111f,"[1478, 3952]","['MEAN_REVERSION', 'TREND', 'VOLUME_LIQUIDITY']",0.027836674824357033,0.014020101220914358,1101,63,0.3333333333333333,3,3,9,0.0041040522046387196,9003,-0.4042954742908478,1,0.027836674824357033,69,882
907,LONG,42fec444b9efaf02b9a8d75403272f8fa80d94693b71881197ccbaad9093d855,"[888, 1610]","['MOMENTUM', 'TREND']",0.029605569317936897,0.008814246098923235,394,63,0.3333333333333333,3,3,9,0.0060937292873859406,14851,-0.4745350182056427,1,0.029605569317936897,69,883
727,LONG,569cd7124d6be46a7757bcefa327bc29abf335eeafda211ce22c8fddd535dd7d,"[2358, 2254]","['MEAN_REVERSION', 'MOMENTUM', 'VOLATILITY', 'VOLUME_LIQUIDITY']",0.030276579782366753,-0.01537843069122509,116,63,0.3333333333333333,3,3,9,0.007395902182906866,220,-0.4970484972000122,0,0.030276579782366753,69,884
503,LONG,c40e659e8083ec602edbd9d0543c9e2ec37efb732e84df66c7bcabb72158b334,"[898, 2630]","['MOMENTUM', 'TREND', 'VOLUME_LIQUIDITY']",0.03132351115345955,-0.05940050731695781,37,63,0.3333333333333333,3,3,9,0.015559329651296139,307,-0.5816370248794556,0,0.03132351115345955,69,885
593,LONG,feef0c2116fb9ae0066769b0049d352332eb960d41da1beb1910addf5454e86a,"[610, 2254]",['VOLUME_LIQUIDITY'],0.030326198786497116,0.026288176141639443,1600,63,0.2222222222222222,2,2,9,0.016390828415751457,151276,-0.31452676653862,2,0.030326198786497116,69,886
395,LONG,8225f397754a178322aba9c22b95a189f10a427fdbeb696b44729df742a1a527,"[3158, 2076]","['RELATIVE_CROSS_SECTIONAL', 'VOLATILITY', 'VOLUME_LIQUIDITY']",0.030393946915864944,0.02370141449255775,1331,63,0.2222222222222222,2,2,9,0.0159052848466672,38646,-0.3130995035171509,1,0.030393946915864944,69,887
516,LONG,4781e638436b84c6835dd851b27a314f939b0973b347a0c319ed3479dcebeaf8,"[1398, 172]","['RELATIVE_CROSS_SECTIONAL', 'VOLUME_LIQUIDITY']",0.03036327101290226,0.02499147276014789,1510,63,0.1111111111111111,1,1,9,0.03036327101290226,28372,-0.3246474266052246,1,0.03036327101290226,69,888
618,LONG,f85d961d7cb870bf54906efcd478a4ee5cd52095fc7aeb928159d0c9669bfca9,"[1018, 772]","['MEAN_REVERSION', 'MOMENTUM']",0.030668631196022034,0.023382624501987494,1189,63,0.1111111111111111,1,1,9,0.030668631196022034,47308,-0.2917628288269043,1,0.030668631196022034,69,889
331,LONG,afc27023ac7bc93dddb606a25c8ca0c6651c3caae03f77553ee96c9e9603d503,"[574, 172]","['MOMENTUM', 'RELATIVE_CROSS_SECTIONAL']",0.02472532168030739,0.010930943198543996,718,63,0.3333333333333333,3,3,9,0.0041650645434856415,23807,-0.4393928647041321,1,0.02472532168030739,70,890
1005,LONG,b3ad50973d59c42c0516c8bcbd90f074143164de359187f69ca6b8e0ff97c918,"[2356, 3328]","['MEAN_REVERSION', 'MOMENTUM', 'VOLUME_LIQUIDITY']",0.027855055406689644,-0.0037834990004046373,78,63,0.3333333333333333,3,3,9,0.00958987232297659,754,-0.36488473415374756,0,0.027855055406689644,70,891
275,LONG,5bc2a8654a614338db89251b5b834380d5f1e135beb70cd341c567440bbda95f,"[432, 2170]",['TREND'],0.030157946050167084,0.026100224013769116,1562,63,0.2222222222222222,2,2,9,0.016282621189020574,295315,-0.2934581935405731,2,0.030157946050167084,70,892
649,LONG,d90f1c7cf30291bfd8e7ad27d01c69533ac6e46b6cb7a681c451bd7c2d31e312,"[54, 2170]",['TREND'],0.030157946050167084,0.026100224013769116,1562,63,0.2222222222222222,2,2,9,0.016282621189020574,295315,-0.2934581935405731,2,0.030157946050167084,70,893
294,LONG,0a09c99cab9b281d47173a4726da810734416983e995523cbb0332ee137189af,"[3912, 992]","['MARKET_REGIME_STRUCTURE', 'MEAN_REVERSION', 'MOMENTUM', 'RELATIVE_CROSS_SECTIONAL', 'VOLUME_LIQUIDITY']",0.03027559258043766,0.005081539940291757,378,63,0.1111111111111111,1,1,9,0.03027559258043766,1379,-0.484031617641449,1,0.03027559258043766,70,894
323,LONG,9eee07fbbe9e9d487387521940d6fb1b4d9552c7d5180b6bb5a488163f65f61c,"[4078, 2356]","['BREAKOUT', 'RELATIVE_CROSS_SECTIONAL', 'TREND', 'VOLATILITY', 'VOLUME_LIQUIDITY']",0.014062889851629734,-0.02413423733387604,48,15,0.3333333333333333,3,3,9,0.0025903736241161823,200,-0.1984243094921112,0,nan,71,895
291,LONG,cadd918cd8e6e85bf71abb5b886d4fe63d3d6096750519a3b01375924ca220a3,"[3656, 2992]","['MEAN_REVERSION', 'MOMENTUM', 'TREND', 'VOLATILITY', 'VOLUME_LIQUIDITY']",0.01874677464365959,-0.0020715041555658883,334,63,0.3333333333333333,2,3,9,0.0023799699265509844,962,-0.4076045751571655,0,0.01874677464365959,71,896
619,LONG,495fa1696357030a98ca9f3763f40be1a7f11cc3b394692ac67a8077f5cf2a1e,"[756, 996]","['BREAKOUT', 'MEAN_REVERSION', 'MOMENTUM']",0.02337799407541752,-0.011321438736041738,121,63,0.3333333333333333,2,3,9,0.0027553716208785772,613,-0.35667353868484497,0,0.02337799407541752,71,897
1180,LONG,66c27c234db53c879c9784392bd52139027acd27d7a61d41ce418ba363537761,"[180, 2234]",['MOMENTUM'],0.03003658540546894,0.025027027216848352,1572,63,0.2222222222222222,2,2,9,0.015667959465645254,150683,-0.3091070055961609,1,0.03003658540546894,71,898
187,LONG,0730d4872e620395af41a83a045701d69eec7c662e75a7893065b3884320f856,"[368, 1576]",['VOLUME_LIQUIDITY'],0.028308408334851265,0.023891312912312113,1576,63,0.2222222222222222,2,2,9,0.014760500227566808,148973,-0.2987934947013855,1,0.028308408334851265,72,899
931,LONG,d7121909525bfad07ef47ce823dd3946a61ce350666c6d753690348e6872913b,"[610, 1878]","['VOLATILITY', 'VOLUME_LIQUIDITY']",0.02911411039531231,0.02378603113254198,1558,63,0.2222222222222222,2,2,9,0.014748903558938764,65786,-0.31714096665382385,1,0.02911411039531231,72,900
1145,LONG,f4244b04ba773a96fb0ab1422435615b58b27417126fb2963aef0fddc9695ed6,"[1030, 992]","['MOMENTUM', 'VOLATILITY']",0.029514029622077942,0.022188879188494055,1187,63,0.2222222222222222,2,2,9,0.015300314116757363,56209,-0.29346078634262085,1,0.029514029622077942,72,901
1124,LONG,709b6f79b660adcb197d8d18572c5644ce1ee9dbbfb832c417438bb39356cfe3,"[1348, 1426]","['BREAKOUT', 'RELATIVE_CROSS_SECTIONAL']",0.02972279116511345,0.019357430297708332,495,63,0.2222222222222222,2,2,9,0.01540109614143148,11618,-0.2814982235431671,1,0.02972279116511345,72,902
288,SHORT,60fbc1d27e6aff9968505920e9f8774e0a1be6ba8711a75c95ba5f1d486d9085,"[2733, 3926]","['BREAKOUT', 'RELATIVE_CROSS_SECTIONAL', 'TREND']",0.002160421572625637,-0.007586330403789511,270,10,0.3333333333333333,1,3,9,0.0006696625496260822,568,-0.21075557172298431,0,-0.0861353650689125,72,903
996,LONG,080d64635467618f7c72ad4098ac304c488cdd3f84c2bb15cfd873e61cd73730,"[432, 3662]","['MEAN_REVERSION', 'TREND']",0.029574986547231674,0.02171512381267212,1166,63,0.1111111111111111,1,1,9,0.029574986547231674,24751,-0.34660521149635315,1,0.029574986547231674,72,904
153,LONG,7118281114e216de1a7cdd10f0bf2c7c0b85e6162a0b3a189a0c35ac0e130e28,"[438, 590]",['MEAN_REVERSION'],0.0285871010273695,0.0235473815310303,1587,63,0.2222222222222222,2,2,9,0.014929354016203433,25243,-0.3229369521141052,1,0.0285871010273695,73,905
695,LONG,c02a72a36c2c76b9ad2f2ad1cf208ba6ffaafe0f1756a7f7876f9777a4eca7a4,"[3798, 2572]","['MARKET_REGIME_STRUCTURE', 'MOMENTUM', 'TREND', 'VOLATILITY', 'VOLUME_LIQUIDITY']",0.0293550044298172,-0.0030609993514242387,186,63,0.2222222222222222,2,2,9,0.01651166519150138,2216,-0.5026589632034302,0,0.0293550044298172,73,906
712,LONG,2772c0b49825a605253c753b604f5980d20911b76be9e0da80f5a703c6d0ffb4,"[626, 3952]",['VOLATILITY'],0.028073515743017197,0.023478022208476616,1584,63,0.2222222222222222,2,2,9,0.014528813364449888,187288,-0.30096951127052307,1,0.028073515743017197,74,907
522,LONG,43dc7fdb60f9ea50f1ef9f83584fb16934946c4b2299e608f89b5934a780dfff,"[164, 1008]","['BREAKOUT', 'MOMENTUM']",0.0284946970641613,0.021967423226182368,1321,63,0.2222222222222222,2,2,9,0.0152628174982965,111237,-0.34696000814437866,1,0.0284946970641613,74,908
422,LONG,5314f3ff3ca32a3381bf8dca30bdd8223885dd342c2db65692daa1ef18538aba,"[2376, 1970]","['MEAN_REVERSION', 'MOMENTUM', 'RELATIVE_CROSS_SECTIONAL', 'VOLATILITY']",0.029348518699407578,-0.026802226683986678,104,63,0.2222222222222222,1,2,9,0.01495685093686916,220,-0.5082072019577026,0,0.029348518699407578,74,909
138,LONG,e526fa9c85cd381e56ea8f362888fb2f4f99641c20239575346a44e33f3b2a6b,"[2488, 3010]","['MARKET_REGIME_STRUCTURE', 'VOLATILITY', 'VOLUME_LIQUIDITY']",0.028238682076334953,0.022929631811974112,1550,63,0.1111111111111111,1,1,9,0.028238682076334953,28565,-0.2982138395309448,1,0.028238682076334953,74,910
346,LONG,e919adc40e89a5c78bcbd6cf0a0b54c405082b989bcdf7a1924cc3a48f637450,"[772, 2236]","['BREAKOUT', 'MOMENTUM', 'VOLATILITY']",0.02900104597210884,-0.004594790185233975,188,63,0.1111111111111111,1,1,9,0.02900104597210884,380,-0.42793017625808716,0,0.02900104597210884,74,911
229,LONG,01c6600895bb14dacba035d9216b951c47039548f5e007ea3adffbdcd28ae8f1,"[2906, 638]","['MARKET_REGIME_STRUCTURE', 'RELATIVE_CROSS_SECTIONAL', 'VOLATILITY']",0.026883453130722046,0.022596008706249088,1577,63,0.2222222222222222,2,2,9,0.014238135889172554,143426,-0.3252156674861908,2,0.026883453130722046,75,912
714,LONG,794bc0983a6d6ed4b18d514d772686fb926bd393fb54ea543adf7fae7c1f727d,"[1272, 3476]","['BREAKOUT', 'MEAN_REVERSION', 'VOLUME_LIQUIDITY']",0.028456974774599075,0.019632896363077232,851,63,0.2222222222222222,2,2,9,0.015759936650283635,12937,-0.33559462428092957,1,0.028456974774599075,75,913
825,LONG,d9005ad33ded0a0f7be3c71b2e8d8248b248d778831a2fb7ef1aec65ac243fea,"[772, 1544]","['BREAKOUT', 'MOMENTUM']",0.028252972289919853,0.02036283354211508,1049,63,0.1111111111111111,1,1,9,0.028252972289919853,8245,-0.2640461027622223,1,0.028252972289919853,75,914
236,LONG,86028ade0d658a880ce7113db275a6fe72ac6ddb8e88b28dcadbf4a6a999d0ed,"[310, 1392]",['BREAKOUT'],0.0246718879789114,0.021312416316478833,1453,63,0.2222222222222222,2,2,9,0.01296528015518561,134158,-0.2614365816116333,2,0.0246718879789114,76,915
189,LONG,d7ad050577e5ddacfe5a209891fbcf1eec4fb0cd34e2632d63533f1fe738304c,"[638, 2272]","['RELATIVE_CROSS_SECTIONAL', 'VOLATILITY']",0.025774436071515083,0.020291181922918396,1564,63,0.2222222222222222,2,2,9,0.013577740523032844,65389,-0.3092523217201233,1,0.025774436071515083,76,916
484,LONG,9537f19cc599c2107ee0f00f59239149956bdce8e3307bbf5e6678c1f31fbe8d,"[1036, 3328]","['MOMENTUM', 'VOLATILITY']",0.027811750769615173,0.016531970927413334,1090,63,0.2222222222222222,2,2,9,0.014634305494837463,28211,-0.3671208322048187,1,0.027811750769615173,76,917
493,LONG,c106ae582839f1ac4ebe01ceaf09a6bb324488477cf5a39a4487701d06532012,"[2412, 540]","['MEAN_REVERSION', 'MOMENTUM', 'RELATIVE_CROSS_SECTIONAL', 'VOLUME_LIQUIDITY']",0.028402253985404968,0.013444505591145657,494,63,0.2222222222222222,2,2,9,0.014235663184081204,1359,-0.3884808421134949,1,0.028402253985404968,76,918
569,LONG,26ea79941a30936a83374ed6d09465135a48c7758a94899f6cbd395ea538d9e9,"[1610, 1398]","['MARKET_REGIME_STRUCTURE', 'TREND', 'VOLUME_LIQUIDITY']",0.027322132140398026,0.017077849140374857,668,63,0.1111111111111111,1,1,9,0.027322132140398026,2557,-0.2551532983779907,1,0.027322132140398026,76,919
707,LONG,4487b006e721458d2705e7ff15d7d72570339c44f37951863aac4c8673575dc4,"[638, 3476]",['RELATIVE_CROSS_SECTIONAL'],0.025404492393136024,0.020131023096391445,1513,63,0.2222222222222222,2,2,9,0.012801275013771374,61457,-0.28401073813438416,1,0.025404492393136024,77,920
914,LONG,11d07ba728be8b773e7e342e993fb63ff0f38c3c328020aba43e5cf53208a634,"[3012, 2254]","['RELATIVE_CROSS_SECTIONAL', 'TREND', 'VOLUME_LIQUIDITY']",0.02571062743663788,0.018430531667454595,1309,63,0.2222222222222222,2,2,9,0.014236993505619466,20516,-0.32386720180511475,1,0.02571062743663788,77,921
360,LONG,f8352cc1695c82efb932557ee2278d226983a212b92aee8e8a93d997ca4a02d8,"[1036, 540]","['MOMENTUM', 'VOLATILITY', 'VOLUME_LIQUIDITY']",0.02600857987999916,0.016233527970165362,962,63,0.2222222222222222,2,2,9,0.013990068924613297,8008,-0.3236861824989319,1,0.02600857987999916,77,922
1134,LONG,bdc74f93e80e502cdc97f8f3ae3cf9c0d3b24b736eb45e241e12d85da878c35d,"[854, 1044]","['MEAN_REVERSION', 'MOMENTUM', 'TREND']",0.026700802147388458,0.013392651778390973,531,63,0.1111111111111111,1,1,9,0.026700802147388458,2451,-0.28389057517051697,1,0.026700802147388458,77,923
143,LONG,788fd0dc28d2fd5b06b19a035490e75226defdab2481c1e4dd08a769d48a33b1,"[798, 3912]","['BREAKOUT', 'MOMENTUM', 'VOLUME_LIQUIDITY']",0.027338901534676552,0.00788454359646332,247,63,0.1111111111111111,1,1,9,0.027338901534676552,413,-0.3229522407054901,1,0.027338901534676552,77,924
504,LONG,8865014e166ae7e7e0080873ca0e52e55469aecff76f0a5b306a19a107a03184,"[766, 3484]","['BREAKOUT', 'MOMENTUM', 'VOLATILITY']",0.02749462053179741,-0.012948486956225753,128,63,0.1111111111111111,1,1,9,0.02749462053179741,316,-0.4889172613620758,0,0.02749462053179741,77,925
140,LONG,73fbd374375896d7c9962e9a42421153e374c1cebb745280af70a327217f1c69,"[48, 2642]",['TREND'],0.023137832060456276,0.019043603791004095,1570,63,0.2222222222222222,2,2,9,0.011600452715356369,125508,-0.3026754856109619,1,0.023137832060456276,78,926
421,LONG,68953be7c2d9c4c185a9f5caf9c633fe95eaae6065a593644357ce1df8c0eb6a,"[646, 3912]","['MARKET_REGIME_STRUCTURE', 'VOLATILITY']",0.02462579496204853,0.018934794556368584,1304,63,0.2222222222222222,2,2,9,0.012789036554750055,33653,-0.2717152535915375,1,0.02462579496204853,78,927
1078,LONG,9d365b4baa393aa0049af643158edec3b3616851ac3a9541655f2042fa3bf2f2,"[624, 2488]","['RELATIVE_CROSS_SECTIONAL', 'VOLATILITY']",0.024629125371575356,0.01768128952946122,1263,63,0.2222222222222222,2,2,9,0.012351872133876896,35877,-0.3242124319076538,1,0.024629125371575356,78,928
519,LONG,c09d77a17093ca742066a9ccce9e83924c7b52be8a46c121dab556ef96eb1d1c,"[3798, 1576]","['MARKET_REGIME_STRUCTURE', 'MOMENTUM', 'TREND', 'VOLATILITY', 'VOLUME_LIQUIDITY']",0.024677932262420654,0.01583130575255056,856,63,0.1111111111111111,1,1,9,0.024677932262420654,13231,-0.3024998903274536,1,0.024677932262420654,78,929
477,LONG,d17c4f6a8adf707ce6faa0170ab6d0e46c14661afebb2ea571d9a7a1de931e02,"[2962, 3656]","['MEAN_REVERSION', 'RELATIVE_CROSS_SECTIONAL', 'TREND', 'VOLATILITY']",0.0264135729521513,0.0008950015266227622,317,63,0.1111111111111111,1,1,9,0.0264135729521513,1233,-0.40430545806884766,1,0.0264135729521513,78,930
22,LONG,cbd533cc62b4b108a76b1a3eec7292bf9cab8f7a7c1c0d3957273fd197c438d5,"[646, 1490]",['VOLATILITY'],0.021782968193292618,0.018674477669118138,1481,63,0.2222222222222222,2,2,9,0.010900500118623313,260979,-0.25449496507644653,1,0.021782968193292618,79,931
775,LONG,390517d9a10e26da3e192cb057836ebff082a735fd5198a26596bdab8d313849,"[1798, 3002]","['MARKET_REGIME_STRUCTURE', 'VOLATILITY']",0.02273089811205864,0.01813323291838289,1477,63,0.2222222222222222,2,2,9,0.011760006280383095,93306,-0.2991054356098175,1,0.02273089811205864,79,932
175,LONG,fc34b8693b7aa0ae302500405a5f9a4429249ba81a3f15866760379977e4a22a,"[1544, 3656]","['RELATIVE_CROSS_SECTIONAL', 'TREND', 'VOLATILITY']",0.02282634563744068,0.007494900803317285,451,63,0.2222222222222222,2,2,9,0.011575559547054581,8864,-0.31415149569511414,1,0.02282634563744068,79,933
506,LONG,6398d6fd7a0fbc0b832d8ae45b9d8c02a6b3091372dc6be4a958ac16565f5be5,"[1120, 2358]","['MARKET_REGIME_STRUCTURE', 'MOMENTUM', 'RELATIVE_CROSS_SECTIONAL']",0.024497276172041893,-0.010689278165504058,301,63,0.2222222222222222,1,2,9,0.012417090911185369,3909,-0.5976240038871765,0,0.024497276172041893,79,934
606,LONG,86aec412bb384ef6f8ae63e8c3be1b7d08c58cd86b2b927f64874021903afa14,"[312, 772]",['BREAKOUT'],0.02418581023812294,0.01886122110906186,1509,63,0.1111111111111111,1,1,9,0.02418581023812294,15823,-0.2724800109863281,1,0.02418581023812294,79,935
1117,LONG,d44858f78098e5b57ad5f246e4147e423639abec91f7146a9a29f31cca917a78,"[2720, 2642]","['MARKET_REGIME_STRUCTURE', 'RELATIVE_CROSS_SECTIONAL', 'TREND']",0.0223454050719738,0.016431763982071225,1464,63,0.2222222222222222,2,2,9,0.01125880931795109,42481,-0.3138614892959595,1,0.0223454050719738,80,936
277,LONG,428596b5c36064a530e6cad99e369887bd8c4a9e6b1c21fe661978830ee6ec9a,"[1392, 2376]","['BREAKOUT', 'RELATIVE_CROSS_SECTIONAL', 'VOLUME_LIQUIDITY']",0.02238880656659603,0.008777524223367078,433,63,0.2222222222222222,2,2,9,0.012684671324677765,1338,-0.31359899044036865,1,0.02238880656659603,80,937
841,LONG,01538546f28a7ea0eac68055b6d0ad83e773aef9380b64477d0dd1d3d64dd6ba,"[2872, 954]","['BREAKOUT', 'RELATIVE_CROSS_SECTIONAL', 'VOLATILITY', 'VOLUME_LIQUIDITY']",0.02332320436835289,0.01868339131417377,1367,63,0.1111111111111111,1,1,9,0.02332320436835289,12938,-0.26976045966148376,1,0.02332320436835289,80,938
784,LONG,52ff8f71963cffb634114a44fb511b9d076f3aa222b98adc9926e5782261aa32,"[3798, 4298]","['MARKET_REGIME_STRUCTURE', 'MOMENTUM', 'TREND', 'VOLUME_LIQUIDITY']",0.024045266211032867,0.017965471409908593,1076,63,0.1111111111111111,1,1,9,0.024045266211032867,61112,-0.3036595582962036,1,0.024045266211032867,80,939
554,LONG,440bae36383b37469013b1b2785320807c99c2fb867d24336702581fac5574c0,"[1018, 2182]","['MARKET_REGIME_STRUCTURE', 'MEAN_REVERSION']",0.021671505644917488,0.015155494268010324,1551,63,0.2222222222222222,2,2,9,0.011273462761892006,20676,-0.34952855110168457,1,0.021671505644917488,81,940
139,LONG,055e4967ce1521db4edb659ac7418b7eb87b98ffaf581a88ae7221e876064b62,"[2124, 3202]","['BREAKOUT', 'MARKET_REGIME_STRUCTURE', 'MOMENTUM', 'RELATIVE_CROSS_SECTIONAL']",0.023701021447777748,0.01748454915819108,1127,63,0.1111111111111111,1,1,9,0.023701021447777748,30958,-0.27273738384246826,1,0.023701021447777748,81,941
977,LONG,f8e44d22b145e788ef2c3bbeaea0ec96e58ad1b542f4c17c20bb5a4de111cff0,"[898, 3874]","['MOMENTUM', 'TREND', 'VOLUME_LIQUIDITY']",0.024006374180316925,0.007509950955242241,281,63,0.1111111111111111,1,1,9,0.024006374180316925,1612,-0.3341349959373474,1,0.024006374180316925,81,942
540,LONG,49868394a291386ec0ca5f56b3c5b4525b3a51bc706e5b0ed675421a7fde409c,"[946, 2733]","['MEAN_REVERSION', 'MOMENTUM', 'TREND', 'VOLATILITY']",0.007988456636667252,-0.05913290250544792,109,63,0.2222222222222222,2,2,9,0.006301130633801222,328,-0.6150572299957275,0,0.007988456636667252,82,943
1054,LONG,8ddd7a34a0b32eef3f3b303e40ef8de527d04ecb14aeb69b186c72a72306c692,"[3328, 2770]","['BREAKOUT', 'MOMENTUM', 'TREND', 'VOLATILITY', 'VOLUME_LIQUIDITY']",0.01787218451499939,-0.019357505976886118,133,63,0.2222222222222222,1,2,9,0.00896127447776962,351,-0.43079981207847595,0,0.01787218451499939,82,944
776,LONG,9c2538f51d5860e099a66c3290c4240f9bed13b8528d7bf14d22d3d001d84dbc,"[1294, 3476]","['BREAKOUT', 'MEAN_REVERSION', 'RELATIVE_CROSS_SECTIONAL']",0.02299547754228115,0.016715462906939975,1045,63,0.1111111111111111,1,1,9,0.02299547754228115,3004,-0.2509167790412903,1,0.02299547754228115,82,945
489,LONG,fc4348015adf12e901739e8ffb0b065ddcbb88bde6956e0e9e0bc08c82981489,"[2642, 330]","['BREAKOUT', 'RELATIVE_CROSS_SECTIONAL', 'TREND', 'VOLATILITY']",0.02304946817457676,0.0029709244295643804,334,63,0.1111111111111111,1,1,9,0.02304946817457676,2153,-0.3865644931793213,1,0.02304946817457676,82,946
1017,LONG,74c965adca05ebbf0819326ba3d7bef80f1b8acf4da48762736ba19afdb07654,"[540, 3476]","['MEAN_REVERSION', 'VOLUME_LIQUIDITY']",0.02011149562895298,0.016633900047156827,1497,63,0.1111111111111111,1,1,9,0.02011149562895298,25846,-0.24221865832805634,1,0.02011149562895298,83,947
234,LONG,4132d2de0c69837a54b824edb33374ce8780b5ca5d4320ffc2d91c4289a8e281,"[772, 1550]","['BREAKOUT', 'MOMENTUM', 'VOLATILITY']",0.022493897005915642,0.01152409082510353,609,63,0.1111111111111111,1,1,9,0.022493897005915642,2014,-0.2817026972770691,1,0.022493897005915642,83,948
317,LONG,23e5da6bb969ac34d4c4293203b2795957a8c59a352e95c5701810fd5a3919b3,"[1878, 1392]","['BREAKOUT', 'MOMENTUM', 'VOLATILITY']",0.02297021634876728,-0.007895378514490372,210,63,0.1111111111111111,1,1,9,0.02297021634876728,1636,-0.3836822211742401,0,0.02297021634876728,83,949
672,LONG,c8c50a91e21f03e679573074ac01ee5c8edea033949c9ff9ac8206757d9811ee,"[2340, 646]","['MEAN_REVERSION', 'MOMENTUM', 'VOLATILITY', 'VOLUME_LIQUIDITY']",0.019459698349237442,0.012856576401672629,1117,63,0.1111111111111111,1,1,9,0.019459698349237442,9283,-0.2769113779067993,1,0.019459698349237442,84,950
743,LONG,707edc32a2bdd279cc0130a6932cbfd0f55b4e966f70a876f557e747c7f7aeeb,"[3286, 3798]","['BREAKOUT', 'MEAN_REVERSION', 'MOMENTUM', 'RELATIVE_CROSS_SECTIONAL', 'TREND']",0.021396584808826447,0.009832299024279517,666,63,0.1111111111111111,1,1,9,0.021396584808826447,4344,-0.3707558214664459,1,0.021396584808826447,84,951
613,LONG,6e08da2860b8a010646d397639acd4492360687dceabbfb1a79d5875bc11343d,"[1544, 426]","['RELATIVE_CROSS_SECTIONAL', 'TREND', 'VOLATILITY']",0.021560953930020332,0.008098450059981591,443,63,0.1111111111111111,1,1,9,0.021560953930020332,12397,-0.3695811629295349,1,0.021560953930020332,84,952
381,LONG,ccb7f31bb3ded2a47b9f347841b478f96d5e48fb4d4df2e5b823d9f3e811410b,"[3656, 394]","['MEAN_REVERSION', 'MOMENTUM', 'VOLATILITY', 'VOLUME_LIQUIDITY']",0.021173810586333275,0.005185003223662214,482,63,0.1111111111111111,1,1,9,0.021173810586333275,2382,-0.4031115770339966,1,0.021173810586333275,85,953
329,LONG,c8a40907c971ad1f9d0d5c950bbd1fa2682b1f7cf35cfa47b747ed717b4ec8de,"[1432, 1532]","['BREAKOUT', 'MARKET_REGIME_STRUCTURE', 'RELATIVE_CROSS_SECTIONAL', 'TREND']",0.021545711904764175,-0.004028281966247035,172,63,0.1111111111111111,1,1,9,0.021545711904764175,235,-0.39479196071624756,0,0.021545711904764175,85,954
197,LONG,32825425d4955343bdf81db2f0a78aa60c1fc4e100638702a37b7c02726d967e,"[1970, 858]","['BREAKOUT', 'MEAN_REVERSION', 'MOMENTUM', 'VOLUME_LIQUIDITY']",0.017304636538028717,0.004425222426211245,652,63,0.1111111111111111,1,1,9,0.017304636538028717,1872,-0.39123615622520447,1,0.017304636538028717,86,955
218,LONG,ad422630cf9bbbce73694be51ac37d12e62fe2871836a43f5a40ca63c26927a7,"[394, 330]","['BREAKOUT', 'RELATIVE_CROSS_SECTIONAL']",0.017991749569773674,0.00439514436571479,436,63,0.1111111111111111,1,1,9,0.017991749569773674,8425,-0.3245576322078705,1,0.017991749569773674,86,956
1119,LONG,d9eef7065122a1587818c4462dd03c4855577ffd25ae7aaa70a6840cb6631c33,"[1432, 1544]","['BREAKOUT', 'MARKET_REGIME_STRUCTURE', 'RELATIVE_CROSS_SECTIONAL']",0.01971227303147316,-0.0014007771960609962,202,63,0.1111111111111111,1,1,9,0.01971227303147316,339,-0.3647410273551941,0,0.01971227303147316,86,957
68,LONG,089c10bea70ce3d50ed7f7a31ef8ce6118a3a87766e6f6523f8f022fccb6f41f,"[4078, 330]","['BREAKOUT', 'RELATIVE_CROSS_SECTIONAL', 'TREND', 'VOLUME_LIQUIDITY']",0.01429849024862051,0.0033700639283115105,653,63,0.1111111111111111,1,1,9,0.01429849024862051,5965,-0.2622990608215332,1,0.01429849024862051,87,958
1033,LONG,5d3cc8b07a0f90e8f89a5f745dbb1b74e93a974f7e5f1901799b910f42ed14fb,"[3656, 184]","['MEAN_REVERSION', 'MOMENTUM', 'TREND', 'VOLATILITY', 'VOLUME_LIQUIDITY']",0.0171508751809597,0.001183484786675102,428,63,0.1111111111111111,1,1,9,0.0171508751809597,1720,-0.40410932898521423,1,0.0171508751809597,87,959
439,LONG,34e917602753f28b9170a55080fd23f862167ff621dd016c880769417fc79e86,"[2508, 3572]","['MARKET_REGIME_STRUCTURE', 'MOMENTUM', 'RELATIVE_CROSS_SECTIONAL', 'VOLATILITY']",0.019478287547826767,-0.0056101911878301235,245,63,0.1111111111111111,1,1,9,0.019478287547826767,1310,-0.2929522395133972,0,0.019478287547826767,87,960
3,LONG,a3fae364c3143215ad0006e4cd49301918d1b5d2c955d899f4a2433854030b95,"[1734, 4174]","['MARKET_REGIME_STRUCTURE', 'MEAN_REVERSION', 'VOLUME_LIQUIDITY']",0.014757150784134865,-0.0004120513698198467,482,63,0.1111111111111111,1,1,9,0.014757150784134865,1366,-0.3272537887096405,0,0.014757150784134865,88,961
179,LONG,3dbb738c8cbbb17e556b6e4fed4ce1504be0e2011451f871489f5138ab6a6afc,"[3656, 2982]","['MEAN_REVERSION', 'MOMENTUM', 'TREND', 'VOLATILITY', 'VOLUME_LIQUIDITY']",0.010336615145206451,-0.0051057099856639376,471,63,0.1111111111111111,1,1,9,0.010336615145206451,2214,-0.40785396099090576,0,0.010336615145206451,89,962
193,LONG,f58f6dc7353664966f0f4b5181255462f5a7c8c375985b996439d17a57e4c0ab,"[1036, 2356]","['MOMENTUM', 'VOLATILITY', 'VOLUME_LIQUIDITY']",0.010990085080265999,-0.014279410021097491,151,63,0.1111111111111111,1,1,9,0.010990085080265999,2767,-0.31865406036376953,0,0.010990085080265999,89,963
444,LONG,3861558d576350de504460b3c11030048909e292044b295621411439a3ac21c9,"[858, 2992]","['MEAN_REVERSION', 'MOMENTUM']",0.003857861738651991,-0.028581872965958398,284,63,0.1111111111111111,1,1,9,0.003857861738651991,1611,-0.4933903217315674,0,0.003857861738651991,90,964
24,SHORT,5968baa4b5c9b05209fa517be657cc00193122f625edb1e917bce789b0538529,"[2733, 3158]","['BREAKOUT', 'MARKET_REGIME_STRUCTURE', 'RELATIVE_CROSS_SECTIONAL', 'TREND']",-0.005923395045101643,-0.008673890720440069,484,3,0.0,0,0,9,0,2891,-0.16489604115486145,0,-0.09148947149515152,90,965
436,LONG,a394a6f615f3727af24bb3b7cc352ae33d08015e486a7b2fb7026e1e2e45e90e,"[1348, 646]","['BREAKOUT', 'RELATIVE_CROSS_SECTIONAL', 'VOLATILITY']",0.0015724902041256428,-0.030619794239343183,88,63,0.1111111111111111,1,1,9,0.0015724902041256428,554,-0.37508624792099,0,0.0015724902041256428,91,966
494,SHORT,eaf4b04713b450a2621193eb6089e7de1a3627a217671da8af3edadbae33cdd0,"[2733, 164]","['BREAKOUT', 'MARKET_REGIME_STRUCTURE', 'TREND']",-0.009359768591821194,-0.009800381937507478,1527,2,0.0,0,0,9,0,21166,-0.0793834999203682,0,-0.04815369471907616,91,967
647,SHORT,091bcdd2b0e82ccd43c4f1c0d860f1bbb4f42db5254ea26d974f033485aa18ee,"[2733, 992]","['BREAKOUT', 'MARKET_REGIME_STRUCTURE', 'RELATIVE_CROSS_SECTIONAL', 'TREND']",-0.008396891877055168,-0.01019626382181842,214,1,0.0,0,0,9,0,1176,-0.09260595589876175,0,-0.09750498831272125,91,968
899,SHORT,89b631351c89fd68dd40e90d685c986186a6134378d52fc0888f1bbc54e70d25,"[2733, 184]","['BREAKOUT', 'MARKET_REGIME_STRUCTURE', 'RELATIVE_CROSS_SECTIONAL']",-0.007250381167978048,-0.01146376452395708,323,3,0.0,0,0,9,0,2101,-0.17125734686851501,0,-0.09990392625331879,91,969
796,SHORT,b42132e3e4a9dd7bcb1448f7ad5e6d4a57ca5ec3d4f1ef620bfcbedfe5738718,"[2733, 2770]","['MARKET_REGIME_STRUCTURE', 'RELATIVE_CROSS_SECTIONAL', 'TREND']",-0.009611539542675018,-0.010251895438533762,545,1,0.0,0,0,9,0,3646,-0.062224097549915314,0,-0.053816862404346466,92,970
247,SHORT,1332f360f805921d446919599b43acf7e7b090150a4be6ab3531e348e8118214,"[2733, 3662]","['BREAKOUT', 'RELATIVE_CROSS_SECTIONAL', 'TREND']",-0.010346287861466408,-0.011121303931737946,396,1,0.0,0,0,9,0,4723,-0.0867161825299263,0,-0.07907707989215851,93,971
578,LONG,fd505f1ec677a61da78ba322b07dbf547202cb5c20ba3b39b82ba99f591408ad,"[1034, 2356]","['MOMENTUM', 'VOLUME_LIQUIDITY']",-0.01000045333057642,-0.011599637911472534,93,1,0.0,0,0,9,0,1914,-0.0887739285826683,0,-0.0460844524204731,93,972
457,SHORT,8971fdc10984337832e1aab8d5a39a6ec9f86465bb3a353654fb60019adab678,"[2733, 2286]","['BREAKOUT', 'MARKET_REGIME_STRUCTURE', 'TREND']",-0.010892539285123348,-0.011475797708452192,431,1,0.0,0,0,9,0,9765,-0.09156870096921921,0,-0.11046667397022247,94,973
