bank_seed_id,source_id,measurement_name,family,source,definition_or_description,input_requirements,units,implementation_status,implementation_module,formula_version,validation_status,computational_cost,availability,calculation_policy,temporal_scope,analytical_role,decision_eligibility,objectivity,calibration_state,bank_note
DCL-SEED-0001,E08-IMP-0001,return_close,PRICE_RETURN,LEGACY_ENGINE08,"Price, return, gap, or price-location measurement",OHLCV,ratio,IMPLEMENTED,src/indicators.py,0.1,SMOKE_TESTED,LOW_TO_MEDIUM,AVAILABLE_NOW,BASELINE,CONTEMPORANEOUS,CONTEMPORANEOUS_FACT,INPUT_ELIGIBLE,OBJECTIVE_DETERMINISTIC,CALIBRATION_ACTIVE,Keep as a deterministic Data-Intake measurement with governed formula/version and provenance.
DCL-SEED-0002,E08-IMP-0002,return_log,PRICE_RETURN,LEGACY_ENGINE08,"Price, return, gap, or price-location measurement",OHLCV,ratio,IMPLEMENTED,src/indicators.py,0.1,SMOKE_TESTED,LOW_TO_MEDIUM,AVAILABLE_NOW,BASELINE,CONTEMPORANEOUS,CONTEMPORANEOUS_FACT,INPUT_ELIGIBLE,OBJECTIVE_DETERMINISTIC,CALIBRATION_ACTIVE,Keep as a deterministic Data-Intake measurement with governed formula/version and provenance.
DCL-SEED-0003,E08-IMP-0003,return_intraday,PRICE_RETURN,LEGACY_ENGINE08,"Price, return, gap, or price-location measurement",OHLCV,ratio,IMPLEMENTED,src/indicators.py,0.1,SMOKE_TESTED,LOW_TO_MEDIUM,AVAILABLE_NOW,BASELINE,CONTEMPORANEOUS,CONTEMPORANEOUS_FACT,INPUT_ELIGIBLE,OBJECTIVE_DETERMINISTIC,CALIBRATION_ACTIVE,Keep as a deterministic Data-Intake measurement with governed formula/version and provenance.
DCL-SEED-0004,E08-IMP-0004,return_overnight,PRICE_RETURN,LEGACY_ENGINE08,"Price, return, gap, or price-location measurement",OHLCV,ratio,IMPLEMENTED,src/indicators.py,0.1,SMOKE_TESTED,LOW_TO_MEDIUM,AVAILABLE_NOW,BASELINE,CONTEMPORANEOUS,CONTEMPORANEOUS_FACT,INPUT_ELIGIBLE,OBJECTIVE_DETERMINISTIC,CALIBRATION_ACTIVE,Keep as a deterministic Data-Intake measurement with governed formula/version and provenance.
DCL-SEED-0005,E08-IMP-0005,gap_pct,PRICE_RETURN,LEGACY_ENGINE08,"Price, return, gap, or price-location measurement",OHLCV,ratio,IMPLEMENTED,src/indicators.py,0.1,SMOKE_TESTED,LOW_TO_MEDIUM,AVAILABLE_NOW,BASELINE,CONTEMPORANEOUS,CONTEMPORANEOUS_FACT,INPUT_ELIGIBLE,OBJECTIVE_DETERMINISTIC,CALIBRATION_ACTIVE,Keep as a deterministic Data-Intake measurement with governed formula/version and provenance.
DCL-SEED-0006,E08-IMP-0006,bar_range,CANDLE_GEOMETRY,LEGACY_ENGINE08,Single-bar or adjacent-bar geometric measurement,OHLCV,price_or_price_derived,IMPLEMENTED,src/indicators.py,0.1,SMOKE_TESTED,LOW_TO_MEDIUM,AVAILABLE_NOW,BASELINE,CONTEMPORANEOUS,CONTEMPORANEOUS_FACT,INPUT_ELIGIBLE,OBJECTIVE_DETERMINISTIC,CALIBRATION_ACTIVE,Keep as a deterministic Data-Intake measurement with governed formula/version and provenance.
DCL-SEED-0007,E08-IMP-0007,bar_range_pct,CANDLE_GEOMETRY,LEGACY_ENGINE08,Single-bar or adjacent-bar geometric measurement,OHLCV,ratio,IMPLEMENTED,src/indicators.py,0.1,SMOKE_TESTED,LOW_TO_MEDIUM,AVAILABLE_NOW,BASELINE,CONTEMPORANEOUS,CONTEMPORANEOUS_FACT,INPUT_ELIGIBLE,OBJECTIVE_DETERMINISTIC,CALIBRATION_ACTIVE,Keep as a deterministic Data-Intake measurement with governed formula/version and provenance.
DCL-SEED-0008,E08-IMP-0008,body,CANDLE_GEOMETRY,LEGACY_ENGINE08,Single-bar or adjacent-bar geometric measurement,OHLCV,price_or_price_derived,IMPLEMENTED,src/indicators.py,0.1,SMOKE_TESTED,LOW_TO_MEDIUM,AVAILABLE_NOW,BASELINE,CONTEMPORANEOUS,CONTEMPORANEOUS_FACT,INPUT_ELIGIBLE,OBJECTIVE_DETERMINISTIC,CALIBRATION_ACTIVE,Keep as a deterministic Data-Intake measurement with governed formula/version and provenance.
DCL-SEED-0009,E08-IMP-0009,body_abs,CANDLE_GEOMETRY,LEGACY_ENGINE08,Single-bar or adjacent-bar geometric measurement,OHLCV,price_or_price_derived,IMPLEMENTED,src/indicators.py,0.1,SMOKE_TESTED,LOW_TO_MEDIUM,AVAILABLE_NOW,BASELINE,CONTEMPORANEOUS,CONTEMPORANEOUS_FACT,INPUT_ELIGIBLE,OBJECTIVE_DETERMINISTIC,CALIBRATION_ACTIVE,Keep as a deterministic Data-Intake measurement with governed formula/version and provenance.
DCL-SEED-0010,E08-IMP-0010,body_pct,CANDLE_GEOMETRY,LEGACY_ENGINE08,Single-bar or adjacent-bar geometric measurement,OHLCV,ratio,IMPLEMENTED,src/indicators.py,0.1,SMOKE_TESTED,LOW_TO_MEDIUM,AVAILABLE_NOW,BASELINE,CONTEMPORANEOUS,CONTEMPORANEOUS_FACT,INPUT_ELIGIBLE,OBJECTIVE_DETERMINISTIC,CALIBRATION_ACTIVE,Keep as a deterministic Data-Intake measurement with governed formula/version and provenance.
DCL-SEED-0011,E08-IMP-0011,upper_wick,CANDLE_GEOMETRY,LEGACY_ENGINE08,Single-bar or adjacent-bar geometric measurement,OHLCV,price_or_price_derived,IMPLEMENTED,src/indicators.py,0.1,SMOKE_TESTED,LOW_TO_MEDIUM,AVAILABLE_NOW,BASELINE,CONTEMPORANEOUS,CONTEMPORANEOUS_FACT,INPUT_ELIGIBLE,OBJECTIVE_DETERMINISTIC,CALIBRATION_ACTIVE,Keep as a deterministic Data-Intake measurement with governed formula/version and provenance.
DCL-SEED-0012,E08-IMP-0012,lower_wick,PRICE_RETURN,LEGACY_ENGINE08,"Price, return, gap, or price-location measurement",OHLCV,binary,IMPLEMENTED,src/indicators.py,0.1,SMOKE_TESTED,LOW_TO_MEDIUM,AVAILABLE_NOW,BASELINE,CONTEMPORANEOUS,CONTEMPORANEOUS_FACT,INPUT_ELIGIBLE,OBJECTIVE_DETERMINISTIC,CALIBRATION_ACTIVE,"Keep calculation; correct legacy metadata to family=CANDLE_GEOMETRY, units=price_or_price_derived."
DCL-SEED-0013,E08-IMP-0013,body_to_range,CANDLE_GEOMETRY,LEGACY_ENGINE08,Single-bar or adjacent-bar geometric measurement,OHLCV,price_or_price_derived,IMPLEMENTED,src/indicators.py,0.1,SMOKE_TESTED,LOW_TO_MEDIUM,AVAILABLE_NOW,BASELINE,CONTEMPORANEOUS,CONTEMPORANEOUS_FACT,INPUT_ELIGIBLE,OBJECTIVE_DETERMINISTIC,CALIBRATION_ACTIVE,Keep as a deterministic Data-Intake measurement with governed formula/version and provenance.
DCL-SEED-0014,E08-IMP-0014,upper_wick_to_range,CANDLE_GEOMETRY,LEGACY_ENGINE08,Single-bar or adjacent-bar geometric measurement,OHLCV,price_or_price_derived,IMPLEMENTED,src/indicators.py,0.1,SMOKE_TESTED,LOW_TO_MEDIUM,AVAILABLE_NOW,BASELINE,CONTEMPORANEOUS,CONTEMPORANEOUS_FACT,INPUT_ELIGIBLE,OBJECTIVE_DETERMINISTIC,CALIBRATION_ACTIVE,Keep as a deterministic Data-Intake measurement with governed formula/version and provenance.
DCL-SEED-0015,E08-IMP-0015,lower_wick_to_range,PRICE_RETURN,LEGACY_ENGINE08,"Price, return, gap, or price-location measurement",OHLCV,binary,IMPLEMENTED,src/indicators.py,0.1,SMOKE_TESTED,LOW_TO_MEDIUM,AVAILABLE_NOW,BASELINE,CONTEMPORANEOUS,CONTEMPORANEOUS_FACT,INPUT_ELIGIBLE,OBJECTIVE_DETERMINISTIC,CALIBRATION_ACTIVE,"Keep calculation; correct legacy metadata to family=CANDLE_GEOMETRY, units=ratio."
DCL-SEED-0016,E08-IMP-0016,close_location,PRICE_RETURN,LEGACY_ENGINE08,"Price, return, gap, or price-location measurement",OHLCV,price_or_price_derived,IMPLEMENTED,src/indicators.py,0.1,SMOKE_TESTED,LOW_TO_MEDIUM,AVAILABLE_NOW,BASELINE,CONTEMPORANEOUS,CONTEMPORANEOUS_FACT,INPUT_ELIGIBLE,OBJECTIVE_DETERMINISTIC,CALIBRATION_ACTIVE,Keep as a deterministic Data-Intake measurement with governed formula/version and provenance.
DCL-SEED-0017,E08-IMP-0017,open_location,PRICE_RETURN,LEGACY_ENGINE08,"Price, return, gap, or price-location measurement",OHLCV,price_or_price_derived,IMPLEMENTED,src/indicators.py,0.1,SMOKE_TESTED,LOW_TO_MEDIUM,AVAILABLE_NOW,BASELINE,CONTEMPORANEOUS,CONTEMPORANEOUS_FACT,INPUT_ELIGIBLE,OBJECTIVE_DETERMINISTIC,CALIBRATION_ACTIVE,Keep as a deterministic Data-Intake measurement with governed formula/version and provenance.
DCL-SEED-0018,E08-IMP-0018,higher_high,PRICE_RETURN,LEGACY_ENGINE08,"Price, return, gap, or price-location measurement",OHLCV,binary,IMPLEMENTED,src/indicators.py,0.1,SMOKE_TESTED,LOW_TO_MEDIUM,AVAILABLE_NOW,BASELINE,CONTEMPORANEOUS,CONTEMPORANEOUS_FACT,INPUT_ELIGIBLE,OBJECTIVE_DETERMINISTIC,CALIBRATION_ACTIVE,Keep as a deterministic Data-Intake measurement with governed formula/version and provenance.
DCL-SEED-0019,E08-IMP-0019,higher_low,PRICE_RETURN,LEGACY_ENGINE08,"Price, return, gap, or price-location measurement",OHLCV,binary,IMPLEMENTED,src/indicators.py,0.1,SMOKE_TESTED,LOW_TO_MEDIUM,AVAILABLE_NOW,BASELINE,CONTEMPORANEOUS,CONTEMPORANEOUS_FACT,INPUT_ELIGIBLE,OBJECTIVE_DETERMINISTIC,CALIBRATION_ACTIVE,Keep as a deterministic Data-Intake measurement with governed formula/version and provenance.
DCL-SEED-0020,E08-IMP-0020,lower_high,PRICE_RETURN,LEGACY_ENGINE08,"Price, return, gap, or price-location measurement",OHLCV,binary,IMPLEMENTED,src/indicators.py,0.1,SMOKE_TESTED,LOW_TO_MEDIUM,AVAILABLE_NOW,BASELINE,CONTEMPORANEOUS,CONTEMPORANEOUS_FACT,INPUT_ELIGIBLE,OBJECTIVE_DETERMINISTIC,CALIBRATION_ACTIVE,Keep as a deterministic Data-Intake measurement with governed formula/version and provenance.
DCL-SEED-0021,E08-IMP-0021,lower_low,PRICE_RETURN,LEGACY_ENGINE08,"Price, return, gap, or price-location measurement",OHLCV,binary,IMPLEMENTED,src/indicators.py,0.1,SMOKE_TESTED,LOW_TO_MEDIUM,AVAILABLE_NOW,BASELINE,CONTEMPORANEOUS,CONTEMPORANEOUS_FACT,INPUT_ELIGIBLE,OBJECTIVE_DETERMINISTIC,CALIBRATION_ACTIVE,Keep as a deterministic Data-Intake measurement with governed formula/version and provenance.
DCL-SEED-0022,E08-IMP-0022,inside_bar,CANDLE_GEOMETRY,LEGACY_ENGINE08,Single-bar or adjacent-bar geometric measurement,OHLCV,binary,IMPLEMENTED,src/indicators.py,0.1,SMOKE_TESTED,LOW_TO_MEDIUM,AVAILABLE_NOW,BASELINE,CONTEMPORANEOUS,CONTEMPORANEOUS_FACT,INPUT_ELIGIBLE,OBJECTIVE_DETERMINISTIC,CALIBRATION_ACTIVE,Keep as a deterministic Data-Intake measurement with governed formula/version and provenance.
DCL-SEED-0023,E08-IMP-0023,outside_bar,CANDLE_GEOMETRY,LEGACY_ENGINE08,Single-bar or adjacent-bar geometric measurement,OHLCV,binary,IMPLEMENTED,src/indicators.py,0.1,SMOKE_TESTED,LOW_TO_MEDIUM,AVAILABLE_NOW,BASELINE,CONTEMPORANEOUS,CONTEMPORANEOUS_FACT,INPUT_ELIGIBLE,OBJECTIVE_DETERMINISTIC,CALIBRATION_ACTIVE,Keep as a deterministic Data-Intake measurement with governed formula/version and provenance.
DCL-SEED-0024,E08-IMP-0024,bullish_engulfing,CANDLE_GEOMETRY,LEGACY_ENGINE08,Single-bar or adjacent-bar geometric measurement,OHLCV,binary,IMPLEMENTED,src/indicators.py,0.1,SMOKE_TESTED,LOW_TO_MEDIUM,AVAILABLE_NOW,BASELINE,CONTEMPORANEOUS,CONTEMPORANEOUS_FACT,INPUT_ELIGIBLE,OBJECTIVE_DETERMINISTIC,CALIBRATION_ACTIVE,Keep as a deterministic Data-Intake measurement with governed formula/version and provenance.
DCL-SEED-0025,E08-IMP-0025,bearish_engulfing,CANDLE_GEOMETRY,LEGACY_ENGINE08,Single-bar or adjacent-bar geometric measurement,OHLCV,binary,IMPLEMENTED,src/indicators.py,0.1,SMOKE_TESTED,LOW_TO_MEDIUM,AVAILABLE_NOW,BASELINE,CONTEMPORANEOUS,CONTEMPORANEOUS_FACT,INPUT_ELIGIBLE,OBJECTIVE_DETERMINISTIC,CALIBRATION_ACTIVE,Keep as a deterministic Data-Intake measurement with governed formula/version and provenance.
DCL-SEED-0026,E08-IMP-0026,range_overlap_prior,CANDLE_GEOMETRY,LEGACY_ENGINE08,Single-bar or adjacent-bar geometric measurement,OHLCV,price_or_price_derived,IMPLEMENTED,src/indicators.py,0.1,SMOKE_TESTED,LOW_TO_MEDIUM,AVAILABLE_NOW,BASELINE,CONTEMPORANEOUS,CONTEMPORANEOUS_FACT,INPUT_ELIGIBLE,OBJECTIVE_DETERMINISTIC,CALIBRATION_ACTIVE,Keep as a deterministic Data-Intake measurement with governed formula/version and provenance.
DCL-SEED-0027,E08-IMP-0027,true_range,VOLATILITY,LEGACY_ENGINE08,"Volatility, range, or dispersion measurement",OHLCV,price_or_price_derived,IMPLEMENTED,src/indicators.py,0.1,SMOKE_TESTED,LOW_TO_MEDIUM,AVAILABLE_NOW,BASELINE,CONTEMPORANEOUS,CONTEMPORANEOUS_FACT,INPUT_ELIGIBLE,OBJECTIVE_DETERMINISTIC,CALIBRATION_ACTIVE,Keep as a deterministic Data-Intake measurement with governed formula/version and provenance.
DCL-SEED-0028,E08-IMP-0028,atr_3,VOLATILITY,LEGACY_ENGINE08,"Volatility, range, or dispersion measurement",OHLCV,price_or_price_derived,IMPLEMENTED,src/indicators.py,0.1,SMOKE_TESTED,LOW_TO_MEDIUM,AVAILABLE_NOW,BASELINE,CONTEMPORANEOUS,CONTEMPORANEOUS_FACT,INPUT_ELIGIBLE,OBJECTIVE_DETERMINISTIC,CALIBRATION_ACTIVE,Keep as a deterministic Data-Intake measurement with governed formula/version and provenance.
DCL-SEED-0029,E08-IMP-0029,atr_pct_3,VOLATILITY,LEGACY_ENGINE08,"Volatility, range, or dispersion measurement",OHLCV,ratio,IMPLEMENTED,src/indicators.py,0.1,SMOKE_TESTED,LOW_TO_MEDIUM,AVAILABLE_NOW,BASELINE,CONTEMPORANEOUS,CONTEMPORANEOUS_FACT,INPUT_ELIGIBLE,OBJECTIVE_DETERMINISTIC,CALIBRATION_ACTIVE,Keep as a deterministic Data-Intake measurement with governed formula/version and provenance.
DCL-SEED-0030,E08-IMP-0030,realized_vol_3,VOLATILITY,LEGACY_ENGINE08,"Volatility, range, or dispersion measurement",OHLCV,dimensionless_or_native,IMPLEMENTED,src/indicators.py,0.1,SMOKE_TESTED,LOW_TO_MEDIUM,AVAILABLE_NOW,BASELINE,CONTEMPORANEOUS,CONTEMPORANEOUS_FACT,INPUT_ELIGIBLE,OBJECTIVE_DETERMINISTIC,CALIBRATION_ACTIVE,Keep as a deterministic Data-Intake measurement with governed formula/version and provenance.
DCL-SEED-0031,E08-IMP-0031,atr_5,VOLATILITY,LEGACY_ENGINE08,"Volatility, range, or dispersion measurement",OHLCV,price_or_price_derived,IMPLEMENTED,src/indicators.py,0.1,SMOKE_TESTED,LOW_TO_MEDIUM,AVAILABLE_NOW,BASELINE,CONTEMPORANEOUS,CONTEMPORANEOUS_FACT,INPUT_ELIGIBLE,OBJECTIVE_DETERMINISTIC,CALIBRATION_ACTIVE,Keep as a deterministic Data-Intake measurement with governed formula/version and provenance.
DCL-SEED-0032,E08-IMP-0032,atr_pct_5,VOLATILITY,LEGACY_ENGINE08,"Volatility, range, or dispersion measurement",OHLCV,ratio,IMPLEMENTED,src/indicators.py,0.1,SMOKE_TESTED,LOW_TO_MEDIUM,AVAILABLE_NOW,BASELINE,CONTEMPORANEOUS,CONTEMPORANEOUS_FACT,INPUT_ELIGIBLE,OBJECTIVE_DETERMINISTIC,CALIBRATION_ACTIVE,Keep as a deterministic Data-Intake measurement with governed formula/version and provenance.
DCL-SEED-0033,E08-IMP-0033,realized_vol_5,VOLATILITY,LEGACY_ENGINE08,"Volatility, range, or dispersion measurement",OHLCV,dimensionless_or_native,IMPLEMENTED,src/indicators.py,0.1,SMOKE_TESTED,LOW_TO_MEDIUM,AVAILABLE_NOW,BASELINE,CONTEMPORANEOUS,CONTEMPORANEOUS_FACT,INPUT_ELIGIBLE,OBJECTIVE_DETERMINISTIC,CALIBRATION_ACTIVE,Keep as a deterministic Data-Intake measurement with governed formula/version and provenance.
DCL-SEED-0034,E08-IMP-0034,atr_10,VOLATILITY,LEGACY_ENGINE08,"Volatility, range, or dispersion measurement",OHLCV,price_or_price_derived,IMPLEMENTED,src/indicators.py,0.1,SMOKE_TESTED,LOW_TO_MEDIUM,AVAILABLE_NOW,BASELINE,CONTEMPORANEOUS,CONTEMPORANEOUS_FACT,INPUT_ELIGIBLE,OBJECTIVE_DETERMINISTIC,CALIBRATION_ACTIVE,Keep as a deterministic Data-Intake measurement with governed formula/version and provenance.
DCL-SEED-0035,E08-IMP-0035,atr_pct_10,VOLATILITY,LEGACY_ENGINE08,"Volatility, range, or dispersion measurement",OHLCV,ratio,IMPLEMENTED,src/indicators.py,0.1,SMOKE_TESTED,LOW_TO_MEDIUM,AVAILABLE_NOW,BASELINE,CONTEMPORANEOUS,CONTEMPORANEOUS_FACT,INPUT_ELIGIBLE,OBJECTIVE_DETERMINISTIC,CALIBRATION_ACTIVE,Keep as a deterministic Data-Intake measurement with governed formula/version and provenance.
DCL-SEED-0036,E08-IMP-0036,realized_vol_10,VOLATILITY,LEGACY_ENGINE08,"Volatility, range, or dispersion measurement",OHLCV,dimensionless_or_native,IMPLEMENTED,src/indicators.py,0.1,SMOKE_TESTED,LOW_TO_MEDIUM,AVAILABLE_NOW,BASELINE,CONTEMPORANEOUS,CONTEMPORANEOUS_FACT,INPUT_ELIGIBLE,OBJECTIVE_DETERMINISTIC,CALIBRATION_ACTIVE,Keep as a deterministic Data-Intake measurement with governed formula/version and provenance.
DCL-SEED-0037,E08-IMP-0037,atr_14,VOLATILITY,LEGACY_ENGINE08,"Volatility, range, or dispersion measurement",OHLCV,price_or_price_derived,IMPLEMENTED,src/indicators.py,0.1,SMOKE_TESTED,LOW_TO_MEDIUM,AVAILABLE_NOW,BASELINE,CONTEMPORANEOUS,CONTEMPORANEOUS_FACT,INPUT_ELIGIBLE,OBJECTIVE_DETERMINISTIC,CALIBRATION_ACTIVE,Keep as a deterministic Data-Intake measurement with governed formula/version and provenance.
DCL-SEED-0038,E08-IMP-0038,atr_pct_14,VOLATILITY,LEGACY_ENGINE08,"Volatility, range, or dispersion measurement",OHLCV,ratio,IMPLEMENTED,src/indicators.py,0.1,SMOKE_TESTED,LOW_TO_MEDIUM,AVAILABLE_NOW,BASELINE,CONTEMPORANEOUS,CONTEMPORANEOUS_FACT,INPUT_ELIGIBLE,OBJECTIVE_DETERMINISTIC,CALIBRATION_ACTIVE,Keep as a deterministic Data-Intake measurement with governed formula/version and provenance.
DCL-SEED-0039,E08-IMP-0039,realized_vol_14,VOLATILITY,LEGACY_ENGINE08,"Volatility, range, or dispersion measurement",OHLCV,dimensionless_or_native,IMPLEMENTED,src/indicators.py,0.1,SMOKE_TESTED,LOW_TO_MEDIUM,AVAILABLE_NOW,BASELINE,CONTEMPORANEOUS,CONTEMPORANEOUS_FACT,INPUT_ELIGIBLE,OBJECTIVE_DETERMINISTIC,CALIBRATION_ACTIVE,Keep as a deterministic Data-Intake measurement with governed formula/version and provenance.
DCL-SEED-0040,E08-IMP-0040,atr_20,VOLATILITY,LEGACY_ENGINE08,"Volatility, range, or dispersion measurement",OHLCV,price_or_price_derived,IMPLEMENTED,src/indicators.py,0.1,SMOKE_TESTED,LOW_TO_MEDIUM,AVAILABLE_NOW,BASELINE,CONTEMPORANEOUS,CONTEMPORANEOUS_FACT,INPUT_ELIGIBLE,OBJECTIVE_DETERMINISTIC,CALIBRATION_ACTIVE,Keep as a deterministic Data-Intake measurement with governed formula/version and provenance.
DCL-SEED-0041,E08-IMP-0041,atr_pct_20,VOLATILITY,LEGACY_ENGINE08,"Volatility, range, or dispersion measurement",OHLCV,ratio,IMPLEMENTED,src/indicators.py,0.1,SMOKE_TESTED,LOW_TO_MEDIUM,AVAILABLE_NOW,BASELINE,CONTEMPORANEOUS,CONTEMPORANEOUS_FACT,INPUT_ELIGIBLE,OBJECTIVE_DETERMINISTIC,CALIBRATION_ACTIVE,Keep as a deterministic Data-Intake measurement with governed formula/version and provenance.
DCL-SEED-0042,E08-IMP-0042,realized_vol_20,VOLATILITY,LEGACY_ENGINE08,"Volatility, range, or dispersion measurement",OHLCV,dimensionless_or_native,IMPLEMENTED,src/indicators.py,0.1,SMOKE_TESTED,LOW_TO_MEDIUM,AVAILABLE_NOW,BASELINE,CONTEMPORANEOUS,CONTEMPORANEOUS_FACT,INPUT_ELIGIBLE,OBJECTIVE_DETERMINISTIC,CALIBRATION_ACTIVE,Keep as a deterministic Data-Intake measurement with governed formula/version and provenance.
DCL-SEED-0043,E08-IMP-0043,atr_50,VOLATILITY,LEGACY_ENGINE08,"Volatility, range, or dispersion measurement",OHLCV,price_or_price_derived,IMPLEMENTED,src/indicators.py,0.1,SMOKE_TESTED,LOW_TO_MEDIUM,AVAILABLE_NOW,BASELINE,CONTEMPORANEOUS,CONTEMPORANEOUS_FACT,INPUT_ELIGIBLE,OBJECTIVE_DETERMINISTIC,CALIBRATION_ACTIVE,Keep as a deterministic Data-Intake measurement with governed formula/version and provenance.
DCL-SEED-0044,E08-IMP-0044,atr_pct_50,VOLATILITY,LEGACY_ENGINE08,"Volatility, range, or dispersion measurement",OHLCV,ratio,IMPLEMENTED,src/indicators.py,0.1,SMOKE_TESTED,LOW_TO_MEDIUM,AVAILABLE_NOW,BASELINE,CONTEMPORANEOUS,CONTEMPORANEOUS_FACT,INPUT_ELIGIBLE,OBJECTIVE_DETERMINISTIC,CALIBRATION_ACTIVE,Keep as a deterministic Data-Intake measurement with governed formula/version and provenance.
DCL-SEED-0045,E08-IMP-0045,realized_vol_50,VOLATILITY,LEGACY_ENGINE08,"Volatility, range, or dispersion measurement",OHLCV,dimensionless_or_native,IMPLEMENTED,src/indicators.py,0.1,SMOKE_TESTED,LOW_TO_MEDIUM,AVAILABLE_NOW,BASELINE,CONTEMPORANEOUS,CONTEMPORANEOUS_FACT,INPUT_ELIGIBLE,OBJECTIVE_DETERMINISTIC,CALIBRATION_ACTIVE,Keep as a deterministic Data-Intake measurement with governed formula/version and provenance.
DCL-SEED-0046,E08-IMP-0046,parkinson_variance,VOLATILITY,LEGACY_ENGINE08,"Volatility, range, or dispersion measurement",OHLCV,dimensionless_or_native,IMPLEMENTED,src/indicators.py,0.1,SMOKE_TESTED,LOW_TO_MEDIUM,AVAILABLE_NOW,BASELINE,CONTEMPORANEOUS,CONTEMPORANEOUS_FACT,INPUT_ELIGIBLE,OBJECTIVE_DETERMINISTIC,CALIBRATION_ACTIVE,Keep as a deterministic Data-Intake measurement with governed formula/version and provenance.
DCL-SEED-0047,E08-IMP-0047,garman_klass_variance,VOLATILITY,LEGACY_ENGINE08,"Volatility, range, or dispersion measurement",OHLCV,dimensionless_or_native,IMPLEMENTED,src/indicators.py,0.1,SMOKE_TESTED,LOW_TO_MEDIUM,AVAILABLE_NOW,BASELINE,CONTEMPORANEOUS,CONTEMPORANEOUS_FACT,INPUT_ELIGIBLE,OBJECTIVE_DETERMINISTIC,CALIBRATION_ACTIVE,Keep as a deterministic Data-Intake measurement with governed formula/version and provenance.
DCL-SEED-0048,E08-IMP-0048,rogers_satchell_variance,VOLATILITY,LEGACY_ENGINE08,"Volatility, range, or dispersion measurement",OHLCV,dimensionless_or_native,IMPLEMENTED,src/indicators.py,0.1,SMOKE_TESTED,LOW_TO_MEDIUM,AVAILABLE_NOW,BASELINE,CONTEMPORANEOUS,CONTEMPORANEOUS_FACT,INPUT_ELIGIBLE,OBJECTIVE_DETERMINISTIC,CALIBRATION_ACTIVE,Keep as a deterministic Data-Intake measurement with governed formula/version and provenance.
DCL-SEED-0049,E08-IMP-0049,sma_5,TREND,LEGACY_ENGINE08,"Trend level, alignment, strength, or distance measurement",OHLCV,price_or_price_derived,IMPLEMENTED,src/indicators.py,0.1,SMOKE_TESTED,LOW_TO_MEDIUM,AVAILABLE_NOW,BASELINE,CONTEMPORANEOUS,CONTEMPORANEOUS_FACT,INPUT_ELIGIBLE,OBJECTIVE_DETERMINISTIC,CALIBRATION_ACTIVE,Keep as a deterministic Data-Intake measurement with governed formula/version and provenance.
DCL-SEED-0050,E08-IMP-0050,ema_5,TREND,LEGACY_ENGINE08,"Trend level, alignment, strength, or distance measurement",OHLCV,price_or_price_derived,IMPLEMENTED,src/indicators.py,0.1,SMOKE_TESTED,LOW_TO_MEDIUM,AVAILABLE_NOW,BASELINE,CONTEMPORANEOUS,CONTEMPORANEOUS_FACT,INPUT_ELIGIBLE,OBJECTIVE_DETERMINISTIC,CALIBRATION_ACTIVE,Keep as a deterministic Data-Intake measurement with governed formula/version and provenance.
DCL-SEED-0051,E08-IMP-0051,close_vs_sma_5,PRICE_RETURN,LEGACY_ENGINE08,"Price, return, gap, or price-location measurement",OHLCV,price_or_price_derived,IMPLEMENTED,src/indicators.py,0.1,SMOKE_TESTED,LOW_TO_MEDIUM,AVAILABLE_NOW,BASELINE,CONTEMPORANEOUS,CONTEMPORANEOUS_FACT,INPUT_ELIGIBLE,OBJECTIVE_DETERMINISTIC,CALIBRATION_ACTIVE,Keep as a deterministic Data-Intake measurement with governed formula/version and provenance.
DCL-SEED-0052,E08-IMP-0052,close_vs_ema_5,PRICE_RETURN,LEGACY_ENGINE08,"Price, return, gap, or price-location measurement",OHLCV,price_or_price_derived,IMPLEMENTED,src/indicators.py,0.1,SMOKE_TESTED,LOW_TO_MEDIUM,AVAILABLE_NOW,BASELINE,CONTEMPORANEOUS,CONTEMPORANEOUS_FACT,INPUT_ELIGIBLE,OBJECTIVE_DETERMINISTIC,CALIBRATION_ACTIVE,Keep as a deterministic Data-Intake measurement with governed formula/version and provenance.
DCL-SEED-0053,E08-IMP-0053,sma_10,TREND,LEGACY_ENGINE08,"Trend level, alignment, strength, or distance measurement",OHLCV,price_or_price_derived,IMPLEMENTED,src/indicators.py,0.1,SMOKE_TESTED,LOW_TO_MEDIUM,AVAILABLE_NOW,BASELINE,CONTEMPORANEOUS,CONTEMPORANEOUS_FACT,INPUT_ELIGIBLE,OBJECTIVE_DETERMINISTIC,CALIBRATION_ACTIVE,Keep as a deterministic Data-Intake measurement with governed formula/version and provenance.
DCL-SEED-0054,E08-IMP-0054,ema_10,TREND,LEGACY_ENGINE08,"Trend level, alignment, strength, or distance measurement",OHLCV,price_or_price_derived,IMPLEMENTED,src/indicators.py,0.1,SMOKE_TESTED,LOW_TO_MEDIUM,AVAILABLE_NOW,BASELINE,CONTEMPORANEOUS,CONTEMPORANEOUS_FACT,INPUT_ELIGIBLE,OBJECTIVE_DETERMINISTIC,CALIBRATION_ACTIVE,Keep as a deterministic Data-Intake measurement with governed formula/version and provenance.
DCL-SEED-0055,E08-IMP-0055,close_vs_sma_10,PRICE_RETURN,LEGACY_ENGINE08,"Price, return, gap, or price-location measurement",OHLCV,price_or_price_derived,IMPLEMENTED,src/indicators.py,0.1,SMOKE_TESTED,LOW_TO_MEDIUM,AVAILABLE_NOW,BASELINE,CONTEMPORANEOUS,CONTEMPORANEOUS_FACT,INPUT_ELIGIBLE,OBJECTIVE_DETERMINISTIC,CALIBRATION_ACTIVE,Keep as a deterministic Data-Intake measurement with governed formula/version and provenance.
DCL-SEED-0056,E08-IMP-0056,close_vs_ema_10,PRICE_RETURN,LEGACY_ENGINE08,"Price, return, gap, or price-location measurement",OHLCV,price_or_price_derived,IMPLEMENTED,src/indicators.py,0.1,SMOKE_TESTED,LOW_TO_MEDIUM,AVAILABLE_NOW,BASELINE,CONTEMPORANEOUS,CONTEMPORANEOUS_FACT,INPUT_ELIGIBLE,OBJECTIVE_DETERMINISTIC,CALIBRATION_ACTIVE,Keep as a deterministic Data-Intake measurement with governed formula/version and provenance.
DCL-SEED-0057,E08-IMP-0057,sma_20,TREND,LEGACY_ENGINE08,"Trend level, alignment, strength, or distance measurement",OHLCV,price_or_price_derived,IMPLEMENTED,src/indicators.py,0.1,SMOKE_TESTED,LOW_TO_MEDIUM,AVAILABLE_NOW,BASELINE,CONTEMPORANEOUS,CONTEMPORANEOUS_FACT,INPUT_ELIGIBLE,OBJECTIVE_DETERMINISTIC,CALIBRATION_ACTIVE,Keep as a deterministic Data-Intake measurement with governed formula/version and provenance.
DCL-SEED-0058,E08-IMP-0058,ema_20,TREND,LEGACY_ENGINE08,"Trend level, alignment, strength, or distance measurement",OHLCV,price_or_price_derived,IMPLEMENTED,src/indicators.py,0.1,SMOKE_TESTED,LOW_TO_MEDIUM,AVAILABLE_NOW,BASELINE,CONTEMPORANEOUS,CONTEMPORANEOUS_FACT,INPUT_ELIGIBLE,OBJECTIVE_DETERMINISTIC,CALIBRATION_ACTIVE,Keep as a deterministic Data-Intake measurement with governed formula/version and provenance.
DCL-SEED-0059,E08-IMP-0059,close_vs_sma_20,PRICE_RETURN,LEGACY_ENGINE08,"Price, return, gap, or price-location measurement",OHLCV,price_or_price_derived,IMPLEMENTED,src/indicators.py,0.1,SMOKE_TESTED,LOW_TO_MEDIUM,AVAILABLE_NOW,BASELINE,CONTEMPORANEOUS,CONTEMPORANEOUS_FACT,INPUT_ELIGIBLE,OBJECTIVE_DETERMINISTIC,CALIBRATION_ACTIVE,Keep as a deterministic Data-Intake measurement with governed formula/version and provenance.
DCL-SEED-0060,E08-IMP-0060,close_vs_ema_20,PRICE_RETURN,LEGACY_ENGINE08,"Price, return, gap, or price-location measurement",OHLCV,price_or_price_derived,IMPLEMENTED,src/indicators.py,0.1,SMOKE_TESTED,LOW_TO_MEDIUM,AVAILABLE_NOW,BASELINE,CONTEMPORANEOUS,CONTEMPORANEOUS_FACT,INPUT_ELIGIBLE,OBJECTIVE_DETERMINISTIC,CALIBRATION_ACTIVE,Keep as a deterministic Data-Intake measurement with governed formula/version and provenance.
DCL-SEED-0061,E08-IMP-0061,sma_50,TREND,LEGACY_ENGINE08,"Trend level, alignment, strength, or distance measurement",OHLCV,price_or_price_derived,IMPLEMENTED,src/indicators.py,0.1,SMOKE_TESTED,LOW_TO_MEDIUM,AVAILABLE_NOW,BASELINE,CONTEMPORANEOUS,CONTEMPORANEOUS_FACT,INPUT_ELIGIBLE,OBJECTIVE_DETERMINISTIC,CALIBRATION_ACTIVE,Keep as a deterministic Data-Intake measurement with governed formula/version and provenance.
DCL-SEED-0062,E08-IMP-0062,ema_50,TREND,LEGACY_ENGINE08,"Trend level, alignment, strength, or distance measurement",OHLCV,price_or_price_derived,IMPLEMENTED,src/indicators.py,0.1,SMOKE_TESTED,LOW_TO_MEDIUM,AVAILABLE_NOW,BASELINE,CONTEMPORANEOUS,CONTEMPORANEOUS_FACT,INPUT_ELIGIBLE,OBJECTIVE_DETERMINISTIC,CALIBRATION_ACTIVE,Keep as a deterministic Data-Intake measurement with governed formula/version and provenance.
DCL-SEED-0063,E08-IMP-0063,close_vs_sma_50,PRICE_RETURN,LEGACY_ENGINE08,"Price, return, gap, or price-location measurement",OHLCV,price_or_price_derived,IMPLEMENTED,src/indicators.py,0.1,SMOKE_TESTED,LOW_TO_MEDIUM,AVAILABLE_NOW,BASELINE,CONTEMPORANEOUS,CONTEMPORANEOUS_FACT,INPUT_ELIGIBLE,OBJECTIVE_DETERMINISTIC,CALIBRATION_ACTIVE,Keep as a deterministic Data-Intake measurement with governed formula/version and provenance.
DCL-SEED-0064,E08-IMP-0064,close_vs_ema_50,PRICE_RETURN,LEGACY_ENGINE08,"Price, return, gap, or price-location measurement",OHLCV,price_or_price_derived,IMPLEMENTED,src/indicators.py,0.1,SMOKE_TESTED,LOW_TO_MEDIUM,AVAILABLE_NOW,BASELINE,CONTEMPORANEOUS,CONTEMPORANEOUS_FACT,INPUT_ELIGIBLE,OBJECTIVE_DETERMINISTIC,CALIBRATION_ACTIVE,Keep as a deterministic Data-Intake measurement with governed formula/version and provenance.
DCL-SEED-0065,E08-IMP-0065,sma_100,TREND,LEGACY_ENGINE08,"Trend level, alignment, strength, or distance measurement",OHLCV,price_or_price_derived,IMPLEMENTED,src/indicators.py,0.1,SMOKE_TESTED,LOW_TO_MEDIUM,AVAILABLE_NOW,BASELINE,CONTEMPORANEOUS,CONTEMPORANEOUS_FACT,INPUT_ELIGIBLE,OBJECTIVE_DETERMINISTIC,CALIBRATION_ACTIVE,Keep as a deterministic Data-Intake measurement with governed formula/version and provenance.
DCL-SEED-0066,E08-IMP-0066,ema_100,TREND,LEGACY_ENGINE08,"Trend level, alignment, strength, or distance measurement",OHLCV,price_or_price_derived,IMPLEMENTED,src/indicators.py,0.1,SMOKE_TESTED,LOW_TO_MEDIUM,AVAILABLE_NOW,BASELINE,CONTEMPORANEOUS,CONTEMPORANEOUS_FACT,INPUT_ELIGIBLE,OBJECTIVE_DETERMINISTIC,CALIBRATION_ACTIVE,Keep as a deterministic Data-Intake measurement with governed formula/version and provenance.
DCL-SEED-0067,E08-IMP-0067,close_vs_sma_100,PRICE_RETURN,LEGACY_ENGINE08,"Price, return, gap, or price-location measurement",OHLCV,price_or_price_derived,IMPLEMENTED,src/indicators.py,0.1,SMOKE_TESTED,LOW_TO_MEDIUM,AVAILABLE_NOW,BASELINE,CONTEMPORANEOUS,CONTEMPORANEOUS_FACT,INPUT_ELIGIBLE,OBJECTIVE_DETERMINISTIC,CALIBRATION_ACTIVE,Keep as a deterministic Data-Intake measurement with governed formula/version and provenance.
DCL-SEED-0068,E08-IMP-0068,close_vs_ema_100,PRICE_RETURN,LEGACY_ENGINE08,"Price, return, gap, or price-location measurement",OHLCV,price_or_price_derived,IMPLEMENTED,src/indicators.py,0.1,SMOKE_TESTED,LOW_TO_MEDIUM,AVAILABLE_NOW,BASELINE,CONTEMPORANEOUS,CONTEMPORANEOUS_FACT,INPUT_ELIGIBLE,OBJECTIVE_DETERMINISTIC,CALIBRATION_ACTIVE,Keep as a deterministic Data-Intake measurement with governed formula/version and provenance.
DCL-SEED-0069,E08-IMP-0069,sma_200,TREND,LEGACY_ENGINE08,"Trend level, alignment, strength, or distance measurement",OHLCV,price_or_price_derived,IMPLEMENTED,src/indicators.py,0.1,SMOKE_TESTED,LOW_TO_MEDIUM,AVAILABLE_NOW,BASELINE,CONTEMPORANEOUS,CONTEMPORANEOUS_FACT,INPUT_ELIGIBLE,OBJECTIVE_DETERMINISTIC,CALIBRATION_ACTIVE,Keep as a deterministic Data-Intake measurement with governed formula/version and provenance.
DCL-SEED-0070,E08-IMP-0070,ema_200,TREND,LEGACY_ENGINE08,"Trend level, alignment, strength, or distance measurement",OHLCV,price_or_price_derived,IMPLEMENTED,src/indicators.py,0.1,SMOKE_TESTED,LOW_TO_MEDIUM,AVAILABLE_NOW,BASELINE,CONTEMPORANEOUS,CONTEMPORANEOUS_FACT,INPUT_ELIGIBLE,OBJECTIVE_DETERMINISTIC,CALIBRATION_ACTIVE,Keep as a deterministic Data-Intake measurement with governed formula/version and provenance.
DCL-SEED-0071,E08-IMP-0071,close_vs_sma_200,PRICE_RETURN,LEGACY_ENGINE08,"Price, return, gap, or price-location measurement",OHLCV,price_or_price_derived,IMPLEMENTED,src/indicators.py,0.1,SMOKE_TESTED,LOW_TO_MEDIUM,AVAILABLE_NOW,BASELINE,CONTEMPORANEOUS,CONTEMPORANEOUS_FACT,INPUT_ELIGIBLE,OBJECTIVE_DETERMINISTIC,CALIBRATION_ACTIVE,Keep as a deterministic Data-Intake measurement with governed formula/version and provenance.
DCL-SEED-0072,E08-IMP-0072,close_vs_ema_200,PRICE_RETURN,LEGACY_ENGINE08,"Price, return, gap, or price-location measurement",OHLCV,price_or_price_derived,IMPLEMENTED,src/indicators.py,0.1,SMOKE_TESTED,LOW_TO_MEDIUM,AVAILABLE_NOW,BASELINE,CONTEMPORANEOUS,CONTEMPORANEOUS_FACT,INPUT_ELIGIBLE,OBJECTIVE_DETERMINISTIC,CALIBRATION_ACTIVE,Keep as a deterministic Data-Intake measurement with governed formula/version and provenance.
DCL-SEED-0073,E08-IMP-0073,roc_3,MOMENTUM,LEGACY_ENGINE08,Momentum or oscillator measurement,OHLCV,dimensionless_or_native,IMPLEMENTED,src/indicators.py,0.1,SMOKE_TESTED,LOW_TO_MEDIUM,AVAILABLE_NOW,BASELINE,CONTEMPORANEOUS,CONTEMPORANEOUS_FACT,INPUT_ELIGIBLE,OBJECTIVE_DETERMINISTIC,CALIBRATION_ACTIVE,Keep as a deterministic Data-Intake measurement with governed formula/version and provenance.
DCL-SEED-0074,E08-IMP-0074,roc_5,MOMENTUM,LEGACY_ENGINE08,Momentum or oscillator measurement,OHLCV,dimensionless_or_native,IMPLEMENTED,src/indicators.py,0.1,SMOKE_TESTED,LOW_TO_MEDIUM,AVAILABLE_NOW,BASELINE,CONTEMPORANEOUS,CONTEMPORANEOUS_FACT,INPUT_ELIGIBLE,OBJECTIVE_DETERMINISTIC,CALIBRATION_ACTIVE,Keep as a deterministic Data-Intake measurement with governed formula/version and provenance.
DCL-SEED-0075,E08-IMP-0075,roc_10,MOMENTUM,LEGACY_ENGINE08,Momentum or oscillator measurement,OHLCV,dimensionless_or_native,IMPLEMENTED,src/indicators.py,0.1,SMOKE_TESTED,LOW_TO_MEDIUM,AVAILABLE_NOW,BASELINE,CONTEMPORANEOUS,CONTEMPORANEOUS_FACT,INPUT_ELIGIBLE,OBJECTIVE_DETERMINISTIC,CALIBRATION_ACTIVE,Keep as a deterministic Data-Intake measurement with governed formula/version and provenance.
DCL-SEED-0076,E08-IMP-0076,roc_14,MOMENTUM,LEGACY_ENGINE08,Momentum or oscillator measurement,OHLCV,dimensionless_or_native,IMPLEMENTED,src/indicators.py,0.1,SMOKE_TESTED,LOW_TO_MEDIUM,AVAILABLE_NOW,BASELINE,CONTEMPORANEOUS,CONTEMPORANEOUS_FACT,INPUT_ELIGIBLE,OBJECTIVE_DETERMINISTIC,CALIBRATION_ACTIVE,Keep as a deterministic Data-Intake measurement with governed formula/version and provenance.
DCL-SEED-0077,E08-IMP-0077,roc_20,MOMENTUM,LEGACY_ENGINE08,Momentum or oscillator measurement,OHLCV,dimensionless_or_native,IMPLEMENTED,src/indicators.py,0.1,SMOKE_TESTED,LOW_TO_MEDIUM,AVAILABLE_NOW,BASELINE,CONTEMPORANEOUS,CONTEMPORANEOUS_FACT,INPUT_ELIGIBLE,OBJECTIVE_DETERMINISTIC,CALIBRATION_ACTIVE,Keep as a deterministic Data-Intake measurement with governed formula/version and provenance.
DCL-SEED-0078,E08-IMP-0078,roc_50,MOMENTUM,LEGACY_ENGINE08,Momentum or oscillator measurement,OHLCV,dimensionless_or_native,IMPLEMENTED,src/indicators.py,0.1,SMOKE_TESTED,LOW_TO_MEDIUM,AVAILABLE_NOW,BASELINE,CONTEMPORANEOUS,CONTEMPORANEOUS_FACT,INPUT_ELIGIBLE,OBJECTIVE_DETERMINISTIC,CALIBRATION_ACTIVE,Keep as a deterministic Data-Intake measurement with governed formula/version and provenance.
DCL-SEED-0079,E08-IMP-0079,rsi_7,MOMENTUM,LEGACY_ENGINE08,Momentum or oscillator measurement,OHLCV,index_or_percent,IMPLEMENTED,src/indicators.py,0.1,SMOKE_TESTED,LOW_TO_MEDIUM,AVAILABLE_NOW,BASELINE,CONTEMPORANEOUS,CONTEMPORANEOUS_FACT,INPUT_ELIGIBLE,OBJECTIVE_DETERMINISTIC,CALIBRATION_ACTIVE,Keep as a deterministic Data-Intake measurement with governed formula/version and provenance.
DCL-SEED-0080,E08-IMP-0080,rsi_14,MOMENTUM,LEGACY_ENGINE08,Momentum or oscillator measurement,OHLCV,index_or_percent,IMPLEMENTED,src/indicators.py,0.1,SMOKE_TESTED,LOW_TO_MEDIUM,AVAILABLE_NOW,BASELINE,CONTEMPORANEOUS,CONTEMPORANEOUS_FACT,INPUT_ELIGIBLE,OBJECTIVE_DETERMINISTIC,CALIBRATION_ACTIVE,Keep as a deterministic Data-Intake measurement with governed formula/version and provenance.
DCL-SEED-0081,E08-IMP-0081,rsi_21,MOMENTUM,LEGACY_ENGINE08,Momentum or oscillator measurement,OHLCV,index_or_percent,IMPLEMENTED,src/indicators.py,0.1,SMOKE_TESTED,LOW_TO_MEDIUM,AVAILABLE_NOW,BASELINE,CONTEMPORANEOUS,CONTEMPORANEOUS_FACT,INPUT_ELIGIBLE,OBJECTIVE_DETERMINISTIC,CALIBRATION_ACTIVE,Keep as a deterministic Data-Intake measurement with governed formula/version and provenance.
DCL-SEED-0082,E08-IMP-0082,macd_line,MOMENTUM,LEGACY_ENGINE08,Momentum or oscillator measurement,OHLCV,price_or_price_derived,IMPLEMENTED,src/indicators.py,0.1,SMOKE_TESTED,LOW_TO_MEDIUM,AVAILABLE_NOW,BASELINE,CONTEMPORANEOUS,CONTEMPORANEOUS_FACT,INPUT_ELIGIBLE,OBJECTIVE_DETERMINISTIC,CALIBRATION_ACTIVE,Keep as a deterministic Data-Intake measurement with governed formula/version and provenance.
DCL-SEED-0083,E08-IMP-0083,macd_signal,MOMENTUM,LEGACY_ENGINE08,Momentum or oscillator measurement,OHLCV,price_or_price_derived,IMPLEMENTED,src/indicators.py,0.1,SMOKE_TESTED,LOW_TO_MEDIUM,AVAILABLE_NOW,BASELINE,CONTEMPORANEOUS,CONTEMPORANEOUS_FACT,INPUT_ELIGIBLE,OBJECTIVE_DETERMINISTIC,CALIBRATION_ACTIVE,Keep as a deterministic Data-Intake measurement with governed formula/version and provenance.
DCL-SEED-0084,E08-IMP-0084,macd_histogram,MOMENTUM,LEGACY_ENGINE08,Momentum or oscillator measurement,OHLCV,price_or_price_derived,IMPLEMENTED,src/indicators.py,0.1,SMOKE_TESTED,LOW_TO_MEDIUM,AVAILABLE_NOW,BASELINE,CONTEMPORANEOUS,CONTEMPORANEOUS_FACT,INPUT_ELIGIBLE,OBJECTIVE_DETERMINISTIC,CALIBRATION_ACTIVE,Keep as a deterministic Data-Intake measurement with governed formula/version and provenance.
DCL-SEED-0085,E08-IMP-0085,ppo_line,MOMENTUM,LEGACY_ENGINE08,Momentum or oscillator measurement,OHLCV,index_or_percent,IMPLEMENTED,src/indicators.py,0.1,SMOKE_TESTED,LOW_TO_MEDIUM,AVAILABLE_NOW,BASELINE,CONTEMPORANEOUS,CONTEMPORANEOUS_FACT,INPUT_ELIGIBLE,OBJECTIVE_DETERMINISTIC,CALIBRATION_ACTIVE,Keep as a deterministic Data-Intake measurement with governed formula/version and provenance.
DCL-SEED-0086,E08-IMP-0086,ppo_signal,MOMENTUM,LEGACY_ENGINE08,Momentum or oscillator measurement,OHLCV,index_or_percent,IMPLEMENTED,src/indicators.py,0.1,SMOKE_TESTED,LOW_TO_MEDIUM,AVAILABLE_NOW,BASELINE,CONTEMPORANEOUS,CONTEMPORANEOUS_FACT,INPUT_ELIGIBLE,OBJECTIVE_DETERMINISTIC,CALIBRATION_ACTIVE,Keep as a deterministic Data-Intake measurement with governed formula/version and provenance.
DCL-SEED-0087,E08-IMP-0087,ppo_histogram,MOMENTUM,LEGACY_ENGINE08,Momentum or oscillator measurement,OHLCV,index_or_percent,IMPLEMENTED,src/indicators.py,0.1,SMOKE_TESTED,LOW_TO_MEDIUM,AVAILABLE_NOW,BASELINE,CONTEMPORANEOUS,CONTEMPORANEOUS_FACT,INPUT_ELIGIBLE,OBJECTIVE_DETERMINISTIC,CALIBRATION_ACTIVE,Keep as a deterministic Data-Intake measurement with governed formula/version and provenance.
DCL-SEED-0088,E08-IMP-0088,stochastic_k_14,MOMENTUM,LEGACY_ENGINE08,Momentum or oscillator measurement,OHLCV,index_or_percent,IMPLEMENTED,src/indicators.py,0.1,SMOKE_TESTED,LOW_TO_MEDIUM,AVAILABLE_NOW,BASELINE,CONTEMPORANEOUS,CONTEMPORANEOUS_FACT,INPUT_ELIGIBLE,OBJECTIVE_DETERMINISTIC,CALIBRATION_ACTIVE,Keep as a deterministic Data-Intake measurement with governed formula/version and provenance.
DCL-SEED-0089,E08-IMP-0089,stochastic_d_14,MOMENTUM,LEGACY_ENGINE08,Momentum or oscillator measurement,OHLCV,index_or_percent,IMPLEMENTED,src/indicators.py,0.1,SMOKE_TESTED,LOW_TO_MEDIUM,AVAILABLE_NOW,BASELINE,CONTEMPORANEOUS,CONTEMPORANEOUS_FACT,INPUT_ELIGIBLE,OBJECTIVE_DETERMINISTIC,CALIBRATION_ACTIVE,Keep as a deterministic Data-Intake measurement with governed formula/version and provenance.
DCL-SEED-0090,E08-IMP-0090,williams_r_14,MOMENTUM,LEGACY_ENGINE08,Momentum or oscillator measurement,OHLCV,index_or_percent,IMPLEMENTED,src/indicators.py,0.1,SMOKE_TESTED,LOW_TO_MEDIUM,AVAILABLE_NOW,BASELINE,CONTEMPORANEOUS,CONTEMPORANEOUS_FACT,INPUT_ELIGIBLE,OBJECTIVE_DETERMINISTIC,CALIBRATION_ACTIVE,Keep as a deterministic Data-Intake measurement with governed formula/version and provenance.
DCL-SEED-0091,E08-IMP-0091,cci_20,MOMENTUM,LEGACY_ENGINE08,Momentum or oscillator measurement,OHLCV,index_or_percent,IMPLEMENTED,src/indicators.py,0.1,SMOKE_TESTED,LOW_TO_MEDIUM,AVAILABLE_NOW,BASELINE,CONTEMPORANEOUS,CONTEMPORANEOUS_FACT,INPUT_ELIGIBLE,OBJECTIVE_DETERMINISTIC,CALIBRATION_ACTIVE,Keep as a deterministic Data-Intake measurement with governed formula/version and provenance.
DCL-SEED-0092,E08-IMP-0092,plus_di_14,TREND,LEGACY_ENGINE08,"Trend level, alignment, strength, or distance measurement",OHLCV,index_or_percent,IMPLEMENTED,src/indicators.py,0.1,SMOKE_TESTED,LOW_TO_MEDIUM,AVAILABLE_NOW,BASELINE,CONTEMPORANEOUS,CONTEMPORANEOUS_FACT,INPUT_ELIGIBLE,OBJECTIVE_DETERMINISTIC,CALIBRATION_ACTIVE,Keep as a deterministic Data-Intake measurement with governed formula/version and provenance.
DCL-SEED-0093,E08-IMP-0093,minus_di_14,TREND,LEGACY_ENGINE08,"Trend level, alignment, strength, or distance measurement",OHLCV,index_or_percent,IMPLEMENTED,src/indicators.py,0.1,SMOKE_TESTED,LOW_TO_MEDIUM,AVAILABLE_NOW,BASELINE,CONTEMPORANEOUS,CONTEMPORANEOUS_FACT,INPUT_ELIGIBLE,OBJECTIVE_DETERMINISTIC,CALIBRATION_ACTIVE,Keep as a deterministic Data-Intake measurement with governed formula/version and provenance.
DCL-SEED-0094,E08-IMP-0094,adx_14,TREND,LEGACY_ENGINE08,"Trend level, alignment, strength, or distance measurement",OHLCV,index_or_percent,IMPLEMENTED,src/indicators.py,0.1,SMOKE_TESTED,LOW_TO_MEDIUM,AVAILABLE_NOW,BASELINE,CONTEMPORANEOUS,CONTEMPORANEOUS_FACT,INPUT_ELIGIBLE,OBJECTIVE_DETERMINISTIC,CALIBRATION_ACTIVE,Keep as a deterministic Data-Intake measurement with governed formula/version and provenance.
DCL-SEED-0095,E08-IMP-0095,bollinger_mid_20,VOLATILITY,LEGACY_ENGINE08,"Volatility, range, or dispersion measurement",OHLCV,dimensionless_or_native,IMPLEMENTED,src/indicators.py,0.1,SMOKE_TESTED,LOW_TO_MEDIUM,AVAILABLE_NOW,BASELINE,CONTEMPORANEOUS,CONTEMPORANEOUS_FACT,INPUT_ELIGIBLE,OBJECTIVE_DETERMINISTIC,CALIBRATION_ACTIVE,Keep as a deterministic Data-Intake measurement with governed formula/version and provenance.
DCL-SEED-0096,E08-IMP-0096,bollinger_upper_20,VOLATILITY,LEGACY_ENGINE08,"Volatility, range, or dispersion measurement",OHLCV,dimensionless_or_native,IMPLEMENTED,src/indicators.py,0.1,SMOKE_TESTED,LOW_TO_MEDIUM,AVAILABLE_NOW,BASELINE,CONTEMPORANEOUS,CONTEMPORANEOUS_FACT,INPUT_ELIGIBLE,OBJECTIVE_DETERMINISTIC,CALIBRATION_ACTIVE,Keep as a deterministic Data-Intake measurement with governed formula/version and provenance.
DCL-SEED-0097,E08-IMP-0097,bollinger_lower_20,PRICE_RETURN,LEGACY_ENGINE08,"Price, return, gap, or price-location measurement",OHLCV,binary,IMPLEMENTED,src/indicators.py,0.1,SMOKE_TESTED,LOW_TO_MEDIUM,AVAILABLE_NOW,BASELINE,CONTEMPORANEOUS,CONTEMPORANEOUS_FACT,INPUT_ELIGIBLE,OBJECTIVE_DETERMINISTIC,CALIBRATION_ACTIVE,"Keep calculation; correct legacy metadata to family=VOLATILITY, units=price_or_price_derived."
DCL-SEED-0098,E08-IMP-0098,bollinger_width_20,VOLATILITY,LEGACY_ENGINE08,"Volatility, range, or dispersion measurement",OHLCV,dimensionless_or_native,IMPLEMENTED,src/indicators.py,0.1,SMOKE_TESTED,LOW_TO_MEDIUM,AVAILABLE_NOW,BASELINE,CONTEMPORANEOUS,CONTEMPORANEOUS_FACT,INPUT_ELIGIBLE,OBJECTIVE_DETERMINISTIC,CALIBRATION_ACTIVE,Keep as a deterministic Data-Intake measurement with governed formula/version and provenance.
DCL-SEED-0099,E08-IMP-0099,bollinger_percent_b_20,VOLATILITY,LEGACY_ENGINE08,"Volatility, range, or dispersion measurement",OHLCV,ratio,IMPLEMENTED,src/indicators.py,0.1,SMOKE_TESTED,LOW_TO_MEDIUM,AVAILABLE_NOW,BASELINE,CONTEMPORANEOUS,CONTEMPORANEOUS_FACT,INPUT_ELIGIBLE,OBJECTIVE_DETERMINISTIC,CALIBRATION_ACTIVE,Keep as a deterministic Data-Intake measurement with governed formula/version and provenance.
DCL-SEED-0100,E08-IMP-0100,dollar_volume,VOLUME_LIQUIDITY,LEGACY_ENGINE08,"Volume, money-flow, VWAP, or liquidity measurement",OHLCV,shares_or_currency,IMPLEMENTED,src/indicators.py,0.1,SMOKE_TESTED,LOW_TO_MEDIUM,AVAILABLE_NOW,BASELINE,CONTEMPORANEOUS,CONTEMPORANEOUS_FACT,INPUT_ELIGIBLE,OBJECTIVE_DETERMINISTIC,CALIBRATION_ACTIVE,Keep as a deterministic Data-Intake measurement with governed formula/version and provenance.
DCL-SEED-0101,E08-IMP-0101,volume_mean_5,VOLUME_LIQUIDITY,LEGACY_ENGINE08,"Volume, money-flow, VWAP, or liquidity measurement",OHLCV,shares_or_currency,IMPLEMENTED,src/indicators.py,0.1,SMOKE_TESTED,LOW_TO_MEDIUM,AVAILABLE_NOW,BASELINE,CONTEMPORANEOUS,CONTEMPORANEOUS_FACT,INPUT_ELIGIBLE,OBJECTIVE_DETERMINISTIC,CALIBRATION_ACTIVE,Keep as a deterministic Data-Intake measurement with governed formula/version and provenance.
DCL-SEED-0102,E08-IMP-0102,volume_median_5,VOLUME_LIQUIDITY,LEGACY_ENGINE08,"Volume, money-flow, VWAP, or liquidity measurement",OHLCV,shares_or_currency,IMPLEMENTED,src/indicators.py,0.1,SMOKE_TESTED,LOW_TO_MEDIUM,AVAILABLE_NOW,BASELINE,CONTEMPORANEOUS,CONTEMPORANEOUS_FACT,INPUT_ELIGIBLE,OBJECTIVE_DETERMINISTIC,CALIBRATION_ACTIVE,Keep as a deterministic Data-Intake measurement with governed formula/version and provenance.
DCL-SEED-0103,E08-IMP-0103,relative_volume_mean_5,VOLUME_LIQUIDITY,LEGACY_ENGINE08,"Volume, money-flow, VWAP, or liquidity measurement",OHLCV,ratio,IMPLEMENTED,src/indicators.py,0.1,SMOKE_TESTED,LOW_TO_MEDIUM,AVAILABLE_NOW,BASELINE,CONTEMPORANEOUS,CONTEMPORANEOUS_FACT,INPUT_ELIGIBLE,OBJECTIVE_DETERMINISTIC,CALIBRATION_ACTIVE,Keep as a deterministic Data-Intake measurement with governed formula/version and provenance.
DCL-SEED-0104,E08-IMP-0104,relative_volume_median_5,VOLUME_LIQUIDITY,LEGACY_ENGINE08,"Volume, money-flow, VWAP, or liquidity measurement",OHLCV,ratio,IMPLEMENTED,src/indicators.py,0.1,SMOKE_TESTED,LOW_TO_MEDIUM,AVAILABLE_NOW,BASELINE,CONTEMPORANEOUS,CONTEMPORANEOUS_FACT,INPUT_ELIGIBLE,OBJECTIVE_DETERMINISTIC,CALIBRATION_ACTIVE,Keep as a deterministic Data-Intake measurement with governed formula/version and provenance.
DCL-SEED-0105,E08-IMP-0105,volume_zscore_5,VOLUME_LIQUIDITY,LEGACY_ENGINE08,"Volume, money-flow, VWAP, or liquidity measurement",OHLCV,shares_or_currency,IMPLEMENTED,src/indicators.py,0.1,SMOKE_TESTED,LOW_TO_MEDIUM,AVAILABLE_NOW,BASELINE,CONTEMPORANEOUS,CONTEMPORANEOUS_FACT,INPUT_ELIGIBLE,REQUIRES_FORMAL_DEFINITION,CALIBRATION_ACTIVE,Keep as a deterministic Data-Intake measurement with governed formula/version and provenance.
DCL-SEED-0106,E08-IMP-0106,volume_mean_10,VOLUME_LIQUIDITY,LEGACY_ENGINE08,"Volume, money-flow, VWAP, or liquidity measurement",OHLCV,shares_or_currency,IMPLEMENTED,src/indicators.py,0.1,SMOKE_TESTED,LOW_TO_MEDIUM,AVAILABLE_NOW,BASELINE,CONTEMPORANEOUS,CONTEMPORANEOUS_FACT,INPUT_ELIGIBLE,OBJECTIVE_DETERMINISTIC,CALIBRATION_ACTIVE,Keep as a deterministic Data-Intake measurement with governed formula/version and provenance.
DCL-SEED-0107,E08-IMP-0107,volume_median_10,VOLUME_LIQUIDITY,LEGACY_ENGINE08,"Volume, money-flow, VWAP, or liquidity measurement",OHLCV,shares_or_currency,IMPLEMENTED,src/indicators.py,0.1,SMOKE_TESTED,LOW_TO_MEDIUM,AVAILABLE_NOW,BASELINE,CONTEMPORANEOUS,CONTEMPORANEOUS_FACT,INPUT_ELIGIBLE,OBJECTIVE_DETERMINISTIC,CALIBRATION_ACTIVE,Keep as a deterministic Data-Intake measurement with governed formula/version and provenance.
DCL-SEED-0108,E08-IMP-0108,relative_volume_mean_10,VOLUME_LIQUIDITY,LEGACY_ENGINE08,"Volume, money-flow, VWAP, or liquidity measurement",OHLCV,ratio,IMPLEMENTED,src/indicators.py,0.1,SMOKE_TESTED,LOW_TO_MEDIUM,AVAILABLE_NOW,BASELINE,CONTEMPORANEOUS,CONTEMPORANEOUS_FACT,INPUT_ELIGIBLE,OBJECTIVE_DETERMINISTIC,CALIBRATION_ACTIVE,Keep as a deterministic Data-Intake measurement with governed formula/version and provenance.
DCL-SEED-0109,E08-IMP-0109,relative_volume_median_10,VOLUME_LIQUIDITY,LEGACY_ENGINE08,"Volume, money-flow, VWAP, or liquidity measurement",OHLCV,ratio,IMPLEMENTED,src/indicators.py,0.1,SMOKE_TESTED,LOW_TO_MEDIUM,AVAILABLE_NOW,BASELINE,CONTEMPORANEOUS,CONTEMPORANEOUS_FACT,INPUT_ELIGIBLE,OBJECTIVE_DETERMINISTIC,CALIBRATION_ACTIVE,Keep as a deterministic Data-Intake measurement with governed formula/version and provenance.
DCL-SEED-0110,E08-IMP-0110,volume_zscore_10,VOLUME_LIQUIDITY,LEGACY_ENGINE08,"Volume, money-flow, VWAP, or liquidity measurement",OHLCV,shares_or_currency,IMPLEMENTED,src/indicators.py,0.1,SMOKE_TESTED,LOW_TO_MEDIUM,AVAILABLE_NOW,BASELINE,CONTEMPORANEOUS,CONTEMPORANEOUS_FACT,INPUT_ELIGIBLE,REQUIRES_FORMAL_DEFINITION,CALIBRATION_ACTIVE,Keep as a deterministic Data-Intake measurement with governed formula/version and provenance.
DCL-SEED-0111,E08-IMP-0111,volume_mean_20,VOLUME_LIQUIDITY,LEGACY_ENGINE08,"Volume, money-flow, VWAP, or liquidity measurement",OHLCV,shares_or_currency,IMPLEMENTED,src/indicators.py,0.1,SMOKE_TESTED,LOW_TO_MEDIUM,AVAILABLE_NOW,BASELINE,CONTEMPORANEOUS,CONTEMPORANEOUS_FACT,INPUT_ELIGIBLE,OBJECTIVE_DETERMINISTIC,CALIBRATION_ACTIVE,Keep as a deterministic Data-Intake measurement with governed formula/version and provenance.
DCL-SEED-0112,E08-IMP-0112,volume_median_20,VOLUME_LIQUIDITY,LEGACY_ENGINE08,"Volume, money-flow, VWAP, or liquidity measurement",OHLCV,shares_or_currency,IMPLEMENTED,src/indicators.py,0.1,SMOKE_TESTED,LOW_TO_MEDIUM,AVAILABLE_NOW,BASELINE,CONTEMPORANEOUS,CONTEMPORANEOUS_FACT,INPUT_ELIGIBLE,OBJECTIVE_DETERMINISTIC,CALIBRATION_ACTIVE,Keep as a deterministic Data-Intake measurement with governed formula/version and provenance.
DCL-SEED-0113,E08-IMP-0113,relative_volume_mean_20,VOLUME_LIQUIDITY,LEGACY_ENGINE08,"Volume, money-flow, VWAP, or liquidity measurement",OHLCV,ratio,IMPLEMENTED,src/indicators.py,0.1,SMOKE_TESTED,LOW_TO_MEDIUM,AVAILABLE_NOW,BASELINE,CONTEMPORANEOUS,CONTEMPORANEOUS_FACT,INPUT_ELIGIBLE,OBJECTIVE_DETERMINISTIC,CALIBRATION_ACTIVE,Keep as a deterministic Data-Intake measurement with governed formula/version and provenance.
DCL-SEED-0114,E08-IMP-0114,relative_volume_median_20,VOLUME_LIQUIDITY,LEGACY_ENGINE08,"Volume, money-flow, VWAP, or liquidity measurement",OHLCV,ratio,IMPLEMENTED,src/indicators.py,0.1,SMOKE_TESTED,LOW_TO_MEDIUM,AVAILABLE_NOW,BASELINE,CONTEMPORANEOUS,CONTEMPORANEOUS_FACT,INPUT_ELIGIBLE,OBJECTIVE_DETERMINISTIC,CALIBRATION_ACTIVE,Keep as a deterministic Data-Intake measurement with governed formula/version and provenance.
DCL-SEED-0115,E08-IMP-0115,volume_zscore_20,VOLUME_LIQUIDITY,LEGACY_ENGINE08,"Volume, money-flow, VWAP, or liquidity measurement",OHLCV,shares_or_currency,IMPLEMENTED,src/indicators.py,0.1,SMOKE_TESTED,LOW_TO_MEDIUM,AVAILABLE_NOW,BASELINE,CONTEMPORANEOUS,CONTEMPORANEOUS_FACT,INPUT_ELIGIBLE,REQUIRES_FORMAL_DEFINITION,CALIBRATION_ACTIVE,Keep as a deterministic Data-Intake measurement with governed formula/version and provenance.
DCL-SEED-0116,E08-IMP-0116,volume_mean_50,VOLUME_LIQUIDITY,LEGACY_ENGINE08,"Volume, money-flow, VWAP, or liquidity measurement",OHLCV,shares_or_currency,IMPLEMENTED,src/indicators.py,0.1,SMOKE_TESTED,LOW_TO_MEDIUM,AVAILABLE_NOW,BASELINE,CONTEMPORANEOUS,CONTEMPORANEOUS_FACT,INPUT_ELIGIBLE,OBJECTIVE_DETERMINISTIC,CALIBRATION_ACTIVE,Keep as a deterministic Data-Intake measurement with governed formula/version and provenance.
DCL-SEED-0117,E08-IMP-0117,volume_median_50,VOLUME_LIQUIDITY,LEGACY_ENGINE08,"Volume, money-flow, VWAP, or liquidity measurement",OHLCV,shares_or_currency,IMPLEMENTED,src/indicators.py,0.1,SMOKE_TESTED,LOW_TO_MEDIUM,AVAILABLE_NOW,BASELINE,CONTEMPORANEOUS,CONTEMPORANEOUS_FACT,INPUT_ELIGIBLE,OBJECTIVE_DETERMINISTIC,CALIBRATION_ACTIVE,Keep as a deterministic Data-Intake measurement with governed formula/version and provenance.
DCL-SEED-0118,E08-IMP-0118,relative_volume_mean_50,VOLUME_LIQUIDITY,LEGACY_ENGINE08,"Volume, money-flow, VWAP, or liquidity measurement",OHLCV,ratio,IMPLEMENTED,src/indicators.py,0.1,SMOKE_TESTED,LOW_TO_MEDIUM,AVAILABLE_NOW,BASELINE,CONTEMPORANEOUS,CONTEMPORANEOUS_FACT,INPUT_ELIGIBLE,OBJECTIVE_DETERMINISTIC,CALIBRATION_ACTIVE,Keep as a deterministic Data-Intake measurement with governed formula/version and provenance.
DCL-SEED-0119,E08-IMP-0119,relative_volume_median_50,VOLUME_LIQUIDITY,LEGACY_ENGINE08,"Volume, money-flow, VWAP, or liquidity measurement",OHLCV,ratio,IMPLEMENTED,src/indicators.py,0.1,SMOKE_TESTED,LOW_TO_MEDIUM,AVAILABLE_NOW,BASELINE,CONTEMPORANEOUS,CONTEMPORANEOUS_FACT,INPUT_ELIGIBLE,OBJECTIVE_DETERMINISTIC,CALIBRATION_ACTIVE,Keep as a deterministic Data-Intake measurement with governed formula/version and provenance.
DCL-SEED-0120,E08-IMP-0120,volume_zscore_50,VOLUME_LIQUIDITY,LEGACY_ENGINE08,"Volume, money-flow, VWAP, or liquidity measurement",OHLCV,shares_or_currency,IMPLEMENTED,src/indicators.py,0.1,SMOKE_TESTED,LOW_TO_MEDIUM,AVAILABLE_NOW,BASELINE,CONTEMPORANEOUS,CONTEMPORANEOUS_FACT,INPUT_ELIGIBLE,REQUIRES_FORMAL_DEFINITION,CALIBRATION_ACTIVE,Keep as a deterministic Data-Intake measurement with governed formula/version and provenance.
DCL-SEED-0121,E08-IMP-0121,obv,VOLUME_LIQUIDITY,LEGACY_ENGINE08,"Volume, money-flow, VWAP, or liquidity measurement",OHLCV,shares_or_currency,IMPLEMENTED,src/indicators.py,0.1,SMOKE_TESTED,LOW_TO_MEDIUM,AVAILABLE_NOW,BASELINE,CONTEMPORANEOUS,CONTEMPORANEOUS_FACT,INPUT_ELIGIBLE,OBJECTIVE_DETERMINISTIC,CALIBRATION_ACTIVE,Keep as a deterministic Data-Intake measurement with governed formula/version and provenance.
DCL-SEED-0122,E08-IMP-0122,accumulation_distribution,VOLUME_LIQUIDITY,LEGACY_ENGINE08,"Volume, money-flow, VWAP, or liquidity measurement",OHLCV,shares_or_currency,IMPLEMENTED,src/indicators.py,0.1,SMOKE_TESTED,LOW_TO_MEDIUM,AVAILABLE_NOW,BASELINE,CONTEMPORANEOUS,CONTEMPORANEOUS_FACT,INPUT_ELIGIBLE,OBJECTIVE_DETERMINISTIC,CALIBRATION_ACTIVE,Keep as a deterministic Data-Intake measurement with governed formula/version and provenance.
DCL-SEED-0123,E08-IMP-0123,cmf_20,VOLUME_LIQUIDITY,LEGACY_ENGINE08,"Volume, money-flow, VWAP, or liquidity measurement",OHLCV,dimensionless_or_native,IMPLEMENTED,src/indicators.py,0.1,SMOKE_TESTED,LOW_TO_MEDIUM,AVAILABLE_NOW,BASELINE,CONTEMPORANEOUS,CONTEMPORANEOUS_FACT,INPUT_ELIGIBLE,OBJECTIVE_DETERMINISTIC,CALIBRATION_ACTIVE,Keep as a deterministic Data-Intake measurement with governed formula/version and provenance.
DCL-SEED-0124,E08-IMP-0124,mfi_14,MOMENTUM,LEGACY_ENGINE08,Momentum or oscillator measurement,OHLCV,index_or_percent,IMPLEMENTED,src/indicators.py,0.1,SMOKE_TESTED,LOW_TO_MEDIUM,AVAILABLE_NOW,BASELINE,CONTEMPORANEOUS,CONTEMPORANEOUS_FACT,INPUT_ELIGIBLE,OBJECTIVE_DETERMINISTIC,CALIBRATION_ACTIVE,Keep as a deterministic Data-Intake measurement with governed formula/version and provenance.
DCL-SEED-0125,E08-IMP-0125,rolling_vwap_20,VOLUME_LIQUIDITY,LEGACY_ENGINE08,"Volume, money-flow, VWAP, or liquidity measurement",OHLCV,price_or_price_derived,IMPLEMENTED,src/indicators.py,0.1,SMOKE_TESTED,LOW_TO_MEDIUM,AVAILABLE_NOW,BASELINE,CONTEMPORANEOUS,CONTEMPORANEOUS_FACT,INPUT_ELIGIBLE,OBJECTIVE_DETERMINISTIC,CALIBRATION_ACTIVE,Keep as a deterministic Data-Intake measurement with governed formula/version and provenance.
DCL-SEED-0126,E08-IMP-0126,close_vs_vwap_20,PRICE_RETURN,LEGACY_ENGINE08,"Price, return, gap, or price-location measurement",OHLCV,price_or_price_derived,IMPLEMENTED,src/indicators.py,0.1,SMOKE_TESTED,LOW_TO_MEDIUM,AVAILABLE_NOW,BASELINE,CONTEMPORANEOUS,CONTEMPORANEOUS_FACT,INPUT_ELIGIBLE,OBJECTIVE_DETERMINISTIC,CALIBRATION_ACTIVE,Keep as a deterministic Data-Intake measurement with governed formula/version and provenance.
DCL-SEED-0127,E08-IMP-0127,amihud_illiquidity,VOLUME_LIQUIDITY,LEGACY_ENGINE08,"Volume, money-flow, VWAP, or liquidity measurement",OHLCV,ratio,IMPLEMENTED,src/indicators.py,0.1,SMOKE_TESTED,LOW_TO_MEDIUM,AVAILABLE_NOW,BASELINE,CONTEMPORANEOUS,CONTEMPORANEOUS_FACT,INPUT_ELIGIBLE,OBJECTIVE_DETERMINISTIC,CALIBRATION_ACTIVE,Keep as a deterministic Data-Intake measurement with governed formula/version and provenance.
DCL-SEED-0128,E08-IMP-0128,rolling_high_5,PRICE_RETURN,LEGACY_ENGINE08,"Price, return, gap, or price-location measurement",OHLCV,price_or_price_derived,IMPLEMENTED,src/indicators.py,0.1,SMOKE_TESTED,LOW_TO_MEDIUM,AVAILABLE_NOW,BASELINE,CONTEMPORANEOUS,CONTEMPORANEOUS_FACT,INPUT_ELIGIBLE,OBJECTIVE_DETERMINISTIC,CALIBRATION_ACTIVE,Keep as a deterministic Data-Intake measurement with governed formula/version and provenance.
DCL-SEED-0129,E08-IMP-0129,rolling_low_5,PRICE_RETURN,LEGACY_ENGINE08,"Price, return, gap, or price-location measurement",OHLCV,price_or_price_derived,IMPLEMENTED,src/indicators.py,0.1,SMOKE_TESTED,LOW_TO_MEDIUM,AVAILABLE_NOW,BASELINE,CONTEMPORANEOUS,CONTEMPORANEOUS_FACT,INPUT_ELIGIBLE,OBJECTIVE_DETERMINISTIC,CALIBRATION_ACTIVE,Keep as a deterministic Data-Intake measurement with governed formula/version and provenance.
DCL-SEED-0130,E08-IMP-0130,range_position_5,MARKET_STRUCTURE,LEGACY_ENGINE08,Position relative to rolling market structure,OHLCV,ratio,IMPLEMENTED,src/indicators.py,0.1,SMOKE_TESTED,LOW_TO_MEDIUM,AVAILABLE_NOW,BASELINE,CONTEMPORANEOUS,CONTEMPORANEOUS_FACT,INPUT_ELIGIBLE,OBJECTIVE_DETERMINISTIC,CALIBRATION_ACTIVE,Keep as a deterministic Data-Intake measurement with governed formula/version and provenance.
DCL-SEED-0131,E08-IMP-0131,distance_from_high_5,PRICE_RETURN,LEGACY_ENGINE08,"Price, return, gap, or price-location measurement",OHLCV,ratio,IMPLEMENTED,src/indicators.py,0.1,SMOKE_TESTED,LOW_TO_MEDIUM,AVAILABLE_NOW,BASELINE,CONTEMPORANEOUS,CONTEMPORANEOUS_FACT,INPUT_ELIGIBLE,OBJECTIVE_DETERMINISTIC,CALIBRATION_ACTIVE,Keep as a deterministic Data-Intake measurement with governed formula/version and provenance.
DCL-SEED-0132,E08-IMP-0132,distance_from_low_5,PRICE_RETURN,LEGACY_ENGINE08,"Price, return, gap, or price-location measurement",OHLCV,ratio,IMPLEMENTED,src/indicators.py,0.1,SMOKE_TESTED,LOW_TO_MEDIUM,AVAILABLE_NOW,BASELINE,CONTEMPORANEOUS,CONTEMPORANEOUS_FACT,INPUT_ELIGIBLE,OBJECTIVE_DETERMINISTIC,CALIBRATION_ACTIVE,Keep as a deterministic Data-Intake measurement with governed formula/version and provenance.
DCL-SEED-0133,E08-IMP-0133,new_high_5,PRICE_RETURN,LEGACY_ENGINE08,"Price, return, gap, or price-location measurement",OHLCV,binary,IMPLEMENTED,src/indicators.py,0.1,SMOKE_TESTED,LOW_TO_MEDIUM,AVAILABLE_NOW,BASELINE,CONTEMPORANEOUS,CONTEMPORANEOUS_FACT,INPUT_ELIGIBLE,OBJECTIVE_DETERMINISTIC,CALIBRATION_ACTIVE,Keep as a deterministic Data-Intake measurement with governed formula/version and provenance.
DCL-SEED-0134,E08-IMP-0134,new_low_5,PRICE_RETURN,LEGACY_ENGINE08,"Price, return, gap, or price-location measurement",OHLCV,binary,IMPLEMENTED,src/indicators.py,0.1,SMOKE_TESTED,LOW_TO_MEDIUM,AVAILABLE_NOW,BASELINE,CONTEMPORANEOUS,CONTEMPORANEOUS_FACT,INPUT_ELIGIBLE,OBJECTIVE_DETERMINISTIC,CALIBRATION_ACTIVE,Keep as a deterministic Data-Intake measurement with governed formula/version and provenance.
DCL-SEED-0135,E08-IMP-0135,rolling_high_10,PRICE_RETURN,LEGACY_ENGINE08,"Price, return, gap, or price-location measurement",OHLCV,price_or_price_derived,IMPLEMENTED,src/indicators.py,0.1,SMOKE_TESTED,LOW_TO_MEDIUM,AVAILABLE_NOW,BASELINE,CONTEMPORANEOUS,CONTEMPORANEOUS_FACT,INPUT_ELIGIBLE,OBJECTIVE_DETERMINISTIC,CALIBRATION_ACTIVE,Keep as a deterministic Data-Intake measurement with governed formula/version and provenance.
DCL-SEED-0136,E08-IMP-0136,rolling_low_10,PRICE_RETURN,LEGACY_ENGINE08,"Price, return, gap, or price-location measurement",OHLCV,price_or_price_derived,IMPLEMENTED,src/indicators.py,0.1,SMOKE_TESTED,LOW_TO_MEDIUM,AVAILABLE_NOW,BASELINE,CONTEMPORANEOUS,CONTEMPORANEOUS_FACT,INPUT_ELIGIBLE,OBJECTIVE_DETERMINISTIC,CALIBRATION_ACTIVE,Keep as a deterministic Data-Intake measurement with governed formula/version and provenance.
DCL-SEED-0137,E08-IMP-0137,range_position_10,MARKET_STRUCTURE,LEGACY_ENGINE08,Position relative to rolling market structure,OHLCV,ratio,IMPLEMENTED,src/indicators.py,0.1,SMOKE_TESTED,LOW_TO_MEDIUM,AVAILABLE_NOW,BASELINE,CONTEMPORANEOUS,CONTEMPORANEOUS_FACT,INPUT_ELIGIBLE,OBJECTIVE_DETERMINISTIC,CALIBRATION_ACTIVE,Keep as a deterministic Data-Intake measurement with governed formula/version and provenance.
DCL-SEED-0138,E08-IMP-0138,distance_from_high_10,PRICE_RETURN,LEGACY_ENGINE08,"Price, return, gap, or price-location measurement",OHLCV,ratio,IMPLEMENTED,src/indicators.py,0.1,SMOKE_TESTED,LOW_TO_MEDIUM,AVAILABLE_NOW,BASELINE,CONTEMPORANEOUS,CONTEMPORANEOUS_FACT,INPUT_ELIGIBLE,OBJECTIVE_DETERMINISTIC,CALIBRATION_ACTIVE,Keep as a deterministic Data-Intake measurement with governed formula/version and provenance.
DCL-SEED-0139,E08-IMP-0139,distance_from_low_10,PRICE_RETURN,LEGACY_ENGINE08,"Price, return, gap, or price-location measurement",OHLCV,ratio,IMPLEMENTED,src/indicators.py,0.1,SMOKE_TESTED,LOW_TO_MEDIUM,AVAILABLE_NOW,BASELINE,CONTEMPORANEOUS,CONTEMPORANEOUS_FACT,INPUT_ELIGIBLE,OBJECTIVE_DETERMINISTIC,CALIBRATION_ACTIVE,Keep as a deterministic Data-Intake measurement with governed formula/version and provenance.
DCL-SEED-0140,E08-IMP-0140,new_high_10,PRICE_RETURN,LEGACY_ENGINE08,"Price, return, gap, or price-location measurement",OHLCV,binary,IMPLEMENTED,src/indicators.py,0.1,SMOKE_TESTED,LOW_TO_MEDIUM,AVAILABLE_NOW,BASELINE,CONTEMPORANEOUS,CONTEMPORANEOUS_FACT,INPUT_ELIGIBLE,OBJECTIVE_DETERMINISTIC,CALIBRATION_ACTIVE,Keep as a deterministic Data-Intake measurement with governed formula/version and provenance.
DCL-SEED-0141,E08-IMP-0141,new_low_10,PRICE_RETURN,LEGACY_ENGINE08,"Price, return, gap, or price-location measurement",OHLCV,binary,IMPLEMENTED,src/indicators.py,0.1,SMOKE_TESTED,LOW_TO_MEDIUM,AVAILABLE_NOW,BASELINE,CONTEMPORANEOUS,CONTEMPORANEOUS_FACT,INPUT_ELIGIBLE,OBJECTIVE_DETERMINISTIC,CALIBRATION_ACTIVE,Keep as a deterministic Data-Intake measurement with governed formula/version and provenance.
DCL-SEED-0142,E08-IMP-0142,rolling_high_20,PRICE_RETURN,LEGACY_ENGINE08,"Price, return, gap, or price-location measurement",OHLCV,price_or_price_derived,IMPLEMENTED,src/indicators.py,0.1,SMOKE_TESTED,LOW_TO_MEDIUM,AVAILABLE_NOW,BASELINE,CONTEMPORANEOUS,CONTEMPORANEOUS_FACT,INPUT_ELIGIBLE,OBJECTIVE_DETERMINISTIC,CALIBRATION_ACTIVE,Keep as a deterministic Data-Intake measurement with governed formula/version and provenance.
DCL-SEED-0143,E08-IMP-0143,rolling_low_20,PRICE_RETURN,LEGACY_ENGINE08,"Price, return, gap, or price-location measurement",OHLCV,price_or_price_derived,IMPLEMENTED,src/indicators.py,0.1,SMOKE_TESTED,LOW_TO_MEDIUM,AVAILABLE_NOW,BASELINE,CONTEMPORANEOUS,CONTEMPORANEOUS_FACT,INPUT_ELIGIBLE,OBJECTIVE_DETERMINISTIC,CALIBRATION_ACTIVE,Keep as a deterministic Data-Intake measurement with governed formula/version and provenance.
DCL-SEED-0144,E08-IMP-0144,range_position_20,MARKET_STRUCTURE,LEGACY_ENGINE08,Position relative to rolling market structure,OHLCV,ratio,IMPLEMENTED,src/indicators.py,0.1,SMOKE_TESTED,LOW_TO_MEDIUM,AVAILABLE_NOW,BASELINE,CONTEMPORANEOUS,CONTEMPORANEOUS_FACT,INPUT_ELIGIBLE,OBJECTIVE_DETERMINISTIC,CALIBRATION_ACTIVE,Keep as a deterministic Data-Intake measurement with governed formula/version and provenance.
DCL-SEED-0145,E08-IMP-0145,distance_from_high_20,PRICE_RETURN,LEGACY_ENGINE08,"Price, return, gap, or price-location measurement",OHLCV,ratio,IMPLEMENTED,src/indicators.py,0.1,SMOKE_TESTED,LOW_TO_MEDIUM,AVAILABLE_NOW,BASELINE,CONTEMPORANEOUS,CONTEMPORANEOUS_FACT,INPUT_ELIGIBLE,OBJECTIVE_DETERMINISTIC,CALIBRATION_ACTIVE,Keep as a deterministic Data-Intake measurement with governed formula/version and provenance.
DCL-SEED-0146,E08-IMP-0146,distance_from_low_20,PRICE_RETURN,LEGACY_ENGINE08,"Price, return, gap, or price-location measurement",OHLCV,ratio,IMPLEMENTED,src/indicators.py,0.1,SMOKE_TESTED,LOW_TO_MEDIUM,AVAILABLE_NOW,BASELINE,CONTEMPORANEOUS,CONTEMPORANEOUS_FACT,INPUT_ELIGIBLE,OBJECTIVE_DETERMINISTIC,CALIBRATION_ACTIVE,Keep as a deterministic Data-Intake measurement with governed formula/version and provenance.
DCL-SEED-0147,E08-IMP-0147,new_high_20,PRICE_RETURN,LEGACY_ENGINE08,"Price, return, gap, or price-location measurement",OHLCV,binary,IMPLEMENTED,src/indicators.py,0.1,SMOKE_TESTED,LOW_TO_MEDIUM,AVAILABLE_NOW,BASELINE,CONTEMPORANEOUS,CONTEMPORANEOUS_FACT,INPUT_ELIGIBLE,OBJECTIVE_DETERMINISTIC,CALIBRATION_ACTIVE,Keep as a deterministic Data-Intake measurement with governed formula/version and provenance.
DCL-SEED-0148,E08-IMP-0148,new_low_20,PRICE_RETURN,LEGACY_ENGINE08,"Price, return, gap, or price-location measurement",OHLCV,binary,IMPLEMENTED,src/indicators.py,0.1,SMOKE_TESTED,LOW_TO_MEDIUM,AVAILABLE_NOW,BASELINE,CONTEMPORANEOUS,CONTEMPORANEOUS_FACT,INPUT_ELIGIBLE,OBJECTIVE_DETERMINISTIC,CALIBRATION_ACTIVE,Keep as a deterministic Data-Intake measurement with governed formula/version and provenance.
DCL-SEED-0149,E08-IMP-0149,rolling_high_50,PRICE_RETURN,LEGACY_ENGINE08,"Price, return, gap, or price-location measurement",OHLCV,price_or_price_derived,IMPLEMENTED,src/indicators.py,0.1,SMOKE_TESTED,LOW_TO_MEDIUM,AVAILABLE_NOW,BASELINE,CONTEMPORANEOUS,CONTEMPORANEOUS_FACT,INPUT_ELIGIBLE,OBJECTIVE_DETERMINISTIC,CALIBRATION_ACTIVE,Keep as a deterministic Data-Intake measurement with governed formula/version and provenance.
DCL-SEED-0150,E08-IMP-0150,rolling_low_50,PRICE_RETURN,LEGACY_ENGINE08,"Price, return, gap, or price-location measurement",OHLCV,price_or_price_derived,IMPLEMENTED,src/indicators.py,0.1,SMOKE_TESTED,LOW_TO_MEDIUM,AVAILABLE_NOW,BASELINE,CONTEMPORANEOUS,CONTEMPORANEOUS_FACT,INPUT_ELIGIBLE,OBJECTIVE_DETERMINISTIC,CALIBRATION_ACTIVE,Keep as a deterministic Data-Intake measurement with governed formula/version and provenance.
DCL-SEED-0151,E08-IMP-0151,range_position_50,MARKET_STRUCTURE,LEGACY_ENGINE08,Position relative to rolling market structure,OHLCV,ratio,IMPLEMENTED,src/indicators.py,0.1,SMOKE_TESTED,LOW_TO_MEDIUM,AVAILABLE_NOW,BASELINE,CONTEMPORANEOUS,CONTEMPORANEOUS_FACT,INPUT_ELIGIBLE,OBJECTIVE_DETERMINISTIC,CALIBRATION_ACTIVE,Keep as a deterministic Data-Intake measurement with governed formula/version and provenance.
DCL-SEED-0152,E08-IMP-0152,distance_from_high_50,PRICE_RETURN,LEGACY_ENGINE08,"Price, return, gap, or price-location measurement",OHLCV,ratio,IMPLEMENTED,src/indicators.py,0.1,SMOKE_TESTED,LOW_TO_MEDIUM,AVAILABLE_NOW,BASELINE,CONTEMPORANEOUS,CONTEMPORANEOUS_FACT,INPUT_ELIGIBLE,OBJECTIVE_DETERMINISTIC,CALIBRATION_ACTIVE,Keep as a deterministic Data-Intake measurement with governed formula/version and provenance.
DCL-SEED-0153,E08-IMP-0153,distance_from_low_50,PRICE_RETURN,LEGACY_ENGINE08,"Price, return, gap, or price-location measurement",OHLCV,ratio,IMPLEMENTED,src/indicators.py,0.1,SMOKE_TESTED,LOW_TO_MEDIUM,AVAILABLE_NOW,BASELINE,CONTEMPORANEOUS,CONTEMPORANEOUS_FACT,INPUT_ELIGIBLE,OBJECTIVE_DETERMINISTIC,CALIBRATION_ACTIVE,Keep as a deterministic Data-Intake measurement with governed formula/version and provenance.
DCL-SEED-0154,E08-IMP-0154,new_high_50,PRICE_RETURN,LEGACY_ENGINE08,"Price, return, gap, or price-location measurement",OHLCV,binary,IMPLEMENTED,src/indicators.py,0.1,SMOKE_TESTED,LOW_TO_MEDIUM,AVAILABLE_NOW,BASELINE,CONTEMPORANEOUS,CONTEMPORANEOUS_FACT,INPUT_ELIGIBLE,OBJECTIVE_DETERMINISTIC,CALIBRATION_ACTIVE,Keep as a deterministic Data-Intake measurement with governed formula/version and provenance.
DCL-SEED-0155,E08-IMP-0155,new_low_50,PRICE_RETURN,LEGACY_ENGINE08,"Price, return, gap, or price-location measurement",OHLCV,binary,IMPLEMENTED,src/indicators.py,0.1,SMOKE_TESTED,LOW_TO_MEDIUM,AVAILABLE_NOW,BASELINE,CONTEMPORANEOUS,CONTEMPORANEOUS_FACT,INPUT_ELIGIBLE,OBJECTIVE_DETERMINISTIC,CALIBRATION_ACTIVE,Keep as a deterministic Data-Intake measurement with governed formula/version and provenance.
DCL-SEED-0156,E08-IMP-0156,rolling_high_100,PRICE_RETURN,LEGACY_ENGINE08,"Price, return, gap, or price-location measurement",OHLCV,price_or_price_derived,IMPLEMENTED,src/indicators.py,0.1,SMOKE_TESTED,LOW_TO_MEDIUM,AVAILABLE_NOW,BASELINE,CONTEMPORANEOUS,CONTEMPORANEOUS_FACT,INPUT_ELIGIBLE,OBJECTIVE_DETERMINISTIC,CALIBRATION_ACTIVE,Keep as a deterministic Data-Intake measurement with governed formula/version and provenance.
DCL-SEED-0157,E08-IMP-0157,rolling_low_100,PRICE_RETURN,LEGACY_ENGINE08,"Price, return, gap, or price-location measurement",OHLCV,price_or_price_derived,IMPLEMENTED,src/indicators.py,0.1,SMOKE_TESTED,LOW_TO_MEDIUM,AVAILABLE_NOW,BASELINE,CONTEMPORANEOUS,CONTEMPORANEOUS_FACT,INPUT_ELIGIBLE,OBJECTIVE_DETERMINISTIC,CALIBRATION_ACTIVE,Keep as a deterministic Data-Intake measurement with governed formula/version and provenance.
DCL-SEED-0158,E08-IMP-0158,range_position_100,MARKET_STRUCTURE,LEGACY_ENGINE08,Position relative to rolling market structure,OHLCV,ratio,IMPLEMENTED,src/indicators.py,0.1,SMOKE_TESTED,LOW_TO_MEDIUM,AVAILABLE_NOW,BASELINE,CONTEMPORANEOUS,CONTEMPORANEOUS_FACT,INPUT_ELIGIBLE,OBJECTIVE_DETERMINISTIC,CALIBRATION_ACTIVE,Keep as a deterministic Data-Intake measurement with governed formula/version and provenance.
DCL-SEED-0159,E08-IMP-0159,distance_from_high_100,PRICE_RETURN,LEGACY_ENGINE08,"Price, return, gap, or price-location measurement",OHLCV,ratio,IMPLEMENTED,src/indicators.py,0.1,SMOKE_TESTED,LOW_TO_MEDIUM,AVAILABLE_NOW,BASELINE,CONTEMPORANEOUS,CONTEMPORANEOUS_FACT,INPUT_ELIGIBLE,OBJECTIVE_DETERMINISTIC,CALIBRATION_ACTIVE,Keep as a deterministic Data-Intake measurement with governed formula/version and provenance.
DCL-SEED-0160,E08-IMP-0160,distance_from_low_100,PRICE_RETURN,LEGACY_ENGINE08,"Price, return, gap, or price-location measurement",OHLCV,ratio,IMPLEMENTED,src/indicators.py,0.1,SMOKE_TESTED,LOW_TO_MEDIUM,AVAILABLE_NOW,BASELINE,CONTEMPORANEOUS,CONTEMPORANEOUS_FACT,INPUT_ELIGIBLE,OBJECTIVE_DETERMINISTIC,CALIBRATION_ACTIVE,Keep as a deterministic Data-Intake measurement with governed formula/version and provenance.
DCL-SEED-0161,E08-IMP-0161,new_high_100,PRICE_RETURN,LEGACY_ENGINE08,"Price, return, gap, or price-location measurement",OHLCV,binary,IMPLEMENTED,src/indicators.py,0.1,SMOKE_TESTED,LOW_TO_MEDIUM,AVAILABLE_NOW,BASELINE,CONTEMPORANEOUS,CONTEMPORANEOUS_FACT,INPUT_ELIGIBLE,OBJECTIVE_DETERMINISTIC,CALIBRATION_ACTIVE,Keep as a deterministic Data-Intake measurement with governed formula/version and provenance.
DCL-SEED-0162,E08-IMP-0162,new_low_100,PRICE_RETURN,LEGACY_ENGINE08,"Price, return, gap, or price-location measurement",OHLCV,binary,IMPLEMENTED,src/indicators.py,0.1,SMOKE_TESTED,LOW_TO_MEDIUM,AVAILABLE_NOW,BASELINE,CONTEMPORANEOUS,CONTEMPORANEOUS_FACT,INPUT_ELIGIBLE,OBJECTIVE_DETERMINISTIC,CALIBRATION_ACTIVE,Keep as a deterministic Data-Intake measurement with governed formula/version and provenance.
DCL-SEED-0163,E08-IMP-0163,rolling_high_252,PRICE_RETURN,LEGACY_ENGINE08,"Price, return, gap, or price-location measurement",OHLCV,price_or_price_derived,IMPLEMENTED,src/indicators.py,0.1,SMOKE_TESTED,LOW_TO_MEDIUM,AVAILABLE_NOW,BASELINE,CONTEMPORANEOUS,CONTEMPORANEOUS_FACT,INPUT_ELIGIBLE,OBJECTIVE_DETERMINISTIC,CALIBRATION_ACTIVE,Keep as a deterministic Data-Intake measurement with governed formula/version and provenance.
DCL-SEED-0164,E08-IMP-0164,rolling_low_252,PRICE_RETURN,LEGACY_ENGINE08,"Price, return, gap, or price-location measurement",OHLCV,price_or_price_derived,IMPLEMENTED,src/indicators.py,0.1,SMOKE_TESTED,LOW_TO_MEDIUM,AVAILABLE_NOW,BASELINE,CONTEMPORANEOUS,CONTEMPORANEOUS_FACT,INPUT_ELIGIBLE,OBJECTIVE_DETERMINISTIC,CALIBRATION_ACTIVE,Keep as a deterministic Data-Intake measurement with governed formula/version and provenance.
DCL-SEED-0165,E08-IMP-0165,range_position_252,MARKET_STRUCTURE,LEGACY_ENGINE08,Position relative to rolling market structure,OHLCV,ratio,IMPLEMENTED,src/indicators.py,0.1,SMOKE_TESTED,LOW_TO_MEDIUM,AVAILABLE_NOW,BASELINE,CONTEMPORANEOUS,CONTEMPORANEOUS_FACT,INPUT_ELIGIBLE,OBJECTIVE_DETERMINISTIC,CALIBRATION_ACTIVE,Keep as a deterministic Data-Intake measurement with governed formula/version and provenance.
DCL-SEED-0166,E08-IMP-0166,distance_from_high_252,PRICE_RETURN,LEGACY_ENGINE08,"Price, return, gap, or price-location measurement",OHLCV,ratio,IMPLEMENTED,src/indicators.py,0.1,SMOKE_TESTED,LOW_TO_MEDIUM,AVAILABLE_NOW,BASELINE,CONTEMPORANEOUS,CONTEMPORANEOUS_FACT,INPUT_ELIGIBLE,OBJECTIVE_DETERMINISTIC,CALIBRATION_ACTIVE,Keep as a deterministic Data-Intake measurement with governed formula/version and provenance.
DCL-SEED-0167,E08-IMP-0167,distance_from_low_252,PRICE_RETURN,LEGACY_ENGINE08,"Price, return, gap, or price-location measurement",OHLCV,ratio,IMPLEMENTED,src/indicators.py,0.1,SMOKE_TESTED,LOW_TO_MEDIUM,AVAILABLE_NOW,BASELINE,CONTEMPORANEOUS,CONTEMPORANEOUS_FACT,INPUT_ELIGIBLE,OBJECTIVE_DETERMINISTIC,CALIBRATION_ACTIVE,Keep as a deterministic Data-Intake measurement with governed formula/version and provenance.
DCL-SEED-0168,E08-IMP-0168,new_high_252,PRICE_RETURN,LEGACY_ENGINE08,"Price, return, gap, or price-location measurement",OHLCV,binary,IMPLEMENTED,src/indicators.py,0.1,SMOKE_TESTED,LOW_TO_MEDIUM,AVAILABLE_NOW,BASELINE,CONTEMPORANEOUS,CONTEMPORANEOUS_FACT,INPUT_ELIGIBLE,OBJECTIVE_DETERMINISTIC,CALIBRATION_ACTIVE,Keep as a deterministic Data-Intake measurement with governed formula/version and provenance.
DCL-SEED-0169,E08-IMP-0169,new_low_252,PRICE_RETURN,LEGACY_ENGINE08,"Price, return, gap, or price-location measurement",OHLCV,binary,IMPLEMENTED,src/indicators.py,0.1,SMOKE_TESTED,LOW_TO_MEDIUM,AVAILABLE_NOW,BASELINE,CONTEMPORANEOUS,CONTEMPORANEOUS_FACT,INPUT_ELIGIBLE,OBJECTIVE_DETERMINISTIC,CALIBRATION_ACTIVE,Keep as a deterministic Data-Intake measurement with governed formula/version and provenance.
DCL-SEED-0170,E08-PLN-0170,linear_regression_slope,TREND_GEOMETRY,LEGACY_ENGINE08,Registered objective measurement pending implementation,OHLCV_OR_BENCHMARK,TO_BE_SPECIFIED,PLANNED,UNASSIGNED,UNIMPLEMENTED,NOT_VALIDATED,TO_BE_MEASURED,IMPLEMENTATION_REQUIRED,ON_DEMAND,CONTEMPORANEOUS,CONTEMPORANEOUS_FACT,INPUT_ELIGIBLE,REQUIRES_FORMAL_DEFINITION,CALIBRATION_ACTIVE,"Keep concept after freezing exact deterministic formula, parameters, windowing, edge cases, null behavior, and version."
DCL-SEED-0171,E08-PLN-0171,normalized_slope,TREND_GEOMETRY,LEGACY_ENGINE08,Registered objective measurement pending implementation,OHLCV_OR_BENCHMARK,TO_BE_SPECIFIED,PLANNED,UNASSIGNED,UNIMPLEMENTED,NOT_VALIDATED,TO_BE_MEASURED,IMPLEMENTATION_REQUIRED,ON_DEMAND,CONTEMPORANEOUS,CONTEMPORANEOUS_FACT,INPUT_ELIGIBLE,REQUIRES_FORMAL_DEFINITION,CALIBRATION_ACTIVE,"Keep concept after freezing exact deterministic formula, parameters, windowing, edge cases, null behavior, and version."
DCL-SEED-0172,E08-PLN-0172,slope_angle,TREND_GEOMETRY,LEGACY_ENGINE08,Registered objective measurement pending implementation,OHLCV_OR_BENCHMARK,TO_BE_SPECIFIED,PLANNED,UNASSIGNED,UNIMPLEMENTED,NOT_VALIDATED,TO_BE_MEASURED,IMPLEMENTATION_REQUIRED,ON_DEMAND,CONTEMPORANEOUS,CONTEMPORANEOUS_FACT,INPUT_ELIGIBLE,REQUIRES_FORMAL_DEFINITION,CALIBRATION_ACTIVE,"Keep concept after freezing exact deterministic formula, parameters, windowing, edge cases, null behavior, and version."
DCL-SEED-0173,E08-PLN-0173,slope_acceleration,TREND_GEOMETRY,LEGACY_ENGINE08,Registered objective measurement pending implementation,OHLCV_OR_BENCHMARK,TO_BE_SPECIFIED,PLANNED,UNASSIGNED,UNIMPLEMENTED,NOT_VALIDATED,TO_BE_MEASURED,IMPLEMENTATION_REQUIRED,ON_DEMAND,CONTEMPORANEOUS,CONTEMPORANEOUS_FACT,INPUT_ELIGIBLE,REQUIRES_FORMAL_DEFINITION,CALIBRATION_ACTIVE,"Keep concept after freezing exact deterministic formula, parameters, windowing, edge cases, null behavior, and version."
DCL-SEED-0174,E08-PLN-0174,slope_curvature,TREND_GEOMETRY,LEGACY_ENGINE08,Registered objective measurement pending implementation,OHLCV_OR_BENCHMARK,TO_BE_SPECIFIED,PLANNED,UNASSIGNED,UNIMPLEMENTED,NOT_VALIDATED,TO_BE_MEASURED,IMPLEMENTATION_REQUIRED,ON_DEMAND,CONTEMPORANEOUS,CONTEMPORANEOUS_FACT,INPUT_ELIGIBLE,REQUIRES_FORMAL_DEFINITION,CALIBRATION_ACTIVE,"Keep concept after freezing exact deterministic formula, parameters, windowing, edge cases, null behavior, and version."
DCL-SEED-0175,E08-PLN-0175,trend_smoothness,TREND_GEOMETRY,LEGACY_ENGINE08,Registered objective measurement pending implementation,OHLCV_OR_BENCHMARK,TO_BE_SPECIFIED,PLANNED,UNASSIGNED,UNIMPLEMENTED,NOT_VALIDATED,TO_BE_MEASURED,IMPLEMENTATION_REQUIRED,ON_DEMAND,CONTEMPORANEOUS,CONTEMPORANEOUS_FACT,INPUT_ELIGIBLE,REQUIRES_FORMAL_DEFINITION,CALIBRATION_ACTIVE,"Keep concept after freezing exact deterministic formula, parameters, windowing, edge cases, null behavior, and version."
DCL-SEED-0176,E08-PLN-0176,trend_fragmentation,TREND_GEOMETRY,LEGACY_ENGINE08,Registered objective measurement pending implementation,OHLCV_OR_BENCHMARK,TO_BE_SPECIFIED,PLANNED,UNASSIGNED,UNIMPLEMENTED,NOT_VALIDATED,TO_BE_MEASURED,IMPLEMENTATION_REQUIRED,ON_DEMAND,CONTEMPORANEOUS,CONTEMPORANEOUS_FACT,INPUT_ELIGIBLE,REQUIRES_FORMAL_DEFINITION,CALIBRATION_ACTIVE,"Keep concept after freezing exact deterministic formula, parameters, windowing, edge cases, null behavior, and version."
DCL-SEED-0177,E08-PLN-0177,trend_persistence,TREND_GEOMETRY,LEGACY_ENGINE08,Registered objective measurement pending implementation,OHLCV_OR_BENCHMARK,TO_BE_SPECIFIED,PLANNED,UNASSIGNED,UNIMPLEMENTED,NOT_VALIDATED,TO_BE_MEASURED,IMPLEMENTATION_REQUIRED,ON_DEMAND,CONTEMPORANEOUS,CONTEMPORANEOUS_FACT,INPUT_ELIGIBLE,REQUIRES_FORMAL_DEFINITION,CALIBRATION_ACTIVE,"Keep concept after freezing exact deterministic formula, parameters, windowing, edge cases, null behavior, and version."
DCL-SEED-0178,E08-PLN-0178,moving_average_alignment,TREND_GEOMETRY,LEGACY_ENGINE08,Registered objective measurement pending implementation,OHLCV_OR_BENCHMARK,TO_BE_SPECIFIED,PLANNED,UNASSIGNED,UNIMPLEMENTED,NOT_VALIDATED,TO_BE_MEASURED,IMPLEMENTATION_REQUIRED,ON_DEMAND,CONTEMPORANEOUS,CONTEMPORANEOUS_FACT,INPUT_ELIGIBLE,REQUIRES_FORMAL_DEFINITION,CALIBRATION_ACTIVE,"Keep concept after freezing exact deterministic formula, parameters, windowing, edge cases, null behavior, and version."
DCL-SEED-0179,E08-PLN-0179,moving_average_spacing,TREND_GEOMETRY,LEGACY_ENGINE08,Registered objective measurement pending implementation,OHLCV_OR_BENCHMARK,TO_BE_SPECIFIED,PLANNED,UNASSIGNED,UNIMPLEMENTED,NOT_VALIDATED,TO_BE_MEASURED,IMPLEMENTATION_REQUIRED,ON_DEMAND,CONTEMPORANEOUS,CONTEMPORANEOUS_FACT,INPUT_ELIGIBLE,REQUIRES_FORMAL_DEFINITION,CALIBRATION_ACTIVE,"Keep concept after freezing exact deterministic formula, parameters, windowing, edge cases, null behavior, and version."
DCL-SEED-0180,E08-PLN-0180,moving_average_compression,TREND_GEOMETRY,LEGACY_ENGINE08,Registered objective measurement pending implementation,OHLCV_OR_BENCHMARK,TO_BE_SPECIFIED,PLANNED,UNASSIGNED,UNIMPLEMENTED,NOT_VALIDATED,TO_BE_MEASURED,IMPLEMENTATION_REQUIRED,ON_DEMAND,CONTEMPORANEOUS,CONTEMPORANEOUS_FACT,INPUT_ELIGIBLE,REQUIRES_FORMAL_DEFINITION,CALIBRATION_ACTIVE,"Keep concept after freezing exact deterministic formula, parameters, windowing, edge cases, null behavior, and version."
DCL-SEED-0181,E08-PLN-0181,moving_average_expansion,TREND_GEOMETRY,LEGACY_ENGINE08,Registered objective measurement pending implementation,OHLCV_OR_BENCHMARK,TO_BE_SPECIFIED,PLANNED,UNASSIGNED,UNIMPLEMENTED,NOT_VALIDATED,TO_BE_MEASURED,IMPLEMENTATION_REQUIRED,ON_DEMAND,CONTEMPORANEOUS,CONTEMPORANEOUS_FACT,INPUT_ELIGIBLE,REQUIRES_FORMAL_DEFINITION,CALIBRATION_ACTIVE,"Keep concept after freezing exact deterministic formula, parameters, windowing, edge cases, null behavior, and version."
DCL-SEED-0182,E08-PLN-0182,atr_historical_percentile,VOLATILITY_STRUCTURE,LEGACY_ENGINE08,Registered objective measurement pending implementation,OHLCV_OR_BENCHMARK,TO_BE_SPECIFIED,PLANNED,UNASSIGNED,UNIMPLEMENTED,NOT_VALIDATED,TO_BE_MEASURED,IMPLEMENTATION_REQUIRED,ON_DEMAND,CONTEMPORANEOUS,CONTEMPORANEOUS_FACT,INPUT_ELIGIBLE,REQUIRES_FORMAL_DEFINITION,CALIBRATION_ACTIVE,"Keep concept after freezing exact deterministic formula, parameters, windowing, edge cases, null behavior, and version."
DCL-SEED-0183,E08-PLN-0183,realized_volatility_percentile,VOLATILITY_STRUCTURE,LEGACY_ENGINE08,Registered objective measurement pending implementation,OHLCV_OR_BENCHMARK,TO_BE_SPECIFIED,PLANNED,UNASSIGNED,UNIMPLEMENTED,NOT_VALIDATED,TO_BE_MEASURED,IMPLEMENTATION_REQUIRED,ON_DEMAND,CONTEMPORANEOUS,CONTEMPORANEOUS_FACT,INPUT_ELIGIBLE,REQUIRES_FORMAL_DEFINITION,CALIBRATION_ACTIVE,"Keep concept after freezing exact deterministic formula, parameters, windowing, edge cases, null behavior, and version."
DCL-SEED-0184,E08-PLN-0184,bollinger_bandwidth_percentile,VOLATILITY_STRUCTURE,LEGACY_ENGINE08,Registered objective measurement pending implementation,OHLCV_OR_BENCHMARK,TO_BE_SPECIFIED,PLANNED,UNASSIGNED,UNIMPLEMENTED,NOT_VALIDATED,TO_BE_MEASURED,IMPLEMENTATION_REQUIRED,ON_DEMAND,CONTEMPORANEOUS,CONTEMPORANEOUS_FACT,INPUT_ELIGIBLE,REQUIRES_FORMAL_DEFINITION,CALIBRATION_ACTIVE,"Keep concept after freezing exact deterministic formula, parameters, windowing, edge cases, null behavior, and version."
DCL-SEED-0185,E08-PLN-0185,volatility_acceleration,VOLATILITY_STRUCTURE,LEGACY_ENGINE08,Registered objective measurement pending implementation,OHLCV_OR_BENCHMARK,TO_BE_SPECIFIED,PLANNED,UNASSIGNED,UNIMPLEMENTED,NOT_VALIDATED,TO_BE_MEASURED,IMPLEMENTATION_REQUIRED,ON_DEMAND,CONTEMPORANEOUS,CONTEMPORANEOUS_FACT,INPUT_ELIGIBLE,REQUIRES_FORMAL_DEFINITION,CALIBRATION_ACTIVE,"Keep concept after freezing exact deterministic formula, parameters, windowing, edge cases, null behavior, and version."
DCL-SEED-0186,E08-PLN-0186,volatility_of_volatility,VOLATILITY_STRUCTURE,LEGACY_ENGINE08,Registered objective measurement pending implementation,OHLCV_OR_BENCHMARK,TO_BE_SPECIFIED,PLANNED,UNASSIGNED,UNIMPLEMENTED,NOT_VALIDATED,TO_BE_MEASURED,IMPLEMENTATION_REQUIRED,ON_DEMAND,CONTEMPORANEOUS,CONTEMPORANEOUS_FACT,INPUT_ELIGIBLE,REQUIRES_FORMAL_DEFINITION,CALIBRATION_ACTIVE,"Keep concept after freezing exact deterministic formula, parameters, windowing, edge cases, null behavior, and version."
DCL-SEED-0187,E08-PLN-0187,volatility_clustering,VOLATILITY_STRUCTURE,LEGACY_ENGINE08,Registered objective measurement pending implementation,OHLCV_OR_BENCHMARK,TO_BE_SPECIFIED,PLANNED,UNASSIGNED,UNIMPLEMENTED,NOT_VALIDATED,TO_BE_MEASURED,IMPLEMENTATION_REQUIRED,ON_DEMAND,CONTEMPORANEOUS,CONTEMPORANEOUS_FACT,INPUT_ELIGIBLE,REQUIRES_FORMAL_DEFINITION,CALIBRATION_ACTIVE,"Keep concept after freezing exact deterministic formula, parameters, windowing, edge cases, null behavior, and version."
DCL-SEED-0188,E08-PLN-0188,upside_volatility,VOLATILITY_STRUCTURE,LEGACY_ENGINE08,Registered objective measurement pending implementation,OHLCV_OR_BENCHMARK,TO_BE_SPECIFIED,PLANNED,UNASSIGNED,UNIMPLEMENTED,NOT_VALIDATED,TO_BE_MEASURED,IMPLEMENTATION_REQUIRED,ON_DEMAND,CONTEMPORANEOUS,CONTEMPORANEOUS_FACT,INPUT_ELIGIBLE,REQUIRES_FORMAL_DEFINITION,CALIBRATION_ACTIVE,"Keep concept after freezing exact deterministic formula, parameters, windowing, edge cases, null behavior, and version."
DCL-SEED-0189,E08-PLN-0189,downside_volatility,VOLATILITY_STRUCTURE,LEGACY_ENGINE08,Registered objective measurement pending implementation,OHLCV_OR_BENCHMARK,TO_BE_SPECIFIED,PLANNED,UNASSIGNED,UNIMPLEMENTED,NOT_VALIDATED,TO_BE_MEASURED,IMPLEMENTATION_REQUIRED,ON_DEMAND,CONTEMPORANEOUS,CONTEMPORANEOUS_FACT,INPUT_ELIGIBLE,REQUIRES_FORMAL_DEFINITION,CALIBRATION_ACTIVE,"Keep concept after freezing exact deterministic formula, parameters, windowing, edge cases, null behavior, and version."
DCL-SEED-0190,E08-PLN-0190,nr4,VOLATILITY_STRUCTURE,LEGACY_ENGINE08,Registered objective measurement pending implementation,OHLCV_OR_BENCHMARK,TO_BE_SPECIFIED,PLANNED,UNASSIGNED,UNIMPLEMENTED,NOT_VALIDATED,TO_BE_MEASURED,IMPLEMENTATION_REQUIRED,ON_DEMAND,CONTEMPORANEOUS,CONTEMPORANEOUS_FACT,INPUT_ELIGIBLE,REQUIRES_FORMAL_DEFINITION,CALIBRATION_ACTIVE,"Keep concept after freezing exact deterministic formula, parameters, windowing, edge cases, null behavior, and version."
DCL-SEED-0191,E08-PLN-0191,nr7,VOLATILITY_STRUCTURE,LEGACY_ENGINE08,Registered objective measurement pending implementation,OHLCV_OR_BENCHMARK,TO_BE_SPECIFIED,PLANNED,UNASSIGNED,UNIMPLEMENTED,NOT_VALIDATED,TO_BE_MEASURED,IMPLEMENTATION_REQUIRED,ON_DEMAND,CONTEMPORANEOUS,CONTEMPORANEOUS_FACT,INPUT_ELIGIBLE,REQUIRES_FORMAL_DEFINITION,CALIBRATION_ACTIVE,"Keep concept after freezing exact deterministic formula, parameters, windowing, edge cases, null behavior, and version."
DCL-SEED-0192,E08-PLN-0192,idnr4,VOLATILITY_STRUCTURE,LEGACY_ENGINE08,Registered objective measurement pending implementation,OHLCV_OR_BENCHMARK,TO_BE_SPECIFIED,PLANNED,UNASSIGNED,UNIMPLEMENTED,NOT_VALIDATED,TO_BE_MEASURED,IMPLEMENTATION_REQUIRED,ON_DEMAND,CONTEMPORANEOUS,CONTEMPORANEOUS_FACT,INPUT_ELIGIBLE,REQUIRES_FORMAL_DEFINITION,CALIBRATION_ACTIVE,"Keep concept after freezing exact deterministic formula, parameters, windowing, edge cases, null behavior, and version."
DCL-SEED-0193,E08-PLN-0193,idnr7,VOLATILITY_STRUCTURE,LEGACY_ENGINE08,Registered objective measurement pending implementation,OHLCV_OR_BENCHMARK,TO_BE_SPECIFIED,PLANNED,UNASSIGNED,UNIMPLEMENTED,NOT_VALIDATED,TO_BE_MEASURED,IMPLEMENTATION_REQUIRED,ON_DEMAND,CONTEMPORANEOUS,CONTEMPORANEOUS_FACT,INPUT_ELIGIBLE,REQUIRES_FORMAL_DEFINITION,CALIBRATION_ACTIVE,"Keep concept after freezing exact deterministic formula, parameters, windowing, edge cases, null behavior, and version."
DCL-SEED-0194,E08-PLN-0194,compression_score,VOLATILITY_STRUCTURE,LEGACY_ENGINE08,Registered objective measurement pending implementation,OHLCV_OR_BENCHMARK,TO_BE_SPECIFIED,PLANNED,UNASSIGNED,UNIMPLEMENTED,NOT_VALIDATED,TO_BE_MEASURED,IMPLEMENTATION_REQUIRED,ON_DEMAND,CONTEMPORANEOUS,CONTEMPORANEOUS_FACT,INPUT_ELIGIBLE,REQUIRES_FORMAL_DEFINITION,CALIBRATION_ACTIVE,"Keep concept after freezing exact deterministic formula, parameters, windowing, edge cases, null behavior, and version."
DCL-SEED-0195,E08-PLN-0195,expansion_score,VOLATILITY_STRUCTURE,LEGACY_ENGINE08,Registered objective measurement pending implementation,OHLCV_OR_BENCHMARK,TO_BE_SPECIFIED,PLANNED,UNASSIGNED,UNIMPLEMENTED,NOT_VALIDATED,TO_BE_MEASURED,IMPLEMENTATION_REQUIRED,ON_DEMAND,CONTEMPORANEOUS,CONTEMPORANEOUS_FACT,INPUT_ELIGIBLE,REQUIRES_FORMAL_DEFINITION,CALIBRATION_ACTIVE,"Keep concept after freezing exact deterministic formula, parameters, windowing, edge cases, null behavior, and version."
DCL-SEED-0196,E08-PLN-0196,squeeze_duration,VOLATILITY_STRUCTURE,LEGACY_ENGINE08,Registered objective measurement pending implementation,OHLCV_OR_BENCHMARK,TO_BE_SPECIFIED,PLANNED,UNASSIGNED,UNIMPLEMENTED,NOT_VALIDATED,TO_BE_MEASURED,IMPLEMENTATION_REQUIRED,ON_DEMAND,CONTEMPORANEOUS,CONTEMPORANEOUS_FACT,INPUT_ELIGIBLE,REQUIRES_FORMAL_DEFINITION,CALIBRATION_ACTIVE,"Keep concept after freezing exact deterministic formula, parameters, windowing, edge cases, null behavior, and version."
DCL-SEED-0197,E08-PLN-0197,swing_high_detection,ADVANCED_MARKET_STRUCTURE,LEGACY_ENGINE08,Registered objective measurement pending implementation,OHLCV_OR_BENCHMARK,TO_BE_SPECIFIED,PLANNED,UNASSIGNED,UNIMPLEMENTED,NOT_VALIDATED,TO_BE_MEASURED,IMPLEMENTATION_REQUIRED,ON_DEMAND,CONTEMPORANEOUS,CONTEMPORANEOUS_FACT,INPUT_ELIGIBLE,REQUIRES_FORMAL_DEFINITION,CALIBRATION_ACTIVE,"Keep concept after freezing exact deterministic formula, parameters, windowing, edge cases, null behavior, and version."
DCL-SEED-0198,E08-PLN-0198,swing_low_detection,ADVANCED_MARKET_STRUCTURE,LEGACY_ENGINE08,Registered objective measurement pending implementation,OHLCV_OR_BENCHMARK,TO_BE_SPECIFIED,PLANNED,UNASSIGNED,UNIMPLEMENTED,NOT_VALIDATED,TO_BE_MEASURED,IMPLEMENTATION_REQUIRED,ON_DEMAND,CONTEMPORANEOUS,CONTEMPORANEOUS_FACT,INPUT_ELIGIBLE,REQUIRES_FORMAL_DEFINITION,CALIBRATION_ACTIVE,"Keep concept after freezing exact deterministic formula, parameters, windowing, edge cases, null behavior, and version."
DCL-SEED-0199,E08-PLN-0199,pivot_hierarchy,ADVANCED_MARKET_STRUCTURE,LEGACY_ENGINE08,Registered objective measurement pending implementation,OHLCV_OR_BENCHMARK,TO_BE_SPECIFIED,PLANNED,UNASSIGNED,UNIMPLEMENTED,NOT_VALIDATED,TO_BE_MEASURED,IMPLEMENTATION_REQUIRED,ON_DEMAND,CONTEMPORANEOUS,CONTEMPORANEOUS_FACT,INPUT_ELIGIBLE,REQUIRES_FORMAL_DEFINITION,CALIBRATION_ACTIVE,"Keep concept after freezing exact deterministic formula, parameters, windowing, edge cases, null behavior, and version."
DCL-SEED-0200,E08-PLN-0200,pivot_density,ADVANCED_MARKET_STRUCTURE,LEGACY_ENGINE08,Registered objective measurement pending implementation,OHLCV_OR_BENCHMARK,TO_BE_SPECIFIED,PLANNED,UNASSIGNED,UNIMPLEMENTED,NOT_VALIDATED,TO_BE_MEASURED,IMPLEMENTATION_REQUIRED,ON_DEMAND,CONTEMPORANEOUS,CONTEMPORANEOUS_FACT,INPUT_ELIGIBLE,REQUIRES_FORMAL_DEFINITION,CALIBRATION_ACTIVE,"Keep concept after freezing exact deterministic formula, parameters, windowing, edge cases, null behavior, and version."
DCL-SEED-0201,E08-PLN-0201,swing_length,ADVANCED_MARKET_STRUCTURE,LEGACY_ENGINE08,Registered objective measurement pending implementation,OHLCV_OR_BENCHMARK,TO_BE_SPECIFIED,PLANNED,UNASSIGNED,UNIMPLEMENTED,NOT_VALIDATED,TO_BE_MEASURED,IMPLEMENTATION_REQUIRED,ON_DEMAND,CONTEMPORANEOUS,CONTEMPORANEOUS_FACT,INPUT_ELIGIBLE,REQUIRES_FORMAL_DEFINITION,CALIBRATION_ACTIVE,"Keep concept after freezing exact deterministic formula, parameters, windowing, edge cases, null behavior, and version."
DCL-SEED-0202,E08-PLN-0202,swing_duration,ADVANCED_MARKET_STRUCTURE,LEGACY_ENGINE08,Registered objective measurement pending implementation,OHLCV_OR_BENCHMARK,TO_BE_SPECIFIED,PLANNED,UNASSIGNED,UNIMPLEMENTED,NOT_VALIDATED,TO_BE_MEASURED,IMPLEMENTATION_REQUIRED,ON_DEMAND,CONTEMPORANEOUS,CONTEMPORANEOUS_FACT,INPUT_ELIGIBLE,REQUIRES_FORMAL_DEFINITION,CALIBRATION_ACTIVE,"Keep concept after freezing exact deterministic formula, parameters, windowing, edge cases, null behavior, and version."
DCL-SEED-0203,E08-PLN-0203,swing_magnitude,ADVANCED_MARKET_STRUCTURE,LEGACY_ENGINE08,Registered objective measurement pending implementation,OHLCV_OR_BENCHMARK,TO_BE_SPECIFIED,PLANNED,UNASSIGNED,UNIMPLEMENTED,NOT_VALIDATED,TO_BE_MEASURED,IMPLEMENTATION_REQUIRED,ON_DEMAND,CONTEMPORANEOUS,CONTEMPORANEOUS_FACT,INPUT_ELIGIBLE,REQUIRES_FORMAL_DEFINITION,CALIBRATION_ACTIVE,"Keep concept after freezing exact deterministic formula, parameters, windowing, edge cases, null behavior, and version."
DCL-SEED-0204,E08-PLN-0204,swing_symmetry,ADVANCED_MARKET_STRUCTURE,LEGACY_ENGINE08,Registered objective measurement pending implementation,OHLCV_OR_BENCHMARK,TO_BE_SPECIFIED,PLANNED,UNASSIGNED,UNIMPLEMENTED,NOT_VALIDATED,TO_BE_MEASURED,IMPLEMENTATION_REQUIRED,ON_DEMAND,CONTEMPORANEOUS,CONTEMPORANEOUS_FACT,INPUT_ELIGIBLE,REQUIRES_FORMAL_DEFINITION,CALIBRATION_ACTIVE,"Keep concept after freezing exact deterministic formula, parameters, windowing, edge cases, null behavior, and version."
DCL-SEED-0205,E08-PLN-0205,zigzag_statistics,ADVANCED_MARKET_STRUCTURE,LEGACY_ENGINE08,Registered objective measurement pending implementation,OHLCV_OR_BENCHMARK,TO_BE_SPECIFIED,PLANNED,UNASSIGNED,UNIMPLEMENTED,NOT_VALIDATED,TO_BE_MEASURED,IMPLEMENTATION_REQUIRED,ON_DEMAND,CONTEMPORANEOUS,CONTEMPORANEOUS_FACT,INPUT_ELIGIBLE,REQUIRES_FORMAL_DEFINITION,CALIBRATION_ACTIVE,"Keep concept after freezing exact deterministic formula, parameters, windowing, edge cases, null behavior, and version."
DCL-SEED-0206,E08-PLN-0206,support_touch_count,ADVANCED_MARKET_STRUCTURE,LEGACY_ENGINE08,Registered objective measurement pending implementation,OHLCV_OR_BENCHMARK,TO_BE_SPECIFIED,PLANNED,UNASSIGNED,UNIMPLEMENTED,NOT_VALIDATED,TO_BE_MEASURED,IMPLEMENTATION_REQUIRED,ON_DEMAND,CONTEMPORANEOUS,CONTEMPORANEOUS_FACT,INPUT_ELIGIBLE,REQUIRES_FORMAL_DEFINITION,CALIBRATION_ACTIVE,"Keep concept after freezing exact deterministic formula, parameters, windowing, edge cases, null behavior, and version."
DCL-SEED-0207,E08-PLN-0207,resistance_touch_count,ADVANCED_MARKET_STRUCTURE,LEGACY_ENGINE08,Registered objective measurement pending implementation,OHLCV_OR_BENCHMARK,TO_BE_SPECIFIED,PLANNED,UNASSIGNED,UNIMPLEMENTED,NOT_VALIDATED,TO_BE_MEASURED,IMPLEMENTATION_REQUIRED,ON_DEMAND,CONTEMPORANEOUS,CONTEMPORANEOUS_FACT,INPUT_ELIGIBLE,REQUIRES_FORMAL_DEFINITION,CALIBRATION_ACTIVE,"Keep concept after freezing exact deterministic formula, parameters, windowing, edge cases, null behavior, and version."
DCL-SEED-0208,E08-PLN-0208,break_attempt_count,ADVANCED_MARKET_STRUCTURE,LEGACY_ENGINE08,Registered objective measurement pending implementation,OHLCV_OR_BENCHMARK,TO_BE_SPECIFIED,PLANNED,UNASSIGNED,UNIMPLEMENTED,NOT_VALIDATED,TO_BE_MEASURED,IMPLEMENTATION_REQUIRED,ON_DEMAND,CONTEMPORANEOUS,CONTEMPORANEOUS_FACT,INPUT_ELIGIBLE,REQUIRES_FORMAL_DEFINITION,CALIBRATION_ACTIVE,"Keep concept after freezing exact deterministic formula, parameters, windowing, edge cases, null behavior, and version."
DCL-SEED-0209,E08-PLN-0209,failed_break_attempt_count,ADVANCED_MARKET_STRUCTURE,LEGACY_ENGINE08,Registered objective measurement pending implementation,OHLCV_OR_BENCHMARK,TO_BE_SPECIFIED,PLANNED,UNASSIGNED,UNIMPLEMENTED,NOT_VALIDATED,TO_BE_MEASURED,IMPLEMENTATION_REQUIRED,ON_DEMAND,CONTEMPORANEOUS,CONTEMPORANEOUS_FACT,INPUT_ELIGIBLE,REQUIRES_FORMAL_DEFINITION,CALIBRATION_ACTIVE,"Keep concept after freezing exact deterministic formula, parameters, windowing, edge cases, null behavior, and version."
DCL-SEED-0210,E08-PLN-0210,acceptance_above_prior_range,ADVANCED_MARKET_STRUCTURE,LEGACY_ENGINE08,Registered objective measurement pending implementation,OHLCV_OR_BENCHMARK,TO_BE_SPECIFIED,PLANNED,UNASSIGNED,UNIMPLEMENTED,NOT_VALIDATED,TO_BE_MEASURED,IMPLEMENTATION_REQUIRED,ON_DEMAND,CONTEMPORANEOUS,CONTEMPORANEOUS_FACT,INPUT_ELIGIBLE,REQUIRES_FORMAL_DEFINITION,CALIBRATION_ACTIVE,"Keep concept after freezing exact deterministic formula, parameters, windowing, edge cases, null behavior, and version."
DCL-SEED-0211,E08-PLN-0211,acceptance_below_prior_range,ADVANCED_MARKET_STRUCTURE,LEGACY_ENGINE08,Registered objective measurement pending implementation,OHLCV_OR_BENCHMARK,TO_BE_SPECIFIED,PLANNED,UNASSIGNED,UNIMPLEMENTED,NOT_VALIDATED,TO_BE_MEASURED,IMPLEMENTATION_REQUIRED,ON_DEMAND,CONTEMPORANEOUS,CONTEMPORANEOUS_FACT,INPUT_ELIGIBLE,REQUIRES_FORMAL_DEFINITION,CALIBRATION_ACTIVE,"Keep concept after freezing exact deterministic formula, parameters, windowing, edge cases, null behavior, and version."
DCL-SEED-0212,E08-PLN-0212,consolidation_duration,ADVANCED_MARKET_STRUCTURE,LEGACY_ENGINE08,Registered objective measurement pending implementation,OHLCV_OR_BENCHMARK,TO_BE_SPECIFIED,PLANNED,UNASSIGNED,UNIMPLEMENTED,NOT_VALIDATED,TO_BE_MEASURED,IMPLEMENTATION_REQUIRED,ON_DEMAND,CONTEMPORANEOUS,CONTEMPORANEOUS_FACT,INPUT_ELIGIBLE,REQUIRES_FORMAL_DEFINITION,CALIBRATION_ACTIVE,"Keep concept after freezing exact deterministic formula, parameters, windowing, edge cases, null behavior, and version."
DCL-SEED-0213,E08-PLN-0213,consolidation_depth,ADVANCED_MARKET_STRUCTURE,LEGACY_ENGINE08,Registered objective measurement pending implementation,OHLCV_OR_BENCHMARK,TO_BE_SPECIFIED,PLANNED,UNASSIGNED,UNIMPLEMENTED,NOT_VALIDATED,TO_BE_MEASURED,IMPLEMENTATION_REQUIRED,ON_DEMAND,CONTEMPORANEOUS,CONTEMPORANEOUS_FACT,INPUT_ELIGIBLE,REQUIRES_FORMAL_DEFINITION,CALIBRATION_ACTIVE,"Keep concept after freezing exact deterministic formula, parameters, windowing, edge cases, null behavior, and version."
DCL-SEED-0214,E08-PLN-0214,consolidation_efficiency,ADVANCED_MARKET_STRUCTURE,LEGACY_ENGINE08,Registered objective measurement pending implementation,OHLCV_OR_BENCHMARK,TO_BE_SPECIFIED,PLANNED,UNASSIGNED,UNIMPLEMENTED,NOT_VALIDATED,TO_BE_MEASURED,IMPLEMENTATION_REQUIRED,ON_DEMAND,CONTEMPORANEOUS,CONTEMPORANEOUS_FACT,INPUT_ELIGIBLE,REQUIRES_FORMAL_DEFINITION,CALIBRATION_ACTIVE,"Keep concept after freezing exact deterministic formula, parameters, windowing, edge cases, null behavior, and version."
DCL-SEED-0215,E08-PLN-0215,base_width,ADVANCED_MARKET_STRUCTURE,LEGACY_ENGINE08,Registered objective measurement pending implementation,OHLCV_OR_BENCHMARK,TO_BE_SPECIFIED,PLANNED,UNASSIGNED,UNIMPLEMENTED,NOT_VALIDATED,TO_BE_MEASURED,IMPLEMENTATION_REQUIRED,ON_DEMAND,CONTEMPORANEOUS,CONTEMPORANEOUS_FACT,INPUT_ELIGIBLE,REQUIRES_FORMAL_DEFINITION,CALIBRATION_ACTIVE,"Keep concept after freezing exact deterministic formula, parameters, windowing, edge cases, null behavior, and version."
DCL-SEED-0216,E08-PLN-0216,base_depth,ADVANCED_MARKET_STRUCTURE,LEGACY_ENGINE08,Registered objective measurement pending implementation,OHLCV_OR_BENCHMARK,TO_BE_SPECIFIED,PLANNED,UNASSIGNED,UNIMPLEMENTED,NOT_VALIDATED,TO_BE_MEASURED,IMPLEMENTATION_REQUIRED,ON_DEMAND,CONTEMPORANEOUS,CONTEMPORANEOUS_FACT,INPUT_ELIGIBLE,REQUIRES_FORMAL_DEFINITION,CALIBRATION_ACTIVE,"Keep concept after freezing exact deterministic formula, parameters, windowing, edge cases, null behavior, and version."
DCL-SEED-0217,E08-PLN-0217,channel_slope,ADVANCED_MARKET_STRUCTURE,LEGACY_ENGINE08,Registered objective measurement pending implementation,OHLCV_OR_BENCHMARK,TO_BE_SPECIFIED,PLANNED,UNASSIGNED,UNIMPLEMENTED,NOT_VALIDATED,TO_BE_MEASURED,IMPLEMENTATION_REQUIRED,ON_DEMAND,CONTEMPORANEOUS,CONTEMPORANEOUS_FACT,INPUT_ELIGIBLE,REQUIRES_FORMAL_DEFINITION,CALIBRATION_ACTIVE,"Keep concept after freezing exact deterministic formula, parameters, windowing, edge cases, null behavior, and version."
DCL-SEED-0218,E08-PLN-0218,channel_width,ADVANCED_MARKET_STRUCTURE,LEGACY_ENGINE08,Registered objective measurement pending implementation,OHLCV_OR_BENCHMARK,TO_BE_SPECIFIED,PLANNED,UNASSIGNED,UNIMPLEMENTED,NOT_VALIDATED,TO_BE_MEASURED,IMPLEMENTATION_REQUIRED,ON_DEMAND,CONTEMPORANEOUS,CONTEMPORANEOUS_FACT,INPUT_ELIGIBLE,REQUIRES_FORMAL_DEFINITION,CALIBRATION_ACTIVE,"Keep concept after freezing exact deterministic formula, parameters, windowing, edge cases, null behavior, and version."
DCL-SEED-0219,E08-PLN-0219,pullback_depth,ADVANCED_MARKET_STRUCTURE,LEGACY_ENGINE08,Registered objective measurement pending implementation,OHLCV_OR_BENCHMARK,TO_BE_SPECIFIED,PLANNED,UNASSIGNED,UNIMPLEMENTED,NOT_VALIDATED,TO_BE_MEASURED,IMPLEMENTATION_REQUIRED,ON_DEMAND,CONTEMPORANEOUS,CONTEMPORANEOUS_FACT,INPUT_ELIGIBLE,REQUIRES_FORMAL_DEFINITION,CALIBRATION_ACTIVE,"Keep concept after freezing exact deterministic formula, parameters, windowing, edge cases, null behavior, and version."
DCL-SEED-0220,E08-PLN-0220,pullback_duration,ADVANCED_MARKET_STRUCTURE,LEGACY_ENGINE08,Registered objective measurement pending implementation,OHLCV_OR_BENCHMARK,TO_BE_SPECIFIED,PLANNED,UNASSIGNED,UNIMPLEMENTED,NOT_VALIDATED,TO_BE_MEASURED,IMPLEMENTATION_REQUIRED,ON_DEMAND,CONTEMPORANEOUS,CONTEMPORANEOUS_FACT,INPUT_ELIGIBLE,REQUIRES_FORMAL_DEFINITION,CALIBRATION_ACTIVE,"Keep concept after freezing exact deterministic formula, parameters, windowing, edge cases, null behavior, and version."
DCL-SEED-0221,E08-PLN-0221,pullback_recovery_time,ADVANCED_MARKET_STRUCTURE,LEGACY_ENGINE08,Registered objective measurement pending implementation,OHLCV_OR_BENCHMARK,TO_BE_SPECIFIED,PLANNED,UNASSIGNED,UNIMPLEMENTED,NOT_VALIDATED,TO_BE_MEASURED,IMPLEMENTATION_REQUIRED,ON_DEMAND,CONTEMPORANEOUS,CONTEMPORANEOUS_FACT,INPUT_ELIGIBLE,REQUIRES_FORMAL_DEFINITION,CALIBRATION_ACTIVE,"Keep concept after freezing exact deterministic formula, parameters, windowing, edge cases, null behavior, and version."
DCL-SEED-0222,E08-PLN-0222,progressive_pullback_shallowness,ADVANCED_MARKET_STRUCTURE,LEGACY_ENGINE08,Registered objective measurement pending implementation,OHLCV_OR_BENCHMARK,TO_BE_SPECIFIED,PLANNED,UNASSIGNED,UNIMPLEMENTED,NOT_VALIDATED,TO_BE_MEASURED,IMPLEMENTATION_REQUIRED,ON_DEMAND,CONTEMPORANEOUS,CONTEMPORANEOUS_FACT,INPUT_ELIGIBLE,REQUIRES_FORMAL_DEFINITION,CALIBRATION_ACTIVE,"Keep concept after freezing exact deterministic formula, parameters, windowing, edge cases, null behavior, and version."
DCL-SEED-0223,E08-PLN-0223,volume_dry_up_score,VOLUME_STRUCTURE,LEGACY_ENGINE08,Registered objective measurement pending implementation,OHLCV_OR_BENCHMARK,TO_BE_SPECIFIED,PLANNED,UNASSIGNED,UNIMPLEMENTED,NOT_VALIDATED,TO_BE_MEASURED,IMPLEMENTATION_REQUIRED,ON_DEMAND,CONTEMPORANEOUS,CONTEMPORANEOUS_FACT,INPUT_ELIGIBLE,REQUIRES_FORMAL_DEFINITION,CALIBRATION_ACTIVE,"Keep concept after freezing exact deterministic formula, parameters, windowing, edge cases, null behavior, and version."
DCL-SEED-0224,E08-PLN-0224,volume_climax_score,VOLUME_STRUCTURE,LEGACY_ENGINE08,Registered objective measurement pending implementation,OHLCV_OR_BENCHMARK,TO_BE_SPECIFIED,PLANNED,UNASSIGNED,UNIMPLEMENTED,NOT_VALIDATED,TO_BE_MEASURED,IMPLEMENTATION_REQUIRED,ON_DEMAND,CONTEMPORANEOUS,CONTEMPORANEOUS_FACT,INPUT_ELIGIBLE,REQUIRES_FORMAL_DEFINITION,CALIBRATION_ACTIVE,"Keep concept after freezing exact deterministic formula, parameters, windowing, edge cases, null behavior, and version."
DCL-SEED-0225,E08-PLN-0225,volume_trend_slope,VOLUME_STRUCTURE,LEGACY_ENGINE08,Registered objective measurement pending implementation,OHLCV_OR_BENCHMARK,TO_BE_SPECIFIED,PLANNED,UNASSIGNED,UNIMPLEMENTED,NOT_VALIDATED,TO_BE_MEASURED,IMPLEMENTATION_REQUIRED,ON_DEMAND,CONTEMPORANEOUS,CONTEMPORANEOUS_FACT,INPUT_ELIGIBLE,REQUIRES_FORMAL_DEFINITION,CALIBRATION_ACTIVE,"Keep concept after freezing exact deterministic formula, parameters, windowing, edge cases, null behavior, and version."
DCL-SEED-0226,E08-PLN-0226,volume_acceleration,VOLUME_STRUCTURE,LEGACY_ENGINE08,Registered objective measurement pending implementation,OHLCV_OR_BENCHMARK,TO_BE_SPECIFIED,PLANNED,UNASSIGNED,UNIMPLEMENTED,NOT_VALIDATED,TO_BE_MEASURED,IMPLEMENTATION_REQUIRED,ON_DEMAND,CONTEMPORANEOUS,CONTEMPORANEOUS_FACT,INPUT_ELIGIBLE,REQUIRES_FORMAL_DEFINITION,CALIBRATION_ACTIVE,"Keep concept after freezing exact deterministic formula, parameters, windowing, edge cases, null behavior, and version."
DCL-SEED-0227,E08-PLN-0227,dollar_volume_trend,VOLUME_STRUCTURE,LEGACY_ENGINE08,Registered objective measurement pending implementation,OHLCV_OR_BENCHMARK,TO_BE_SPECIFIED,PLANNED,UNASSIGNED,UNIMPLEMENTED,NOT_VALIDATED,TO_BE_MEASURED,IMPLEMENTATION_REQUIRED,ON_DEMAND,CONTEMPORANEOUS,CONTEMPORANEOUS_FACT,INPUT_ELIGIBLE,REQUIRES_FORMAL_DEFINITION,CALIBRATION_ACTIVE,"Keep concept after freezing exact deterministic formula, parameters, windowing, edge cases, null behavior, and version."
DCL-SEED-0228,E08-PLN-0228,relative_dollar_volume,VOLUME_STRUCTURE,LEGACY_ENGINE08,Registered objective measurement pending implementation,OHLCV_OR_BENCHMARK,TO_BE_SPECIFIED,PLANNED,UNASSIGNED,UNIMPLEMENTED,NOT_VALIDATED,TO_BE_MEASURED,IMPLEMENTATION_REQUIRED,ON_DEMAND,CONTEMPORANEOUS,CONTEMPORANEOUS_FACT,INPUT_ELIGIBLE,REQUIRES_FORMAL_DEFINITION,CALIBRATION_ACTIVE,"Keep concept after freezing exact deterministic formula, parameters, windowing, edge cases, null behavior, and version."
DCL-SEED-0229,E08-PLN-0229,volume_percentile,VOLUME_STRUCTURE,LEGACY_ENGINE08,Registered objective measurement pending implementation,OHLCV_OR_BENCHMARK,TO_BE_SPECIFIED,PLANNED,UNASSIGNED,UNIMPLEMENTED,NOT_VALIDATED,TO_BE_MEASURED,IMPLEMENTATION_REQUIRED,ON_DEMAND,CONTEMPORANEOUS,CONTEMPORANEOUS_FACT,INPUT_ELIGIBLE,REQUIRES_FORMAL_DEFINITION,CALIBRATION_ACTIVE,"Keep concept after freezing exact deterministic formula, parameters, windowing, edge cases, null behavior, and version."
DCL-SEED-0230,E08-PLN-0230,dollar_volume_percentile,VOLUME_STRUCTURE,LEGACY_ENGINE08,Registered objective measurement pending implementation,OHLCV_OR_BENCHMARK,TO_BE_SPECIFIED,PLANNED,UNASSIGNED,UNIMPLEMENTED,NOT_VALIDATED,TO_BE_MEASURED,IMPLEMENTATION_REQUIRED,ON_DEMAND,CONTEMPORANEOUS,CONTEMPORANEOUS_FACT,INPUT_ELIGIBLE,REQUIRES_FORMAL_DEFINITION,CALIBRATION_ACTIVE,"Keep concept after freezing exact deterministic formula, parameters, windowing, edge cases, null behavior, and version."
DCL-SEED-0231,E08-PLN-0231,highest_volume_in_window,VOLUME_STRUCTURE,LEGACY_ENGINE08,Registered objective measurement pending implementation,OHLCV_OR_BENCHMARK,TO_BE_SPECIFIED,PLANNED,UNASSIGNED,UNIMPLEMENTED,NOT_VALIDATED,TO_BE_MEASURED,IMPLEMENTATION_REQUIRED,ON_DEMAND,CONTEMPORANEOUS,CONTEMPORANEOUS_FACT,INPUT_ELIGIBLE,REQUIRES_FORMAL_DEFINITION,CALIBRATION_ACTIVE,"Keep concept after freezing exact deterministic formula, parameters, windowing, edge cases, null behavior, and version."
DCL-SEED-0232,E08-PLN-0232,lowest_volume_in_window,VOLUME_STRUCTURE,LEGACY_ENGINE08,Registered objective measurement pending implementation,OHLCV_OR_BENCHMARK,TO_BE_SPECIFIED,PLANNED,UNASSIGNED,UNIMPLEMENTED,NOT_VALIDATED,TO_BE_MEASURED,IMPLEMENTATION_REQUIRED,ON_DEMAND,CONTEMPORANEOUS,CONTEMPORANEOUS_FACT,INPUT_ELIGIBLE,REQUIRES_FORMAL_DEFINITION,CALIBRATION_ACTIVE,"Keep concept after freezing exact deterministic formula, parameters, windowing, edge cases, null behavior, and version."
DCL-SEED-0233,E08-PLN-0233,consecutive_volume_increases,VOLUME_STRUCTURE,LEGACY_ENGINE08,Registered objective measurement pending implementation,OHLCV_OR_BENCHMARK,TO_BE_SPECIFIED,PLANNED,UNASSIGNED,UNIMPLEMENTED,NOT_VALIDATED,TO_BE_MEASURED,IMPLEMENTATION_REQUIRED,ON_DEMAND,CONTEMPORANEOUS,CONTEMPORANEOUS_FACT,INPUT_ELIGIBLE,REQUIRES_FORMAL_DEFINITION,CALIBRATION_ACTIVE,"Keep concept after freezing exact deterministic formula, parameters, windowing, edge cases, null behavior, and version."
DCL-SEED-0234,E08-PLN-0234,consecutive_volume_decreases,VOLUME_STRUCTURE,LEGACY_ENGINE08,Registered objective measurement pending implementation,OHLCV_OR_BENCHMARK,TO_BE_SPECIFIED,PLANNED,UNASSIGNED,UNIMPLEMENTED,NOT_VALIDATED,TO_BE_MEASURED,IMPLEMENTATION_REQUIRED,ON_DEMAND,CONTEMPORANEOUS,CONTEMPORANEOUS_FACT,INPUT_ELIGIBLE,REQUIRES_FORMAL_DEFINITION,CALIBRATION_ACTIVE,"Keep concept after freezing exact deterministic formula, parameters, windowing, edge cases, null behavior, and version."
DCL-SEED-0235,E08-PLN-0235,accumulation_day_count,VOLUME_STRUCTURE,LEGACY_ENGINE08,Registered objective measurement pending implementation,OHLCV_OR_BENCHMARK,TO_BE_SPECIFIED,PLANNED,UNASSIGNED,UNIMPLEMENTED,NOT_VALIDATED,TO_BE_MEASURED,IMPLEMENTATION_REQUIRED,ON_DEMAND,CONTEMPORANEOUS,CONTEMPORANEOUS_FACT,INPUT_ELIGIBLE,REQUIRES_FORMAL_DEFINITION,CALIBRATION_ACTIVE,"Keep concept after freezing exact deterministic formula, parameters, windowing, edge cases, null behavior, and version."
DCL-SEED-0236,E08-PLN-0236,distribution_day_count,VOLUME_STRUCTURE,LEGACY_ENGINE08,Registered objective measurement pending implementation,OHLCV_OR_BENCHMARK,TO_BE_SPECIFIED,PLANNED,UNASSIGNED,UNIMPLEMENTED,NOT_VALIDATED,TO_BE_MEASURED,IMPLEMENTATION_REQUIRED,ON_DEMAND,CONTEMPORANEOUS,CONTEMPORANEOUS_FACT,INPUT_ELIGIBLE,REQUIRES_FORMAL_DEFINITION,CALIBRATION_ACTIVE,"Keep concept after freezing exact deterministic formula, parameters, windowing, edge cases, null behavior, and version."
DCL-SEED-0237,E08-PLN-0237,price_volume_divergence,VOLUME_STRUCTURE,LEGACY_ENGINE08,Registered objective measurement pending implementation,OHLCV_OR_BENCHMARK,TO_BE_SPECIFIED,PLANNED,UNASSIGNED,UNIMPLEMENTED,NOT_VALIDATED,TO_BE_MEASURED,IMPLEMENTATION_REQUIRED,ON_DEMAND,CONTEMPORANEOUS,CONTEMPORANEOUS_FACT,INPUT_ELIGIBLE,REQUIRES_FORMAL_DEFINITION,CALIBRATION_ACTIVE,"Keep concept after freezing exact deterministic formula, parameters, windowing, edge cases, null behavior, and version."
DCL-SEED-0238,E08-PLN-0238,volume_weighted_return,VOLUME_STRUCTURE,LEGACY_ENGINE08,Registered objective measurement pending implementation,OHLCV_OR_BENCHMARK,TO_BE_SPECIFIED,PLANNED,UNASSIGNED,UNIMPLEMENTED,NOT_VALIDATED,TO_BE_MEASURED,IMPLEMENTATION_REQUIRED,ON_DEMAND,CONTEMPORANEOUS,CONTEMPORANEOUS_FACT,INPUT_ELIGIBLE,REQUIRES_FORMAL_DEFINITION,CALIBRATION_ACTIVE,"Keep concept after freezing exact deterministic formula, parameters, windowing, edge cases, null behavior, and version."
DCL-SEED-0239,E08-PLN-0239,rolling_mean,STATISTICAL_DISTRIBUTION,LEGACY_ENGINE08,Registered objective measurement pending implementation,OHLCV_OR_BENCHMARK,TO_BE_SPECIFIED,PLANNED,UNASSIGNED,UNIMPLEMENTED,NOT_VALIDATED,TO_BE_MEASURED,IMPLEMENTATION_REQUIRED,ON_DEMAND,CONTEMPORANEOUS,CONTEMPORANEOUS_FACT,INPUT_ELIGIBLE,REQUIRES_FORMAL_DEFINITION,CALIBRATION_ACTIVE,"Keep concept after freezing exact deterministic formula, parameters, windowing, edge cases, null behavior, and version."
DCL-SEED-0240,E08-PLN-0240,rolling_median,STATISTICAL_DISTRIBUTION,LEGACY_ENGINE08,Registered objective measurement pending implementation,OHLCV_OR_BENCHMARK,TO_BE_SPECIFIED,PLANNED,UNASSIGNED,UNIMPLEMENTED,NOT_VALIDATED,TO_BE_MEASURED,IMPLEMENTATION_REQUIRED,ON_DEMAND,CONTEMPORANEOUS,CONTEMPORANEOUS_FACT,INPUT_ELIGIBLE,REQUIRES_FORMAL_DEFINITION,CALIBRATION_ACTIVE,"Keep concept after freezing exact deterministic formula, parameters, windowing, edge cases, null behavior, and version."
DCL-SEED-0241,E08-PLN-0241,rolling_variance,STATISTICAL_DISTRIBUTION,LEGACY_ENGINE08,Registered objective measurement pending implementation,OHLCV_OR_BENCHMARK,TO_BE_SPECIFIED,PLANNED,UNASSIGNED,UNIMPLEMENTED,NOT_VALIDATED,TO_BE_MEASURED,IMPLEMENTATION_REQUIRED,ON_DEMAND,CONTEMPORANEOUS,CONTEMPORANEOUS_FACT,INPUT_ELIGIBLE,REQUIRES_FORMAL_DEFINITION,CALIBRATION_ACTIVE,"Keep concept after freezing exact deterministic formula, parameters, windowing, edge cases, null behavior, and version."
DCL-SEED-0242,E08-PLN-0242,rolling_standard_deviation,STATISTICAL_DISTRIBUTION,LEGACY_ENGINE08,Registered objective measurement pending implementation,OHLCV_OR_BENCHMARK,TO_BE_SPECIFIED,PLANNED,UNASSIGNED,UNIMPLEMENTED,NOT_VALIDATED,TO_BE_MEASURED,IMPLEMENTATION_REQUIRED,ON_DEMAND,CONTEMPORANEOUS,CONTEMPORANEOUS_FACT,INPUT_ELIGIBLE,REQUIRES_FORMAL_DEFINITION,CALIBRATION_ACTIVE,"Keep concept after freezing exact deterministic formula, parameters, windowing, edge cases, null behavior, and version."
DCL-SEED-0243,E08-PLN-0243,rolling_skewness,STATISTICAL_DISTRIBUTION,LEGACY_ENGINE08,Registered objective measurement pending implementation,OHLCV_OR_BENCHMARK,TO_BE_SPECIFIED,PLANNED,UNASSIGNED,UNIMPLEMENTED,NOT_VALIDATED,TO_BE_MEASURED,IMPLEMENTATION_REQUIRED,ON_DEMAND,CONTEMPORANEOUS,CONTEMPORANEOUS_FACT,INPUT_ELIGIBLE,REQUIRES_FORMAL_DEFINITION,CALIBRATION_ACTIVE,"Keep concept after freezing exact deterministic formula, parameters, windowing, edge cases, null behavior, and version."
DCL-SEED-0244,E08-PLN-0244,rolling_kurtosis,STATISTICAL_DISTRIBUTION,LEGACY_ENGINE08,Registered objective measurement pending implementation,OHLCV_OR_BENCHMARK,TO_BE_SPECIFIED,PLANNED,UNASSIGNED,UNIMPLEMENTED,NOT_VALIDATED,TO_BE_MEASURED,IMPLEMENTATION_REQUIRED,ON_DEMAND,CONTEMPORANEOUS,CONTEMPORANEOUS_FACT,INPUT_ELIGIBLE,REQUIRES_FORMAL_DEFINITION,CALIBRATION_ACTIVE,"Keep concept after freezing exact deterministic formula, parameters, windowing, edge cases, null behavior, and version."
DCL-SEED-0245,E08-PLN-0245,return_quantiles,STATISTICAL_DISTRIBUTION,LEGACY_ENGINE08,Registered objective measurement pending implementation,OHLCV_OR_BENCHMARK,TO_BE_SPECIFIED,PLANNED,UNASSIGNED,UNIMPLEMENTED,NOT_VALIDATED,TO_BE_MEASURED,IMPLEMENTATION_REQUIRED,ON_DEMAND,CONTEMPORANEOUS,CONTEMPORANEOUS_FACT,INPUT_ELIGIBLE,REQUIRES_FORMAL_DEFINITION,CALIBRATION_ACTIVE,"Keep concept after freezing exact deterministic formula, parameters, windowing, edge cases, null behavior, and version."
DCL-SEED-0246,E08-PLN-0246,tail_ratio,STATISTICAL_DISTRIBUTION,LEGACY_ENGINE08,Registered objective measurement pending implementation,OHLCV_OR_BENCHMARK,TO_BE_SPECIFIED,PLANNED,UNASSIGNED,UNIMPLEMENTED,NOT_VALIDATED,TO_BE_MEASURED,IMPLEMENTATION_REQUIRED,ON_DEMAND,CONTEMPORANEOUS,CONTEMPORANEOUS_FACT,INPUT_ELIGIBLE,REQUIRES_FORMAL_DEFINITION,CALIBRATION_ACTIVE,"Keep concept after freezing exact deterministic formula, parameters, windowing, edge cases, null behavior, and version."
DCL-SEED-0247,E08-PLN-0247,gain_loss_ratio,STATISTICAL_DISTRIBUTION,LEGACY_ENGINE08,Registered objective measurement pending implementation,OHLCV_OR_BENCHMARK,TO_BE_SPECIFIED,PLANNED,UNASSIGNED,UNIMPLEMENTED,NOT_VALIDATED,TO_BE_MEASURED,IMPLEMENTATION_REQUIRED,ON_DEMAND,CONTEMPORANEOUS,CONTEMPORANEOUS_FACT,INPUT_ELIGIBLE,REQUIRES_FORMAL_DEFINITION,CALIBRATION_ACTIVE,"Keep concept after freezing exact deterministic formula, parameters, windowing, edge cases, null behavior, and version."
DCL-SEED-0248,E08-PLN-0248,upside_capture,STATISTICAL_DISTRIBUTION,LEGACY_ENGINE08,Registered objective measurement pending implementation,OHLCV_OR_BENCHMARK,TO_BE_SPECIFIED,PLANNED,UNASSIGNED,UNIMPLEMENTED,NOT_VALIDATED,TO_BE_MEASURED,IMPLEMENTATION_REQUIRED,ON_DEMAND,CONTEMPORANEOUS,CONTEMPORANEOUS_FACT,INPUT_ELIGIBLE,REQUIRES_FORMAL_DEFINITION,CALIBRATION_ACTIVE,"Keep concept after freezing exact deterministic formula, parameters, windowing, edge cases, null behavior, and version."
DCL-SEED-0249,E08-PLN-0249,downside_capture,STATISTICAL_DISTRIBUTION,LEGACY_ENGINE08,Registered objective measurement pending implementation,OHLCV_OR_BENCHMARK,TO_BE_SPECIFIED,PLANNED,UNASSIGNED,UNIMPLEMENTED,NOT_VALIDATED,TO_BE_MEASURED,IMPLEMENTATION_REQUIRED,ON_DEMAND,CONTEMPORANEOUS,CONTEMPORANEOUS_FACT,INPUT_ELIGIBLE,REQUIRES_FORMAL_DEFINITION,CALIBRATION_ACTIVE,"Keep concept after freezing exact deterministic formula, parameters, windowing, edge cases, null behavior, and version."
DCL-SEED-0250,E08-PLN-0250,serial_correlation,STATISTICAL_DISTRIBUTION,LEGACY_ENGINE08,Registered objective measurement pending implementation,OHLCV_OR_BENCHMARK,TO_BE_SPECIFIED,PLANNED,UNASSIGNED,UNIMPLEMENTED,NOT_VALIDATED,TO_BE_MEASURED,IMPLEMENTATION_REQUIRED,ON_DEMAND,CONTEMPORANEOUS,CONTEMPORANEOUS_FACT,INPUT_ELIGIBLE,REQUIRES_FORMAL_DEFINITION,CALIBRATION_ACTIVE,"Keep concept after freezing exact deterministic formula, parameters, windowing, edge cases, null behavior, and version."
DCL-SEED-0251,E08-PLN-0251,partial_autocorrelation,STATISTICAL_DISTRIBUTION,LEGACY_ENGINE08,Registered objective measurement pending implementation,OHLCV_OR_BENCHMARK,TO_BE_SPECIFIED,PLANNED,UNASSIGNED,UNIMPLEMENTED,NOT_VALIDATED,TO_BE_MEASURED,IMPLEMENTATION_REQUIRED,ON_DEMAND,CONTEMPORANEOUS,CONTEMPORANEOUS_FACT,INPUT_ELIGIBLE,REQUIRES_FORMAL_DEFINITION,CALIBRATION_ACTIVE,"Keep concept after freezing exact deterministic formula, parameters, windowing, edge cases, null behavior, and version."
DCL-SEED-0252,E08-PLN-0252,variance_ratio,STATISTICAL_DISTRIBUTION,LEGACY_ENGINE08,Registered objective measurement pending implementation,OHLCV_OR_BENCHMARK,TO_BE_SPECIFIED,PLANNED,UNASSIGNED,UNIMPLEMENTED,NOT_VALIDATED,TO_BE_MEASURED,IMPLEMENTATION_REQUIRED,ON_DEMAND,CONTEMPORANEOUS,CONTEMPORANEOUS_FACT,INPUT_ELIGIBLE,REQUIRES_FORMAL_DEFINITION,CALIBRATION_ACTIVE,"Keep concept after freezing exact deterministic formula, parameters, windowing, edge cases, null behavior, and version."
DCL-SEED-0253,E08-PLN-0253,distribution_shift_score,STATISTICAL_DISTRIBUTION,LEGACY_ENGINE08,Registered objective measurement pending implementation,OHLCV_OR_BENCHMARK,TO_BE_SPECIFIED,PLANNED,UNASSIGNED,UNIMPLEMENTED,NOT_VALIDATED,TO_BE_MEASURED,IMPLEMENTATION_REQUIRED,ON_DEMAND,CONTEMPORANEOUS,CONTEMPORANEOUS_FACT,INPUT_ELIGIBLE,REQUIRES_FORMAL_DEFINITION,CALIBRATION_ACTIVE,"Keep concept after freezing exact deterministic formula, parameters, windowing, edge cases, null behavior, and version."
DCL-SEED-0254,E08-PLN-0254,change_point_score,STATISTICAL_DISTRIBUTION,LEGACY_ENGINE08,Registered objective measurement pending implementation,OHLCV_OR_BENCHMARK,TO_BE_SPECIFIED,PLANNED,UNASSIGNED,UNIMPLEMENTED,NOT_VALIDATED,TO_BE_MEASURED,IMPLEMENTATION_REQUIRED,ON_DEMAND,CONTEMPORANEOUS,CONTEMPORANEOUS_FACT,INPUT_ELIGIBLE,REQUIRES_FORMAL_DEFINITION,CALIBRATION_ACTIVE,"Keep concept after freezing exact deterministic formula, parameters, windowing, edge cases, null behavior, and version."
DCL-SEED-0255,E08-PLN-0255,regime_stability,STATISTICAL_DISTRIBUTION,LEGACY_ENGINE08,Registered objective measurement pending implementation,OHLCV_OR_BENCHMARK,TO_BE_SPECIFIED,PLANNED,UNASSIGNED,UNIMPLEMENTED,NOT_VALIDATED,TO_BE_MEASURED,IMPLEMENTATION_REQUIRED,ON_DEMAND,CONTEMPORANEOUS,CONTEMPORANEOUS_FACT,INPUT_ELIGIBLE,REQUIRES_FORMAL_DEFINITION,CALIBRATION_ACTIVE,"Keep concept after freezing exact deterministic formula, parameters, windowing, edge cases, null behavior, and version."
DCL-SEED-0256,E08-PLN-0256,shannon_entropy,INFORMATION_COMPLEXITY,LEGACY_ENGINE08,Registered objective measurement pending implementation,OHLCV_OR_BENCHMARK,TO_BE_SPECIFIED,PLANNED,UNASSIGNED,UNIMPLEMENTED,NOT_VALIDATED,TO_BE_MEASURED,IMPLEMENTATION_REQUIRED,ON_DEMAND,CONTEMPORANEOUS,CONTEMPORANEOUS_FACT,INPUT_ELIGIBLE,REQUIRES_FORMAL_DEFINITION,CALIBRATION_ACTIVE,"Keep concept after freezing exact deterministic formula, parameters, windowing, edge cases, null behavior, and version."
DCL-SEED-0257,E08-PLN-0257,sample_entropy,INFORMATION_COMPLEXITY,LEGACY_ENGINE08,Registered objective measurement pending implementation,OHLCV_OR_BENCHMARK,TO_BE_SPECIFIED,PLANNED,UNASSIGNED,UNIMPLEMENTED,NOT_VALIDATED,TO_BE_MEASURED,IMPLEMENTATION_REQUIRED,ON_DEMAND,CONTEMPORANEOUS,CONTEMPORANEOUS_FACT,INPUT_ELIGIBLE,REQUIRES_FORMAL_DEFINITION,CALIBRATION_ACTIVE,"Keep concept after freezing exact deterministic formula, parameters, windowing, edge cases, null behavior, and version."
DCL-SEED-0258,E08-PLN-0258,approximate_entropy,INFORMATION_COMPLEXITY,LEGACY_ENGINE08,Registered objective measurement pending implementation,OHLCV_OR_BENCHMARK,TO_BE_SPECIFIED,PLANNED,UNASSIGNED,UNIMPLEMENTED,NOT_VALIDATED,TO_BE_MEASURED,IMPLEMENTATION_REQUIRED,ON_DEMAND,CONTEMPORANEOUS,CONTEMPORANEOUS_FACT,INPUT_ELIGIBLE,REQUIRES_FORMAL_DEFINITION,CALIBRATION_ACTIVE,"Keep concept after freezing exact deterministic formula, parameters, windowing, edge cases, null behavior, and version."
DCL-SEED-0259,E08-PLN-0259,permutation_entropy,INFORMATION_COMPLEXITY,LEGACY_ENGINE08,Registered objective measurement pending implementation,OHLCV_OR_BENCHMARK,TO_BE_SPECIFIED,PLANNED,UNASSIGNED,UNIMPLEMENTED,NOT_VALIDATED,TO_BE_MEASURED,IMPLEMENTATION_REQUIRED,ON_DEMAND,CONTEMPORANEOUS,CONTEMPORANEOUS_FACT,INPUT_ELIGIBLE,REQUIRES_FORMAL_DEFINITION,CALIBRATION_ACTIVE,"Keep concept after freezing exact deterministic formula, parameters, windowing, edge cases, null behavior, and version."
DCL-SEED-0260,E08-PLN-0260,spectral_entropy,INFORMATION_COMPLEXITY,LEGACY_ENGINE08,Registered objective measurement pending implementation,OHLCV_OR_BENCHMARK,TO_BE_SPECIFIED,PLANNED,UNASSIGNED,UNIMPLEMENTED,NOT_VALIDATED,TO_BE_MEASURED,IMPLEMENTATION_REQUIRED,ON_DEMAND,CONTEMPORANEOUS,CONTEMPORANEOUS_FACT,INPUT_ELIGIBLE,REQUIRES_FORMAL_DEFINITION,CALIBRATION_ACTIVE,"Keep concept after freezing exact deterministic formula, parameters, windowing, edge cases, null behavior, and version."
DCL-SEED-0261,E08-PLN-0261,hurst_exponent,INFORMATION_COMPLEXITY,LEGACY_ENGINE08,Registered objective measurement pending implementation,OHLCV_OR_BENCHMARK,TO_BE_SPECIFIED,PLANNED,UNASSIGNED,UNIMPLEMENTED,NOT_VALIDATED,TO_BE_MEASURED,IMPLEMENTATION_REQUIRED,ON_DEMAND,CONTEMPORANEOUS,CONTEMPORANEOUS_FACT,INPUT_ELIGIBLE,REQUIRES_FORMAL_DEFINITION,CALIBRATION_ACTIVE,"Keep concept after freezing exact deterministic formula, parameters, windowing, edge cases, null behavior, and version."
DCL-SEED-0262,E08-PLN-0262,fractal_dimension,INFORMATION_COMPLEXITY,LEGACY_ENGINE08,Registered objective measurement pending implementation,OHLCV_OR_BENCHMARK,TO_BE_SPECIFIED,PLANNED,UNASSIGNED,UNIMPLEMENTED,NOT_VALIDATED,TO_BE_MEASURED,IMPLEMENTATION_REQUIRED,ON_DEMAND,CONTEMPORANEOUS,CONTEMPORANEOUS_FACT,INPUT_ELIGIBLE,REQUIRES_FORMAL_DEFINITION,CALIBRATION_ACTIVE,"Keep concept after freezing exact deterministic formula, parameters, windowing, edge cases, null behavior, and version."
DCL-SEED-0263,E08-PLN-0263,dfa_scaling_exponent,INFORMATION_COMPLEXITY,LEGACY_ENGINE08,Registered objective measurement pending implementation,OHLCV_OR_BENCHMARK,TO_BE_SPECIFIED,PLANNED,UNASSIGNED,UNIMPLEMENTED,NOT_VALIDATED,TO_BE_MEASURED,IMPLEMENTATION_REQUIRED,ON_DEMAND,CONTEMPORANEOUS,CONTEMPORANEOUS_FACT,INPUT_ELIGIBLE,REQUIRES_FORMAL_DEFINITION,CALIBRATION_ACTIVE,"Keep concept after freezing exact deterministic formula, parameters, windowing, edge cases, null behavior, and version."
DCL-SEED-0264,E08-PLN-0264,sequence_irregularity,INFORMATION_COMPLEXITY,LEGACY_ENGINE08,Registered objective measurement pending implementation,OHLCV_OR_BENCHMARK,TO_BE_SPECIFIED,PLANNED,UNASSIGNED,UNIMPLEMENTED,NOT_VALIDATED,TO_BE_MEASURED,IMPLEMENTATION_REQUIRED,ON_DEMAND,CONTEMPORANEOUS,CONTEMPORANEOUS_FACT,INPUT_ELIGIBLE,REQUIRES_FORMAL_DEFINITION,CALIBRATION_ACTIVE,"Keep concept after freezing exact deterministic formula, parameters, windowing, edge cases, null behavior, and version."
DCL-SEED-0265,E08-PLN-0265,compressibility_score,INFORMATION_COMPLEXITY,LEGACY_ENGINE08,Registered objective measurement pending implementation,OHLCV_OR_BENCHMARK,TO_BE_SPECIFIED,PLANNED,UNASSIGNED,UNIMPLEMENTED,NOT_VALIDATED,TO_BE_MEASURED,IMPLEMENTATION_REQUIRED,ON_DEMAND,CONTEMPORANEOUS,CONTEMPORANEOUS_FACT,INPUT_ELIGIBLE,REQUIRES_FORMAL_DEFINITION,CALIBRATION_ACTIVE,"Keep concept after freezing exact deterministic formula, parameters, windowing, edge cases, null behavior, and version."
DCL-SEED-0266,E08-PLN-0266,fourier_dominant_frequency,SIGNAL_PROCESSING,LEGACY_ENGINE08,Registered objective measurement pending implementation,OHLCV_OR_BENCHMARK,TO_BE_SPECIFIED,PLANNED,UNASSIGNED,UNIMPLEMENTED,NOT_VALIDATED,TO_BE_MEASURED,IMPLEMENTATION_REQUIRED,ON_DEMAND,CONTEMPORANEOUS,CONTEMPORANEOUS_FACT,INPUT_ELIGIBLE,REQUIRES_FORMAL_DEFINITION,CALIBRATION_ACTIVE,"Keep concept after freezing exact deterministic formula, parameters, windowing, edge cases, null behavior, and version."
DCL-SEED-0267,E08-PLN-0267,spectral_power,SIGNAL_PROCESSING,LEGACY_ENGINE08,Registered objective measurement pending implementation,OHLCV_OR_BENCHMARK,TO_BE_SPECIFIED,PLANNED,UNASSIGNED,UNIMPLEMENTED,NOT_VALIDATED,TO_BE_MEASURED,IMPLEMENTATION_REQUIRED,ON_DEMAND,CONTEMPORANEOUS,CONTEMPORANEOUS_FACT,INPUT_ELIGIBLE,REQUIRES_FORMAL_DEFINITION,CALIBRATION_ACTIVE,"Keep concept after freezing exact deterministic formula, parameters, windowing, edge cases, null behavior, and version."
DCL-SEED-0268,E08-PLN-0268,wavelet_energy,SIGNAL_PROCESSING,LEGACY_ENGINE08,Registered objective measurement pending implementation,OHLCV_OR_BENCHMARK,TO_BE_SPECIFIED,PLANNED,UNASSIGNED,UNIMPLEMENTED,NOT_VALIDATED,TO_BE_MEASURED,IMPLEMENTATION_REQUIRED,ON_DEMAND,CONTEMPORANEOUS,CONTEMPORANEOUS_FACT,INPUT_ELIGIBLE,REQUIRES_FORMAL_DEFINITION,CALIBRATION_ACTIVE,"Keep concept after freezing exact deterministic formula, parameters, windowing, edge cases, null behavior, and version."
DCL-SEED-0269,E08-PLN-0269,wavelet_entropy,SIGNAL_PROCESSING,LEGACY_ENGINE08,Registered objective measurement pending implementation,OHLCV_OR_BENCHMARK,TO_BE_SPECIFIED,PLANNED,UNASSIGNED,UNIMPLEMENTED,NOT_VALIDATED,TO_BE_MEASURED,IMPLEMENTATION_REQUIRED,ON_DEMAND,CONTEMPORANEOUS,CONTEMPORANEOUS_FACT,INPUT_ELIGIBLE,REQUIRES_FORMAL_DEFINITION,CALIBRATION_ACTIVE,"Keep concept after freezing exact deterministic formula, parameters, windowing, edge cases, null behavior, and version."
DCL-SEED-0270,E08-PLN-0270,hilbert_amplitude,SIGNAL_PROCESSING,LEGACY_ENGINE08,Registered objective measurement pending implementation,OHLCV_OR_BENCHMARK,TO_BE_SPECIFIED,PLANNED,UNASSIGNED,UNIMPLEMENTED,NOT_VALIDATED,TO_BE_MEASURED,IMPLEMENTATION_REQUIRED,ON_DEMAND,CONTEMPORANEOUS,CONTEMPORANEOUS_FACT,INPUT_ELIGIBLE,REQUIRES_FORMAL_DEFINITION,CALIBRATION_ACTIVE,"Keep concept after freezing exact deterministic formula, parameters, windowing, edge cases, null behavior, and version."
DCL-SEED-0271,E08-PLN-0271,hilbert_phase,SIGNAL_PROCESSING,LEGACY_ENGINE08,Registered objective measurement pending implementation,OHLCV_OR_BENCHMARK,TO_BE_SPECIFIED,PLANNED,UNASSIGNED,UNIMPLEMENTED,NOT_VALIDATED,TO_BE_MEASURED,IMPLEMENTATION_REQUIRED,ON_DEMAND,CONTEMPORANEOUS,CONTEMPORANEOUS_FACT,INPUT_ELIGIBLE,REQUIRES_FORMAL_DEFINITION,CALIBRATION_ACTIVE,"Keep concept after freezing exact deterministic formula, parameters, windowing, edge cases, null behavior, and version."
DCL-SEED-0272,E08-PLN-0272,cycle_length_estimate,SIGNAL_PROCESSING,LEGACY_ENGINE08,Registered objective measurement pending implementation,OHLCV_OR_BENCHMARK,TO_BE_SPECIFIED,PLANNED,UNASSIGNED,UNIMPLEMENTED,NOT_VALIDATED,TO_BE_MEASURED,IMPLEMENTATION_REQUIRED,ON_DEMAND,CONTEMPORANEOUS,CONTEMPORANEOUS_FACT,INPUT_ELIGIBLE,REQUIRES_FORMAL_DEFINITION,CALIBRATION_ACTIVE,"Keep concept after freezing exact deterministic formula, parameters, windowing, edge cases, null behavior, and version."
DCL-SEED-0273,E08-PLN-0273,signal_to_noise_ratio,SIGNAL_PROCESSING,LEGACY_ENGINE08,Registered objective measurement pending implementation,OHLCV_OR_BENCHMARK,TO_BE_SPECIFIED,PLANNED,UNASSIGNED,UNIMPLEMENTED,NOT_VALIDATED,TO_BE_MEASURED,IMPLEMENTATION_REQUIRED,ON_DEMAND,CONTEMPORANEOUS,CONTEMPORANEOUS_FACT,INPUT_ELIGIBLE,REQUIRES_FORMAL_DEFINITION,CALIBRATION_ACTIVE,"Keep concept after freezing exact deterministic formula, parameters, windowing, edge cases, null behavior, and version."
DCL-SEED-0274,E08-PLN-0274,low_frequency_trend_energy,SIGNAL_PROCESSING,LEGACY_ENGINE08,Registered objective measurement pending implementation,OHLCV_OR_BENCHMARK,TO_BE_SPECIFIED,PLANNED,UNASSIGNED,UNIMPLEMENTED,NOT_VALIDATED,TO_BE_MEASURED,IMPLEMENTATION_REQUIRED,ON_DEMAND,CONTEMPORANEOUS,CONTEMPORANEOUS_FACT,INPUT_ELIGIBLE,REQUIRES_FORMAL_DEFINITION,CALIBRATION_ACTIVE,"Keep concept after freezing exact deterministic formula, parameters, windowing, edge cases, null behavior, and version."
DCL-SEED-0275,E08-PLN-0275,high_frequency_noise_energy,SIGNAL_PROCESSING,LEGACY_ENGINE08,Registered objective measurement pending implementation,OHLCV_OR_BENCHMARK,TO_BE_SPECIFIED,PLANNED,UNASSIGNED,UNIMPLEMENTED,NOT_VALIDATED,TO_BE_MEASURED,IMPLEMENTATION_REQUIRED,ON_DEMAND,CONTEMPORANEOUS,CONTEMPORANEOUS_FACT,INPUT_ELIGIBLE,REQUIRES_FORMAL_DEFINITION,CALIBRATION_ACTIVE,"Keep concept after freezing exact deterministic formula, parameters, windowing, edge cases, null behavior, and version."
DCL-SEED-0276,E08-PLN-0276,event_duration_bars,EVENT_GEOMETRY,LEGACY_ENGINE08,Registered objective measurement pending implementation,OHLCV_OR_BENCHMARK,TO_BE_SPECIFIED,PLANNED,UNASSIGNED,UNIMPLEMENTED,NOT_VALIDATED,TO_BE_MEASURED,IMPLEMENTATION_REQUIRED,ON_DEMAND,RETROSPECTIVE,HISTORICAL_OUTCOME_GROUND_TRUTH,TARGET_OUTCOME_ONLY,REQUIRES_FORMAL_DEFINITION,CALIBRATION_ACTIVE,"Keep concept after freezing exact deterministic formula, parameters, windowing, edge cases, null behavior, and version. RETROSPECTIVE is valuable historical ground truth, not a defect. Use freely as an outcome/label for historical research; do not pass it as if known at the origin timestamp. It remains ON_DEMAND only where the interval/event definition is request-scoped; standardized forward-horizon outcome metrics should be BASELINE in v2."
DCL-SEED-0277,E08-PLN-0277,event_duration_calendar_days,EVENT_GEOMETRY,LEGACY_ENGINE08,Registered objective measurement pending implementation,OHLCV_OR_BENCHMARK,TO_BE_SPECIFIED,PLANNED,UNASSIGNED,UNIMPLEMENTED,NOT_VALIDATED,TO_BE_MEASURED,IMPLEMENTATION_REQUIRED,ON_DEMAND,RETROSPECTIVE,HISTORICAL_OUTCOME_GROUND_TRUTH,TARGET_OUTCOME_ONLY,REQUIRES_FORMAL_DEFINITION,CALIBRATION_ACTIVE,"Keep concept after freezing exact deterministic formula, parameters, windowing, edge cases, null behavior, and version. RETROSPECTIVE is valuable historical ground truth, not a defect. Use freely as an outcome/label for historical research; do not pass it as if known at the origin timestamp. It remains ON_DEMAND only where the interval/event definition is request-scoped; standardized forward-horizon outcome metrics should be BASELINE in v2."
DCL-SEED-0278,E08-PLN-0278,event_height,EVENT_GEOMETRY,LEGACY_ENGINE08,Registered objective measurement pending implementation,OHLCV_OR_BENCHMARK,TO_BE_SPECIFIED,PLANNED,UNASSIGNED,UNIMPLEMENTED,NOT_VALIDATED,TO_BE_MEASURED,IMPLEMENTATION_REQUIRED,ON_DEMAND,RETROSPECTIVE,HISTORICAL_OUTCOME_GROUND_TRUTH,TARGET_OUTCOME_ONLY,REQUIRES_FORMAL_DEFINITION,CALIBRATION_ACTIVE,"Keep concept after freezing exact deterministic formula, parameters, windowing, edge cases, null behavior, and version. RETROSPECTIVE is valuable historical ground truth, not a defect. Use freely as an outcome/label for historical research; do not pass it as if known at the origin timestamp. It remains ON_DEMAND only where the interval/event definition is request-scoped; standardized forward-horizon outcome metrics should be BASELINE in v2."
DCL-SEED-0279,E08-PLN-0279,event_width,EVENT_GEOMETRY,LEGACY_ENGINE08,Registered objective measurement pending implementation,OHLCV_OR_BENCHMARK,TO_BE_SPECIFIED,PLANNED,UNASSIGNED,UNIMPLEMENTED,NOT_VALIDATED,TO_BE_MEASURED,IMPLEMENTATION_REQUIRED,ON_DEMAND,RETROSPECTIVE,HISTORICAL_OUTCOME_GROUND_TRUTH,TARGET_OUTCOME_ONLY,REQUIRES_FORMAL_DEFINITION,CALIBRATION_ACTIVE,"Keep concept after freezing exact deterministic formula, parameters, windowing, edge cases, null behavior, and version. RETROSPECTIVE is valuable historical ground truth, not a defect. Use freely as an outcome/label for historical research; do not pass it as if known at the origin timestamp. It remains ON_DEMAND only where the interval/event definition is request-scoped; standardized forward-horizon outcome metrics should be BASELINE in v2."
DCL-SEED-0280,E08-PLN-0280,event_aspect_ratio,EVENT_GEOMETRY,LEGACY_ENGINE08,Registered objective measurement pending implementation,OHLCV_OR_BENCHMARK,TO_BE_SPECIFIED,PLANNED,UNASSIGNED,UNIMPLEMENTED,NOT_VALIDATED,TO_BE_MEASURED,IMPLEMENTATION_REQUIRED,ON_DEMAND,RETROSPECTIVE,HISTORICAL_OUTCOME_GROUND_TRUTH,TARGET_OUTCOME_ONLY,REQUIRES_FORMAL_DEFINITION,CALIBRATION_ACTIVE,"Keep concept after freezing exact deterministic formula, parameters, windowing, edge cases, null behavior, and version. RETROSPECTIVE is valuable historical ground truth, not a defect. Use freely as an outcome/label for historical research; do not pass it as if known at the origin timestamp. It remains ON_DEMAND only where the interval/event definition is request-scoped; standardized forward-horizon outcome metrics should be BASELINE in v2."
DCL-SEED-0281,E08-PLN-0281,event_area,EVENT_GEOMETRY,LEGACY_ENGINE08,Registered objective measurement pending implementation,OHLCV_OR_BENCHMARK,TO_BE_SPECIFIED,PLANNED,UNASSIGNED,UNIMPLEMENTED,NOT_VALIDATED,TO_BE_MEASURED,IMPLEMENTATION_REQUIRED,ON_DEMAND,RETROSPECTIVE,HISTORICAL_OUTCOME_GROUND_TRUTH,TARGET_OUTCOME_ONLY,REQUIRES_FORMAL_DEFINITION,CALIBRATION_ACTIVE,"Keep concept after freezing exact deterministic formula, parameters, windowing, edge cases, null behavior, and version. RETROSPECTIVE is valuable historical ground truth, not a defect. Use freely as an outcome/label for historical research; do not pass it as if known at the origin timestamp. It remains ON_DEMAND only where the interval/event definition is request-scoped; standardized forward-horizon outcome metrics should be BASELINE in v2."
DCL-SEED-0282,E08-PLN-0282,event_convexity,EVENT_GEOMETRY,LEGACY_ENGINE08,Registered objective measurement pending implementation,OHLCV_OR_BENCHMARK,TO_BE_SPECIFIED,PLANNED,UNASSIGNED,UNIMPLEMENTED,NOT_VALIDATED,TO_BE_MEASURED,IMPLEMENTATION_REQUIRED,ON_DEMAND,RETROSPECTIVE,HISTORICAL_OUTCOME_GROUND_TRUTH,TARGET_OUTCOME_ONLY,REQUIRES_FORMAL_DEFINITION,CALIBRATION_ACTIVE,"Keep concept after freezing exact deterministic formula, parameters, windowing, edge cases, null behavior, and version. RETROSPECTIVE is valuable historical ground truth, not a defect. Use freely as an outcome/label for historical research; do not pass it as if known at the origin timestamp. It remains ON_DEMAND only where the interval/event definition is request-scoped; standardized forward-horizon outcome metrics should be BASELINE in v2."
DCL-SEED-0283,E08-PLN-0283,event_concavity,EVENT_GEOMETRY,LEGACY_ENGINE08,Registered objective measurement pending implementation,OHLCV_OR_BENCHMARK,TO_BE_SPECIFIED,PLANNED,UNASSIGNED,UNIMPLEMENTED,NOT_VALIDATED,TO_BE_MEASURED,IMPLEMENTATION_REQUIRED,ON_DEMAND,RETROSPECTIVE,HISTORICAL_OUTCOME_GROUND_TRUTH,TARGET_OUTCOME_ONLY,REQUIRES_FORMAL_DEFINITION,CALIBRATION_ACTIVE,"Keep concept after freezing exact deterministic formula, parameters, windowing, edge cases, null behavior, and version. RETROSPECTIVE is valuable historical ground truth, not a defect. Use freely as an outcome/label for historical research; do not pass it as if known at the origin timestamp. It remains ON_DEMAND only where the interval/event definition is request-scoped; standardized forward-horizon outcome metrics should be BASELINE in v2."
DCL-SEED-0284,E08-PLN-0284,event_symmetry,EVENT_GEOMETRY,LEGACY_ENGINE08,Registered objective measurement pending implementation,OHLCV_OR_BENCHMARK,TO_BE_SPECIFIED,PLANNED,UNASSIGNED,UNIMPLEMENTED,NOT_VALIDATED,TO_BE_MEASURED,IMPLEMENTATION_REQUIRED,ON_DEMAND,RETROSPECTIVE,HISTORICAL_OUTCOME_GROUND_TRUTH,TARGET_OUTCOME_ONLY,REQUIRES_FORMAL_DEFINITION,CALIBRATION_ACTIVE,"Keep concept after freezing exact deterministic formula, parameters, windowing, edge cases, null behavior, and version. RETROSPECTIVE is valuable historical ground truth, not a defect. Use freely as an outcome/label for historical research; do not pass it as if known at the origin timestamp. It remains ON_DEMAND only where the interval/event definition is request-scoped; standardized forward-horizon outcome metrics should be BASELINE in v2."
DCL-SEED-0285,E08-PLN-0285,event_path_length,EVENT_GEOMETRY,LEGACY_ENGINE08,Registered objective measurement pending implementation,OHLCV_OR_BENCHMARK,TO_BE_SPECIFIED,PLANNED,UNASSIGNED,UNIMPLEMENTED,NOT_VALIDATED,TO_BE_MEASURED,IMPLEMENTATION_REQUIRED,ON_DEMAND,RETROSPECTIVE,HISTORICAL_OUTCOME_GROUND_TRUTH,TARGET_OUTCOME_ONLY,REQUIRES_FORMAL_DEFINITION,CALIBRATION_ACTIVE,"Keep concept after freezing exact deterministic formula, parameters, windowing, edge cases, null behavior, and version. RETROSPECTIVE is valuable historical ground truth, not a defect. Use freely as an outcome/label for historical research; do not pass it as if known at the origin timestamp. It remains ON_DEMAND only where the interval/event definition is request-scoped; standardized forward-horizon outcome metrics should be BASELINE in v2."
DCL-SEED-0286,E08-PLN-0286,event_directional_efficiency,EVENT_GEOMETRY,LEGACY_ENGINE08,Registered objective measurement pending implementation,OHLCV_OR_BENCHMARK,TO_BE_SPECIFIED,PLANNED,UNASSIGNED,UNIMPLEMENTED,NOT_VALIDATED,TO_BE_MEASURED,IMPLEMENTATION_REQUIRED,ON_DEMAND,RETROSPECTIVE,HISTORICAL_OUTCOME_GROUND_TRUTH,TARGET_OUTCOME_ONLY,REQUIRES_FORMAL_DEFINITION,CALIBRATION_ACTIVE,"Keep concept after freezing exact deterministic formula, parameters, windowing, edge cases, null behavior, and version. RETROSPECTIVE is valuable historical ground truth, not a defect. Use freely as an outcome/label for historical research; do not pass it as if known at the origin timestamp. It remains ON_DEMAND only where the interval/event definition is request-scoped; standardized forward-horizon outcome metrics should be BASELINE in v2."
DCL-SEED-0287,E08-PLN-0287,event_expansion_rate,EVENT_GEOMETRY,LEGACY_ENGINE08,Registered objective measurement pending implementation,OHLCV_OR_BENCHMARK,TO_BE_SPECIFIED,PLANNED,UNASSIGNED,UNIMPLEMENTED,NOT_VALIDATED,TO_BE_MEASURED,IMPLEMENTATION_REQUIRED,ON_DEMAND,RETROSPECTIVE,HISTORICAL_OUTCOME_GROUND_TRUTH,TARGET_OUTCOME_ONLY,REQUIRES_FORMAL_DEFINITION,CALIBRATION_ACTIVE,"Keep concept after freezing exact deterministic formula, parameters, windowing, edge cases, null behavior, and version. RETROSPECTIVE is valuable historical ground truth, not a defect. Use freely as an outcome/label for historical research; do not pass it as if known at the origin timestamp. It remains ON_DEMAND only where the interval/event definition is request-scoped; standardized forward-horizon outcome metrics should be BASELINE in v2."
DCL-SEED-0288,E08-PLN-0288,event_acceleration,EVENT_GEOMETRY,LEGACY_ENGINE08,Registered objective measurement pending implementation,OHLCV_OR_BENCHMARK,TO_BE_SPECIFIED,PLANNED,UNASSIGNED,UNIMPLEMENTED,NOT_VALIDATED,TO_BE_MEASURED,IMPLEMENTATION_REQUIRED,ON_DEMAND,RETROSPECTIVE,HISTORICAL_OUTCOME_GROUND_TRUTH,TARGET_OUTCOME_ONLY,REQUIRES_FORMAL_DEFINITION,CALIBRATION_ACTIVE,"Keep concept after freezing exact deterministic formula, parameters, windowing, edge cases, null behavior, and version. RETROSPECTIVE is valuable historical ground truth, not a defect. Use freely as an outcome/label for historical research; do not pass it as if known at the origin timestamp. It remains ON_DEMAND only where the interval/event definition is request-scoped; standardized forward-horizon outcome metrics should be BASELINE in v2."
DCL-SEED-0289,E08-PLN-0289,event_maximum_favorable_excursion,EVENT_GEOMETRY,LEGACY_ENGINE08,Registered objective measurement pending implementation,OHLCV_OR_BENCHMARK,TO_BE_SPECIFIED,PLANNED,UNASSIGNED,UNIMPLEMENTED,NOT_VALIDATED,TO_BE_MEASURED,IMPLEMENTATION_REQUIRED,ON_DEMAND,RETROSPECTIVE,HISTORICAL_OUTCOME_GROUND_TRUTH,TARGET_OUTCOME_ONLY,REQUIRES_FORMAL_DEFINITION,CALIBRATION_ACTIVE,"Keep concept after freezing exact deterministic formula, parameters, windowing, edge cases, null behavior, and version. RETROSPECTIVE is valuable historical ground truth, not a defect. Use freely as an outcome/label for historical research; do not pass it as if known at the origin timestamp. It remains ON_DEMAND only where the interval/event definition is request-scoped; standardized forward-horizon outcome metrics should be BASELINE in v2."
DCL-SEED-0290,E08-PLN-0290,event_maximum_adverse_excursion,EVENT_GEOMETRY,LEGACY_ENGINE08,Registered objective measurement pending implementation,OHLCV_OR_BENCHMARK,TO_BE_SPECIFIED,PLANNED,UNASSIGNED,UNIMPLEMENTED,NOT_VALIDATED,TO_BE_MEASURED,IMPLEMENTATION_REQUIRED,ON_DEMAND,RETROSPECTIVE,HISTORICAL_OUTCOME_GROUND_TRUTH,TARGET_OUTCOME_ONLY,REQUIRES_FORMAL_DEFINITION,CALIBRATION_ACTIVE,"Keep concept after freezing exact deterministic formula, parameters, windowing, edge cases, null behavior, and version. RETROSPECTIVE is valuable historical ground truth, not a defect. Use freely as an outcome/label for historical research; do not pass it as if known at the origin timestamp. It remains ON_DEMAND only where the interval/event definition is request-scoped; standardized forward-horizon outcome metrics should be BASELINE in v2."
DCL-SEED-0291,E08-PLN-0291,event_maximum_drawdown,EVENT_GEOMETRY,LEGACY_ENGINE08,Registered objective measurement pending implementation,OHLCV_OR_BENCHMARK,TO_BE_SPECIFIED,PLANNED,UNASSIGNED,UNIMPLEMENTED,NOT_VALIDATED,TO_BE_MEASURED,IMPLEMENTATION_REQUIRED,ON_DEMAND,RETROSPECTIVE,HISTORICAL_OUTCOME_GROUND_TRUTH,TARGET_OUTCOME_ONLY,REQUIRES_FORMAL_DEFINITION,CALIBRATION_ACTIVE,"Keep concept after freezing exact deterministic formula, parameters, windowing, edge cases, null behavior, and version. RETROSPECTIVE is valuable historical ground truth, not a defect. Use freely as an outcome/label for historical research; do not pass it as if known at the origin timestamp. It remains ON_DEMAND only where the interval/event definition is request-scoped; standardized forward-horizon outcome metrics should be BASELINE in v2."
DCL-SEED-0292,E08-PLN-0292,event_maximum_runup,EVENT_GEOMETRY,LEGACY_ENGINE08,Registered objective measurement pending implementation,OHLCV_OR_BENCHMARK,TO_BE_SPECIFIED,PLANNED,UNASSIGNED,UNIMPLEMENTED,NOT_VALIDATED,TO_BE_MEASURED,IMPLEMENTATION_REQUIRED,ON_DEMAND,RETROSPECTIVE,HISTORICAL_OUTCOME_GROUND_TRUTH,TARGET_OUTCOME_ONLY,REQUIRES_FORMAL_DEFINITION,CALIBRATION_ACTIVE,"Keep concept after freezing exact deterministic formula, parameters, windowing, edge cases, null behavior, and version. RETROSPECTIVE is valuable historical ground truth, not a defect. Use freely as an outcome/label for historical research; do not pass it as if known at the origin timestamp. It remains ON_DEMAND only where the interval/event definition is request-scoped; standardized forward-horizon outcome metrics should be BASELINE in v2."
DCL-SEED-0293,E08-PLN-0293,event_recovery_rate,EVENT_GEOMETRY,LEGACY_ENGINE08,Registered objective measurement pending implementation,OHLCV_OR_BENCHMARK,TO_BE_SPECIFIED,PLANNED,UNASSIGNED,UNIMPLEMENTED,NOT_VALIDATED,TO_BE_MEASURED,IMPLEMENTATION_REQUIRED,ON_DEMAND,RETROSPECTIVE,HISTORICAL_OUTCOME_GROUND_TRUTH,TARGET_OUTCOME_ONLY,REQUIRES_FORMAL_DEFINITION,CALIBRATION_ACTIVE,"Keep concept after freezing exact deterministic formula, parameters, windowing, edge cases, null behavior, and version. RETROSPECTIVE is valuable historical ground truth, not a defect. Use freely as an outcome/label for historical research; do not pass it as if known at the origin timestamp. It remains ON_DEMAND only where the interval/event definition is request-scoped; standardized forward-horizon outcome metrics should be BASELINE in v2."
DCL-SEED-0294,E08-PLN-0294,event_recovery_efficiency,EVENT_GEOMETRY,LEGACY_ENGINE08,Registered objective measurement pending implementation,OHLCV_OR_BENCHMARK,TO_BE_SPECIFIED,PLANNED,UNASSIGNED,UNIMPLEMENTED,NOT_VALIDATED,TO_BE_MEASURED,IMPLEMENTATION_REQUIRED,ON_DEMAND,RETROSPECTIVE,HISTORICAL_OUTCOME_GROUND_TRUTH,TARGET_OUTCOME_ONLY,REQUIRES_FORMAL_DEFINITION,CALIBRATION_ACTIVE,"Keep concept after freezing exact deterministic formula, parameters, windowing, edge cases, null behavior, and version. RETROSPECTIVE is valuable historical ground truth, not a defect. Use freely as an outcome/label for historical research; do not pass it as if known at the origin timestamp. It remains ON_DEMAND only where the interval/event definition is request-scoped; standardized forward-horizon outcome metrics should be BASELINE in v2."
DCL-SEED-0295,E08-PLN-0295,time_to_peak,EVENT_GEOMETRY,LEGACY_ENGINE08,Registered objective measurement pending implementation,OHLCV_OR_BENCHMARK,TO_BE_SPECIFIED,PLANNED,UNASSIGNED,UNIMPLEMENTED,NOT_VALIDATED,TO_BE_MEASURED,IMPLEMENTATION_REQUIRED,ON_DEMAND,RETROSPECTIVE,HISTORICAL_OUTCOME_GROUND_TRUTH,TARGET_OUTCOME_ONLY,REQUIRES_FORMAL_DEFINITION,CALIBRATION_ACTIVE,"Keep concept after freezing exact deterministic formula, parameters, windowing, edge cases, null behavior, and version. RETROSPECTIVE is valuable historical ground truth, not a defect. Use freely as an outcome/label for historical research; do not pass it as if known at the origin timestamp. It remains ON_DEMAND only where the interval/event definition is request-scoped; standardized forward-horizon outcome metrics should be BASELINE in v2."
DCL-SEED-0296,E08-PLN-0296,time_to_trough,EVENT_GEOMETRY,LEGACY_ENGINE08,Registered objective measurement pending implementation,OHLCV_OR_BENCHMARK,TO_BE_SPECIFIED,PLANNED,UNASSIGNED,UNIMPLEMENTED,NOT_VALIDATED,TO_BE_MEASURED,IMPLEMENTATION_REQUIRED,ON_DEMAND,RETROSPECTIVE,HISTORICAL_OUTCOME_GROUND_TRUTH,TARGET_OUTCOME_ONLY,REQUIRES_FORMAL_DEFINITION,CALIBRATION_ACTIVE,"Keep concept after freezing exact deterministic formula, parameters, windowing, edge cases, null behavior, and version. RETROSPECTIVE is valuable historical ground truth, not a defect. Use freely as an outcome/label for historical research; do not pass it as if known at the origin timestamp. It remains ON_DEMAND only where the interval/event definition is request-scoped; standardized forward-horizon outcome metrics should be BASELINE in v2."
DCL-SEED-0297,E08-PLN-0297,feature_start_value,TEMPORAL_EVOLUTION,LEGACY_ENGINE08,Registered objective measurement pending implementation,OHLCV_OR_BENCHMARK,TO_BE_SPECIFIED,PLANNED,UNASSIGNED,UNIMPLEMENTED,NOT_VALIDATED,TO_BE_MEASURED,IMPLEMENTATION_REQUIRED,ON_DEMAND,CONTEMPORANEOUS,CONTEMPORANEOUS_FACT,INPUT_ELIGIBLE,REQUIRES_FORMAL_DEFINITION,CALIBRATION_ACTIVE,"Keep concept after freezing exact deterministic formula, parameters, windowing, edge cases, null behavior, and version."
DCL-SEED-0298,E08-PLN-0298,feature_end_value,TEMPORAL_EVOLUTION,LEGACY_ENGINE08,Registered objective measurement pending implementation,OHLCV_OR_BENCHMARK,TO_BE_SPECIFIED,PLANNED,UNASSIGNED,UNIMPLEMENTED,NOT_VALIDATED,TO_BE_MEASURED,IMPLEMENTATION_REQUIRED,ON_DEMAND,RETROSPECTIVE,HISTORICAL_OUTCOME_GROUND_TRUTH,TARGET_OUTCOME_ONLY,REQUIRES_FORMAL_DEFINITION,CALIBRATION_ACTIVE,"Keep concept after freezing exact deterministic formula, parameters, windowing, edge cases, null behavior, and version. RETROSPECTIVE is valuable historical ground truth, not a defect. Use freely as an outcome/label for historical research; do not pass it as if known at the origin timestamp. It remains ON_DEMAND only where the interval/event definition is request-scoped; standardized forward-horizon outcome metrics should be BASELINE in v2."
DCL-SEED-0299,E08-PLN-0299,feature_absolute_change,TEMPORAL_EVOLUTION,LEGACY_ENGINE08,Registered objective measurement pending implementation,OHLCV_OR_BENCHMARK,TO_BE_SPECIFIED,PLANNED,UNASSIGNED,UNIMPLEMENTED,NOT_VALIDATED,TO_BE_MEASURED,IMPLEMENTATION_REQUIRED,ON_DEMAND,RETROSPECTIVE,HISTORICAL_OUTCOME_GROUND_TRUTH,TARGET_OUTCOME_ONLY,REQUIRES_FORMAL_DEFINITION,CALIBRATION_ACTIVE,"Keep concept after freezing exact deterministic formula, parameters, windowing, edge cases, null behavior, and version. RETROSPECTIVE is valuable historical ground truth, not a defect. Use freely as an outcome/label for historical research; do not pass it as if known at the origin timestamp. It remains ON_DEMAND only where the interval/event definition is request-scoped; standardized forward-horizon outcome metrics should be BASELINE in v2."
DCL-SEED-0300,E08-PLN-0300,feature_percent_change,TEMPORAL_EVOLUTION,LEGACY_ENGINE08,Registered objective measurement pending implementation,OHLCV_OR_BENCHMARK,TO_BE_SPECIFIED,PLANNED,UNASSIGNED,UNIMPLEMENTED,NOT_VALIDATED,TO_BE_MEASURED,IMPLEMENTATION_REQUIRED,ON_DEMAND,RETROSPECTIVE,HISTORICAL_OUTCOME_GROUND_TRUTH,TARGET_OUTCOME_ONLY,REQUIRES_FORMAL_DEFINITION,CALIBRATION_ACTIVE,"Keep concept after freezing exact deterministic formula, parameters, windowing, edge cases, null behavior, and version. RETROSPECTIVE is valuable historical ground truth, not a defect. Use freely as an outcome/label for historical research; do not pass it as if known at the origin timestamp. It remains ON_DEMAND only where the interval/event definition is request-scoped; standardized forward-horizon outcome metrics should be BASELINE in v2."
DCL-SEED-0301,E08-PLN-0301,feature_mean,TEMPORAL_EVOLUTION,LEGACY_ENGINE08,Registered objective measurement pending implementation,OHLCV_OR_BENCHMARK,TO_BE_SPECIFIED,PLANNED,UNASSIGNED,UNIMPLEMENTED,NOT_VALIDATED,TO_BE_MEASURED,IMPLEMENTATION_REQUIRED,ON_DEMAND,RETROSPECTIVE,HISTORICAL_OUTCOME_GROUND_TRUTH,TARGET_OUTCOME_ONLY,REQUIRES_FORMAL_DEFINITION,CALIBRATION_ACTIVE,"Keep concept after freezing exact deterministic formula, parameters, windowing, edge cases, null behavior, and version. RETROSPECTIVE is valuable historical ground truth, not a defect. Use freely as an outcome/label for historical research; do not pass it as if known at the origin timestamp. It remains ON_DEMAND only where the interval/event definition is request-scoped; standardized forward-horizon outcome metrics should be BASELINE in v2."
DCL-SEED-0302,E08-PLN-0302,feature_median,TEMPORAL_EVOLUTION,LEGACY_ENGINE08,Registered objective measurement pending implementation,OHLCV_OR_BENCHMARK,TO_BE_SPECIFIED,PLANNED,UNASSIGNED,UNIMPLEMENTED,NOT_VALIDATED,TO_BE_MEASURED,IMPLEMENTATION_REQUIRED,ON_DEMAND,RETROSPECTIVE,HISTORICAL_OUTCOME_GROUND_TRUTH,TARGET_OUTCOME_ONLY,REQUIRES_FORMAL_DEFINITION,CALIBRATION_ACTIVE,"Keep concept after freezing exact deterministic formula, parameters, windowing, edge cases, null behavior, and version. RETROSPECTIVE is valuable historical ground truth, not a defect. Use freely as an outcome/label for historical research; do not pass it as if known at the origin timestamp. It remains ON_DEMAND only where the interval/event definition is request-scoped; standardized forward-horizon outcome metrics should be BASELINE in v2."
DCL-SEED-0303,E08-PLN-0303,feature_minimum,TEMPORAL_EVOLUTION,LEGACY_ENGINE08,Registered objective measurement pending implementation,OHLCV_OR_BENCHMARK,TO_BE_SPECIFIED,PLANNED,UNASSIGNED,UNIMPLEMENTED,NOT_VALIDATED,TO_BE_MEASURED,IMPLEMENTATION_REQUIRED,ON_DEMAND,RETROSPECTIVE,HISTORICAL_OUTCOME_GROUND_TRUTH,TARGET_OUTCOME_ONLY,REQUIRES_FORMAL_DEFINITION,CALIBRATION_ACTIVE,"Keep concept after freezing exact deterministic formula, parameters, windowing, edge cases, null behavior, and version. RETROSPECTIVE is valuable historical ground truth, not a defect. Use freely as an outcome/label for historical research; do not pass it as if known at the origin timestamp. It remains ON_DEMAND only where the interval/event definition is request-scoped; standardized forward-horizon outcome metrics should be BASELINE in v2."
DCL-SEED-0304,E08-PLN-0304,feature_maximum,TEMPORAL_EVOLUTION,LEGACY_ENGINE08,Registered objective measurement pending implementation,OHLCV_OR_BENCHMARK,TO_BE_SPECIFIED,PLANNED,UNASSIGNED,UNIMPLEMENTED,NOT_VALIDATED,TO_BE_MEASURED,IMPLEMENTATION_REQUIRED,ON_DEMAND,RETROSPECTIVE,HISTORICAL_OUTCOME_GROUND_TRUTH,TARGET_OUTCOME_ONLY,REQUIRES_FORMAL_DEFINITION,CALIBRATION_ACTIVE,"Keep concept after freezing exact deterministic formula, parameters, windowing, edge cases, null behavior, and version. RETROSPECTIVE is valuable historical ground truth, not a defect. Use freely as an outcome/label for historical research; do not pass it as if known at the origin timestamp. It remains ON_DEMAND only where the interval/event definition is request-scoped; standardized forward-horizon outcome metrics should be BASELINE in v2."
DCL-SEED-0305,E08-PLN-0305,feature_standard_deviation,TEMPORAL_EVOLUTION,LEGACY_ENGINE08,Registered objective measurement pending implementation,OHLCV_OR_BENCHMARK,TO_BE_SPECIFIED,PLANNED,UNASSIGNED,UNIMPLEMENTED,NOT_VALIDATED,TO_BE_MEASURED,IMPLEMENTATION_REQUIRED,ON_DEMAND,RETROSPECTIVE,HISTORICAL_OUTCOME_GROUND_TRUTH,TARGET_OUTCOME_ONLY,REQUIRES_FORMAL_DEFINITION,CALIBRATION_ACTIVE,"Keep concept after freezing exact deterministic formula, parameters, windowing, edge cases, null behavior, and version. RETROSPECTIVE is valuable historical ground truth, not a defect. Use freely as an outcome/label for historical research; do not pass it as if known at the origin timestamp. It remains ON_DEMAND only where the interval/event definition is request-scoped; standardized forward-horizon outcome metrics should be BASELINE in v2."
DCL-SEED-0306,E08-PLN-0306,feature_quantiles,TEMPORAL_EVOLUTION,LEGACY_ENGINE08,Registered objective measurement pending implementation,OHLCV_OR_BENCHMARK,TO_BE_SPECIFIED,PLANNED,UNASSIGNED,UNIMPLEMENTED,NOT_VALIDATED,TO_BE_MEASURED,IMPLEMENTATION_REQUIRED,ON_DEMAND,RETROSPECTIVE,HISTORICAL_OUTCOME_GROUND_TRUTH,TARGET_OUTCOME_ONLY,REQUIRES_FORMAL_DEFINITION,CALIBRATION_ACTIVE,"Keep concept after freezing exact deterministic formula, parameters, windowing, edge cases, null behavior, and version. RETROSPECTIVE is valuable historical ground truth, not a defect. Use freely as an outcome/label for historical research; do not pass it as if known at the origin timestamp. It remains ON_DEMAND only where the interval/event definition is request-scoped; standardized forward-horizon outcome metrics should be BASELINE in v2."
DCL-SEED-0307,E08-PLN-0307,feature_slope,TEMPORAL_EVOLUTION,LEGACY_ENGINE08,Registered objective measurement pending implementation,OHLCV_OR_BENCHMARK,TO_BE_SPECIFIED,PLANNED,UNASSIGNED,UNIMPLEMENTED,NOT_VALIDATED,TO_BE_MEASURED,IMPLEMENTATION_REQUIRED,ON_DEMAND,RETROSPECTIVE,HISTORICAL_OUTCOME_GROUND_TRUTH,TARGET_OUTCOME_ONLY,REQUIRES_FORMAL_DEFINITION,CALIBRATION_ACTIVE,"Keep concept after freezing exact deterministic formula, parameters, windowing, edge cases, null behavior, and version. RETROSPECTIVE is valuable historical ground truth, not a defect. Use freely as an outcome/label for historical research; do not pass it as if known at the origin timestamp. It remains ON_DEMAND only where the interval/event definition is request-scoped; standardized forward-horizon outcome metrics should be BASELINE in v2."
DCL-SEED-0308,E08-PLN-0308,feature_velocity,TEMPORAL_EVOLUTION,LEGACY_ENGINE08,Registered objective measurement pending implementation,OHLCV_OR_BENCHMARK,TO_BE_SPECIFIED,PLANNED,UNASSIGNED,UNIMPLEMENTED,NOT_VALIDATED,TO_BE_MEASURED,IMPLEMENTATION_REQUIRED,ON_DEMAND,RETROSPECTIVE,HISTORICAL_OUTCOME_GROUND_TRUTH,TARGET_OUTCOME_ONLY,REQUIRES_FORMAL_DEFINITION,CALIBRATION_ACTIVE,"Keep concept after freezing exact deterministic formula, parameters, windowing, edge cases, null behavior, and version. RETROSPECTIVE is valuable historical ground truth, not a defect. Use freely as an outcome/label for historical research; do not pass it as if known at the origin timestamp. It remains ON_DEMAND only where the interval/event definition is request-scoped; standardized forward-horizon outcome metrics should be BASELINE in v2."
DCL-SEED-0309,E08-PLN-0309,feature_acceleration,TEMPORAL_EVOLUTION,LEGACY_ENGINE08,Registered objective measurement pending implementation,OHLCV_OR_BENCHMARK,TO_BE_SPECIFIED,PLANNED,UNASSIGNED,UNIMPLEMENTED,NOT_VALIDATED,TO_BE_MEASURED,IMPLEMENTATION_REQUIRED,ON_DEMAND,RETROSPECTIVE,HISTORICAL_OUTCOME_GROUND_TRUTH,TARGET_OUTCOME_ONLY,REQUIRES_FORMAL_DEFINITION,CALIBRATION_ACTIVE,"Keep concept after freezing exact deterministic formula, parameters, windowing, edge cases, null behavior, and version. RETROSPECTIVE is valuable historical ground truth, not a defect. Use freely as an outcome/label for historical research; do not pass it as if known at the origin timestamp. It remains ON_DEMAND only where the interval/event definition is request-scoped; standardized forward-horizon outcome metrics should be BASELINE in v2."
DCL-SEED-0310,E08-PLN-0310,feature_curvature,TEMPORAL_EVOLUTION,LEGACY_ENGINE08,Registered objective measurement pending implementation,OHLCV_OR_BENCHMARK,TO_BE_SPECIFIED,PLANNED,UNASSIGNED,UNIMPLEMENTED,NOT_VALIDATED,TO_BE_MEASURED,IMPLEMENTATION_REQUIRED,ON_DEMAND,RETROSPECTIVE,HISTORICAL_OUTCOME_GROUND_TRUTH,TARGET_OUTCOME_ONLY,REQUIRES_FORMAL_DEFINITION,CALIBRATION_ACTIVE,"Keep concept after freezing exact deterministic formula, parameters, windowing, edge cases, null behavior, and version. RETROSPECTIVE is valuable historical ground truth, not a defect. Use freely as an outcome/label for historical research; do not pass it as if known at the origin timestamp. It remains ON_DEMAND only where the interval/event definition is request-scoped; standardized forward-horizon outcome metrics should be BASELINE in v2."
DCL-SEED-0311,E08-PLN-0311,feature_inflection_count,TEMPORAL_EVOLUTION,LEGACY_ENGINE08,Registered objective measurement pending implementation,OHLCV_OR_BENCHMARK,TO_BE_SPECIFIED,PLANNED,UNASSIGNED,UNIMPLEMENTED,NOT_VALIDATED,TO_BE_MEASURED,IMPLEMENTATION_REQUIRED,ON_DEMAND,RETROSPECTIVE,HISTORICAL_OUTCOME_GROUND_TRUTH,TARGET_OUTCOME_ONLY,REQUIRES_FORMAL_DEFINITION,CALIBRATION_ACTIVE,"Keep concept after freezing exact deterministic formula, parameters, windowing, edge cases, null behavior, and version. RETROSPECTIVE is valuable historical ground truth, not a defect. Use freely as an outcome/label for historical research; do not pass it as if known at the origin timestamp. It remains ON_DEMAND only where the interval/event definition is request-scoped; standardized forward-horizon outcome metrics should be BASELINE in v2."
DCL-SEED-0312,E08-PLN-0312,feature_peak_timing,TEMPORAL_EVOLUTION,LEGACY_ENGINE08,Registered objective measurement pending implementation,OHLCV_OR_BENCHMARK,TO_BE_SPECIFIED,PLANNED,UNASSIGNED,UNIMPLEMENTED,NOT_VALIDATED,TO_BE_MEASURED,IMPLEMENTATION_REQUIRED,ON_DEMAND,RETROSPECTIVE,HISTORICAL_OUTCOME_GROUND_TRUTH,TARGET_OUTCOME_ONLY,REQUIRES_FORMAL_DEFINITION,CALIBRATION_ACTIVE,"Keep concept after freezing exact deterministic formula, parameters, windowing, edge cases, null behavior, and version. RETROSPECTIVE is valuable historical ground truth, not a defect. Use freely as an outcome/label for historical research; do not pass it as if known at the origin timestamp. It remains ON_DEMAND only where the interval/event definition is request-scoped; standardized forward-horizon outcome metrics should be BASELINE in v2."
DCL-SEED-0313,E08-PLN-0313,feature_trough_timing,TEMPORAL_EVOLUTION,LEGACY_ENGINE08,Registered objective measurement pending implementation,OHLCV_OR_BENCHMARK,TO_BE_SPECIFIED,PLANNED,UNASSIGNED,UNIMPLEMENTED,NOT_VALIDATED,TO_BE_MEASURED,IMPLEMENTATION_REQUIRED,ON_DEMAND,RETROSPECTIVE,HISTORICAL_OUTCOME_GROUND_TRUTH,TARGET_OUTCOME_ONLY,REQUIRES_FORMAL_DEFINITION,CALIBRATION_ACTIVE,"Keep concept after freezing exact deterministic formula, parameters, windowing, edge cases, null behavior, and version. RETROSPECTIVE is valuable historical ground truth, not a defect. Use freely as an outcome/label for historical research; do not pass it as if known at the origin timestamp. It remains ON_DEMAND only where the interval/event definition is request-scoped; standardized forward-horizon outcome metrics should be BASELINE in v2."
DCL-SEED-0314,E08-PLN-0314,feature_threshold_time,TEMPORAL_EVOLUTION,LEGACY_ENGINE08,Registered objective measurement pending implementation,OHLCV_OR_BENCHMARK,TO_BE_SPECIFIED,PLANNED,UNASSIGNED,UNIMPLEMENTED,NOT_VALIDATED,TO_BE_MEASURED,IMPLEMENTATION_REQUIRED,ON_DEMAND,RETROSPECTIVE,HISTORICAL_OUTCOME_GROUND_TRUTH,TARGET_OUTCOME_ONLY,REQUIRES_FORMAL_DEFINITION,CALIBRATION_ACTIVE,"Keep concept after freezing exact deterministic formula, parameters, windowing, edge cases, null behavior, and version. RETROSPECTIVE is valuable historical ground truth, not a defect. Use freely as an outcome/label for historical research; do not pass it as if known at the origin timestamp. It remains ON_DEMAND only where the interval/event definition is request-scoped; standardized forward-horizon outcome metrics should be BASELINE in v2."
DCL-SEED-0315,E08-PLN-0315,feature_persistence,TEMPORAL_EVOLUTION,LEGACY_ENGINE08,Registered objective measurement pending implementation,OHLCV_OR_BENCHMARK,TO_BE_SPECIFIED,PLANNED,UNASSIGNED,UNIMPLEMENTED,NOT_VALIDATED,TO_BE_MEASURED,IMPLEMENTATION_REQUIRED,ON_DEMAND,RETROSPECTIVE,HISTORICAL_OUTCOME_GROUND_TRUTH,TARGET_OUTCOME_ONLY,REQUIRES_FORMAL_DEFINITION,CALIBRATION_ACTIVE,"Keep concept after freezing exact deterministic formula, parameters, windowing, edge cases, null behavior, and version. RETROSPECTIVE is valuable historical ground truth, not a defect. Use freely as an outcome/label for historical research; do not pass it as if known at the origin timestamp. It remains ON_DEMAND only where the interval/event definition is request-scoped; standardized forward-horizon outcome metrics should be BASELINE in v2."
DCL-SEED-0316,E08-PLN-0316,feature_oscillation_count,TEMPORAL_EVOLUTION,LEGACY_ENGINE08,Registered objective measurement pending implementation,OHLCV_OR_BENCHMARK,TO_BE_SPECIFIED,PLANNED,UNASSIGNED,UNIMPLEMENTED,NOT_VALIDATED,TO_BE_MEASURED,IMPLEMENTATION_REQUIRED,ON_DEMAND,RETROSPECTIVE,HISTORICAL_OUTCOME_GROUND_TRUTH,TARGET_OUTCOME_ONLY,REQUIRES_FORMAL_DEFINITION,CALIBRATION_ACTIVE,"Keep concept after freezing exact deterministic formula, parameters, windowing, edge cases, null behavior, and version. RETROSPECTIVE is valuable historical ground truth, not a defect. Use freely as an outcome/label for historical research; do not pass it as if known at the origin timestamp. It remains ON_DEMAND only where the interval/event definition is request-scoped; standardized forward-horizon outcome metrics should be BASELINE in v2."
DCL-SEED-0317,E08-PLN-0317,event_vs_before_difference,CONTEXT_COMPARISON,LEGACY_ENGINE08,Registered objective measurement pending implementation,OHLCV_OR_BENCHMARK,TO_BE_SPECIFIED,PLANNED,UNASSIGNED,UNIMPLEMENTED,NOT_VALIDATED,TO_BE_MEASURED,IMPLEMENTATION_REQUIRED,ON_DEMAND,CONTEMPORANEOUS,CONTEMPORANEOUS_FACT,INPUT_ELIGIBLE,REQUIRES_FORMAL_DEFINITION,CALIBRATION_ACTIVE,"Keep concept after freezing exact deterministic formula, parameters, windowing, edge cases, null behavior, and version."
DCL-SEED-0318,E08-PLN-0318,event_vs_before_ratio,CONTEXT_COMPARISON,LEGACY_ENGINE08,Registered objective measurement pending implementation,OHLCV_OR_BENCHMARK,TO_BE_SPECIFIED,PLANNED,UNASSIGNED,UNIMPLEMENTED,NOT_VALIDATED,TO_BE_MEASURED,IMPLEMENTATION_REQUIRED,ON_DEMAND,CONTEMPORANEOUS,CONTEMPORANEOUS_FACT,INPUT_ELIGIBLE,REQUIRES_FORMAL_DEFINITION,CALIBRATION_ACTIVE,"Keep concept after freezing exact deterministic formula, parameters, windowing, edge cases, null behavior, and version."
DCL-SEED-0319,E08-PLN-0319,event_vs_after_difference,CONTEXT_COMPARISON,LEGACY_ENGINE08,Registered objective measurement pending implementation,OHLCV_OR_BENCHMARK,TO_BE_SPECIFIED,PLANNED,UNASSIGNED,UNIMPLEMENTED,NOT_VALIDATED,TO_BE_MEASURED,IMPLEMENTATION_REQUIRED,ON_DEMAND,RETROSPECTIVE,HISTORICAL_OUTCOME_GROUND_TRUTH,TARGET_OUTCOME_ONLY,REQUIRES_FORMAL_DEFINITION,CALIBRATION_ACTIVE,"Keep concept after freezing exact deterministic formula, parameters, windowing, edge cases, null behavior, and version. RETROSPECTIVE is valuable historical ground truth, not a defect. Use freely as an outcome/label for historical research; do not pass it as if known at the origin timestamp."
DCL-SEED-0320,E08-PLN-0320,event_vs_after_ratio,CONTEXT_COMPARISON,LEGACY_ENGINE08,Registered objective measurement pending implementation,OHLCV_OR_BENCHMARK,TO_BE_SPECIFIED,PLANNED,UNASSIGNED,UNIMPLEMENTED,NOT_VALIDATED,TO_BE_MEASURED,IMPLEMENTATION_REQUIRED,ON_DEMAND,RETROSPECTIVE,HISTORICAL_OUTCOME_GROUND_TRUTH,TARGET_OUTCOME_ONLY,REQUIRES_FORMAL_DEFINITION,CALIBRATION_ACTIVE,"Keep concept after freezing exact deterministic formula, parameters, windowing, edge cases, null behavior, and version. RETROSPECTIVE is valuable historical ground truth, not a defect. Use freely as an outcome/label for historical research; do not pass it as if known at the origin timestamp."
DCL-SEED-0321,E08-PLN-0321,before_vs_after_difference,CONTEXT_COMPARISON,LEGACY_ENGINE08,Registered objective measurement pending implementation,OHLCV_OR_BENCHMARK,TO_BE_SPECIFIED,PLANNED,UNASSIGNED,UNIMPLEMENTED,NOT_VALIDATED,TO_BE_MEASURED,IMPLEMENTATION_REQUIRED,ON_DEMAND,RETROSPECTIVE,HISTORICAL_OUTCOME_GROUND_TRUTH,TARGET_OUTCOME_ONLY,REQUIRES_FORMAL_DEFINITION,CALIBRATION_ACTIVE,"Keep concept after freezing exact deterministic formula, parameters, windowing, edge cases, null behavior, and version. RETROSPECTIVE is valuable historical ground truth, not a defect. Use freely as an outcome/label for historical research; do not pass it as if known at the origin timestamp."
DCL-SEED-0322,E08-PLN-0322,historical_zscore,CONTEXT_COMPARISON,LEGACY_ENGINE08,Registered objective measurement pending implementation,OHLCV_OR_BENCHMARK,TO_BE_SPECIFIED,PLANNED,UNASSIGNED,UNIMPLEMENTED,NOT_VALIDATED,TO_BE_MEASURED,IMPLEMENTATION_REQUIRED,ON_DEMAND,CONTEMPORANEOUS,CONTEMPORANEOUS_FACT,INPUT_ELIGIBLE,REQUIRES_FORMAL_DEFINITION,CALIBRATION_ACTIVE,"Keep concept after freezing exact deterministic formula, parameters, windowing, edge cases, null behavior, and version."
DCL-SEED-0323,E08-PLN-0323,historical_percentile,CONTEXT_COMPARISON,LEGACY_ENGINE08,Registered objective measurement pending implementation,OHLCV_OR_BENCHMARK,TO_BE_SPECIFIED,PLANNED,UNASSIGNED,UNIMPLEMENTED,NOT_VALIDATED,TO_BE_MEASURED,IMPLEMENTATION_REQUIRED,ON_DEMAND,CONTEMPORANEOUS,CONTEMPORANEOUS_FACT,INPUT_ELIGIBLE,REQUIRES_FORMAL_DEFINITION,CALIBRATION_ACTIVE,"Keep concept after freezing exact deterministic formula, parameters, windowing, edge cases, null behavior, and version."
DCL-SEED-0324,E08-PLN-0324,rolling_baseline_difference,CONTEXT_COMPARISON,LEGACY_ENGINE08,Registered objective measurement pending implementation,OHLCV_OR_BENCHMARK,TO_BE_SPECIFIED,PLANNED,UNASSIGNED,UNIMPLEMENTED,NOT_VALIDATED,TO_BE_MEASURED,IMPLEMENTATION_REQUIRED,ON_DEMAND,CONTEMPORANEOUS,CONTEMPORANEOUS_FACT,INPUT_ELIGIBLE,REQUIRES_FORMAL_DEFINITION,CALIBRATION_ACTIVE,"Keep concept after freezing exact deterministic formula, parameters, windowing, edge cases, null behavior, and version."
DCL-SEED-0325,E08-PLN-0325,rolling_baseline_ratio,CONTEXT_COMPARISON,LEGACY_ENGINE08,Registered objective measurement pending implementation,OHLCV_OR_BENCHMARK,TO_BE_SPECIFIED,PLANNED,UNASSIGNED,UNIMPLEMENTED,NOT_VALIDATED,TO_BE_MEASURED,IMPLEMENTATION_REQUIRED,ON_DEMAND,CONTEMPORANEOUS,CONTEMPORANEOUS_FACT,INPUT_ELIGIBLE,REQUIRES_FORMAL_DEFINITION,CALIBRATION_ACTIVE,"Keep concept after freezing exact deterministic formula, parameters, windowing, edge cases, null behavior, and version."
DCL-SEED-0326,E08-PLN-0326,relative_return_vs_spy,RELATIVE_MARKET,LEGACY_ENGINE08,Registered objective measurement pending implementation,OHLCV_OR_BENCHMARK,TO_BE_SPECIFIED,PLANNED,UNASSIGNED,UNIMPLEMENTED,NOT_VALIDATED,TO_BE_MEASURED,IMPLEMENTATION_REQUIRED,ON_DEMAND,CONTEMPORANEOUS,CONTEMPORANEOUS_FACT,INPUT_ELIGIBLE,REQUIRES_FORMAL_DEFINITION,CALIBRATION_ACTIVE,"Keep concept after freezing exact deterministic formula, parameters, windowing, edge cases, null behavior, and version."
DCL-SEED-0327,E08-PLN-0327,relative_strength_vs_spy,RELATIVE_MARKET,LEGACY_ENGINE08,Registered objective measurement pending implementation,OHLCV_OR_BENCHMARK,TO_BE_SPECIFIED,PLANNED,UNASSIGNED,UNIMPLEMENTED,NOT_VALIDATED,TO_BE_MEASURED,IMPLEMENTATION_REQUIRED,ON_DEMAND,CONTEMPORANEOUS,CONTEMPORANEOUS_FACT,INPUT_ELIGIBLE,REQUIRES_FORMAL_DEFINITION,CALIBRATION_ACTIVE,"Keep concept after freezing exact deterministic formula, parameters, windowing, edge cases, null behavior, and version."
DCL-SEED-0328,E08-PLN-0328,relative_strength_slope_vs_spy,RELATIVE_MARKET,LEGACY_ENGINE08,Registered objective measurement pending implementation,OHLCV_OR_BENCHMARK,TO_BE_SPECIFIED,PLANNED,UNASSIGNED,UNIMPLEMENTED,NOT_VALIDATED,TO_BE_MEASURED,IMPLEMENTATION_REQUIRED,ON_DEMAND,CONTEMPORANEOUS,CONTEMPORANEOUS_FACT,INPUT_ELIGIBLE,REQUIRES_FORMAL_DEFINITION,CALIBRATION_ACTIVE,"Keep concept after freezing exact deterministic formula, parameters, windowing, edge cases, null behavior, and version."
DCL-SEED-0329,E08-PLN-0329,relative_return_vs_sector,RELATIVE_MARKET,LEGACY_ENGINE08,Registered objective measurement pending implementation,OHLCV_OR_BENCHMARK,TO_BE_SPECIFIED,PLANNED,UNASSIGNED,UNIMPLEMENTED,NOT_VALIDATED,TO_BE_MEASURED,IMPLEMENTATION_REQUIRED,ON_DEMAND,CONTEMPORANEOUS,CONTEMPORANEOUS_FACT,INPUT_ELIGIBLE,REQUIRES_FORMAL_DEFINITION,CALIBRATION_ACTIVE,"Keep concept after freezing exact deterministic formula, parameters, windowing, edge cases, null behavior, and version."
DCL-SEED-0330,E08-PLN-0330,relative_strength_vs_sector,RELATIVE_MARKET,LEGACY_ENGINE08,Registered objective measurement pending implementation,OHLCV_OR_BENCHMARK,TO_BE_SPECIFIED,PLANNED,UNASSIGNED,UNIMPLEMENTED,NOT_VALIDATED,TO_BE_MEASURED,IMPLEMENTATION_REQUIRED,ON_DEMAND,CONTEMPORANEOUS,CONTEMPORANEOUS_FACT,INPUT_ELIGIBLE,REQUIRES_FORMAL_DEFINITION,CALIBRATION_ACTIVE,"Keep concept after freezing exact deterministic formula, parameters, windowing, edge cases, null behavior, and version."
DCL-SEED-0331,E08-PLN-0331,relative_return_vs_industry,RELATIVE_MARKET,LEGACY_ENGINE08,Registered objective measurement pending implementation,OHLCV_OR_BENCHMARK,TO_BE_SPECIFIED,PLANNED,UNASSIGNED,UNIMPLEMENTED,NOT_VALIDATED,TO_BE_MEASURED,IMPLEMENTATION_REQUIRED,ON_DEMAND,CONTEMPORANEOUS,CONTEMPORANEOUS_FACT,INPUT_ELIGIBLE,REQUIRES_FORMAL_DEFINITION,CALIBRATION_ACTIVE,"Keep concept after freezing exact deterministic formula, parameters, windowing, edge cases, null behavior, and version."
DCL-SEED-0332,E08-PLN-0332,beta_vs_spy,RELATIVE_MARKET,LEGACY_ENGINE08,Registered objective measurement pending implementation,OHLCV_OR_BENCHMARK,TO_BE_SPECIFIED,PLANNED,UNASSIGNED,UNIMPLEMENTED,NOT_VALIDATED,TO_BE_MEASURED,IMPLEMENTATION_REQUIRED,ON_DEMAND,CONTEMPORANEOUS,CONTEMPORANEOUS_FACT,INPUT_ELIGIBLE,REQUIRES_FORMAL_DEFINITION,CALIBRATION_ACTIVE,"Keep concept after freezing exact deterministic formula, parameters, windowing, edge cases, null behavior, and version."
DCL-SEED-0333,E08-PLN-0333,correlation_vs_spy,RELATIVE_MARKET,LEGACY_ENGINE08,Registered objective measurement pending implementation,OHLCV_OR_BENCHMARK,TO_BE_SPECIFIED,PLANNED,UNASSIGNED,UNIMPLEMENTED,NOT_VALIDATED,TO_BE_MEASURED,IMPLEMENTATION_REQUIRED,ON_DEMAND,CONTEMPORANEOUS,CONTEMPORANEOUS_FACT,INPUT_ELIGIBLE,REQUIRES_FORMAL_DEFINITION,CALIBRATION_ACTIVE,"Keep concept after freezing exact deterministic formula, parameters, windowing, edge cases, null behavior, and version."
DCL-SEED-0334,E08-PLN-0334,downside_beta_vs_spy,RELATIVE_MARKET,LEGACY_ENGINE08,Registered objective measurement pending implementation,OHLCV_OR_BENCHMARK,TO_BE_SPECIFIED,PLANNED,UNASSIGNED,UNIMPLEMENTED,NOT_VALIDATED,TO_BE_MEASURED,IMPLEMENTATION_REQUIRED,ON_DEMAND,CONTEMPORANEOUS,CONTEMPORANEOUS_FACT,INPUT_ELIGIBLE,REQUIRES_FORMAL_DEFINITION,CALIBRATION_ACTIVE,"Keep concept after freezing exact deterministic formula, parameters, windowing, edge cases, null behavior, and version."
DCL-SEED-0335,E08-PLN-0335,upside_beta_vs_spy,RELATIVE_MARKET,LEGACY_ENGINE08,Registered objective measurement pending implementation,OHLCV_OR_BENCHMARK,TO_BE_SPECIFIED,PLANNED,UNASSIGNED,UNIMPLEMENTED,NOT_VALIDATED,TO_BE_MEASURED,IMPLEMENTATION_REQUIRED,ON_DEMAND,CONTEMPORANEOUS,CONTEMPORANEOUS_FACT,INPUT_ELIGIBLE,REQUIRES_FORMAL_DEFINITION,CALIBRATION_ACTIVE,"Keep concept after freezing exact deterministic formula, parameters, windowing, edge cases, null behavior, and version."
DCL-SEED-0336,E08-PLN-0336,residual_return,RELATIVE_MARKET,LEGACY_ENGINE08,Registered objective measurement pending implementation,OHLCV_OR_BENCHMARK,TO_BE_SPECIFIED,PLANNED,UNASSIGNED,UNIMPLEMENTED,NOT_VALIDATED,TO_BE_MEASURED,IMPLEMENTATION_REQUIRED,ON_DEMAND,CONTEMPORANEOUS,CONTEMPORANEOUS_FACT,INPUT_ELIGIBLE,REQUIRES_FORMAL_DEFINITION,CALIBRATION_ACTIVE,"Keep concept after freezing exact deterministic formula, parameters, windowing, edge cases, null behavior, and version."
DCL-SEED-0337,E08-PLN-0337,alpha_estimate,RELATIVE_MARKET,LEGACY_ENGINE08,Registered objective measurement pending implementation,OHLCV_OR_BENCHMARK,TO_BE_SPECIFIED,PLANNED,UNASSIGNED,UNIMPLEMENTED,NOT_VALIDATED,TO_BE_MEASURED,IMPLEMENTATION_REQUIRED,ON_DEMAND,CONTEMPORANEOUS,CONTEMPORANEOUS_FACT,INPUT_ELIGIBLE,REQUIRES_FORMAL_DEFINITION,CALIBRATION_ACTIVE,"Keep concept after freezing exact deterministic formula, parameters, windowing, edge cases, null behavior, and version."
DCL-SEED-0338,E08-PLN-0338,market_adjusted_volume,RELATIVE_MARKET,LEGACY_ENGINE08,Registered objective measurement pending implementation,OHLCV_OR_BENCHMARK,TO_BE_SPECIFIED,PLANNED,UNASSIGNED,UNIMPLEMENTED,NOT_VALIDATED,TO_BE_MEASURED,IMPLEMENTATION_REQUIRED,ON_DEMAND,CONTEMPORANEOUS,CONTEMPORANEOUS_FACT,INPUT_ELIGIBLE,REQUIRES_FORMAL_DEFINITION,CALIBRATION_ACTIVE,"Keep concept after freezing exact deterministic formula, parameters, windowing, edge cases, null behavior, and version."
DCL-SEED-0339,E08-PLN-0339,sector_adjusted_volume,RELATIVE_MARKET,LEGACY_ENGINE08,Registered objective measurement pending implementation,OHLCV_OR_BENCHMARK,TO_BE_SPECIFIED,PLANNED,UNASSIGNED,UNIMPLEMENTED,NOT_VALIDATED,TO_BE_MEASURED,IMPLEMENTATION_REQUIRED,ON_DEMAND,CONTEMPORANEOUS,CONTEMPORANEOUS_FACT,INPUT_ELIGIBLE,REQUIRES_FORMAL_DEFINITION,CALIBRATION_ACTIVE,"Keep concept after freezing exact deterministic formula, parameters, windowing, edge cases, null behavior, and version."
DCL-SEED-0340,E08-PLN-0340,missing_value_count,DATA_QUALITY,LEGACY_ENGINE08,Registered objective measurement pending implementation,OHLCV_OR_BENCHMARK,TO_BE_SPECIFIED,PLANNED,UNASSIGNED,UNIMPLEMENTED,NOT_VALIDATED,TO_BE_MEASURED,IMPLEMENTATION_REQUIRED,ON_DEMAND,CONTEMPORANEOUS,CONTEMPORANEOUS_FACT,INPUT_ELIGIBLE,REQUIRES_FORMAL_DEFINITION,CALIBRATION_ACTIVE,"Keep concept after freezing exact deterministic formula, parameters, windowing, edge cases, null behavior, and version."
DCL-SEED-0341,E08-PLN-0341,missing_value_fraction,DATA_QUALITY,LEGACY_ENGINE08,Registered objective measurement pending implementation,OHLCV_OR_BENCHMARK,TO_BE_SPECIFIED,PLANNED,UNASSIGNED,UNIMPLEMENTED,NOT_VALIDATED,TO_BE_MEASURED,IMPLEMENTATION_REQUIRED,ON_DEMAND,CONTEMPORANEOUS,CONTEMPORANEOUS_FACT,INPUT_ELIGIBLE,REQUIRES_FORMAL_DEFINITION,CALIBRATION_ACTIVE,"Keep concept after freezing exact deterministic formula, parameters, windowing, edge cases, null behavior, and version."
DCL-SEED-0342,E08-PLN-0342,duplicate_bar_count,DATA_QUALITY,LEGACY_ENGINE08,Registered objective measurement pending implementation,OHLCV_OR_BENCHMARK,TO_BE_SPECIFIED,PLANNED,UNASSIGNED,UNIMPLEMENTED,NOT_VALIDATED,TO_BE_MEASURED,IMPLEMENTATION_REQUIRED,ON_DEMAND,CONTEMPORANEOUS,CONTEMPORANEOUS_FACT,INPUT_ELIGIBLE,REQUIRES_FORMAL_DEFINITION,CALIBRATION_ACTIVE,"Keep concept after freezing exact deterministic formula, parameters, windowing, edge cases, null behavior, and version."
DCL-SEED-0343,E08-PLN-0343,invalid_ohlc_count,DATA_QUALITY,LEGACY_ENGINE08,Registered objective measurement pending implementation,OHLCV_OR_BENCHMARK,TO_BE_SPECIFIED,PLANNED,UNASSIGNED,UNIMPLEMENTED,NOT_VALIDATED,TO_BE_MEASURED,IMPLEMENTATION_REQUIRED,ON_DEMAND,CONTEMPORANEOUS,CONTEMPORANEOUS_FACT,INPUT_ELIGIBLE,REQUIRES_FORMAL_DEFINITION,CALIBRATION_ACTIVE,"Keep concept after freezing exact deterministic formula, parameters, windowing, edge cases, null behavior, and version."
DCL-SEED-0344,E08-PLN-0344,zero_volume_count,DATA_QUALITY,LEGACY_ENGINE08,Registered objective measurement pending implementation,OHLCV_OR_BENCHMARK,TO_BE_SPECIFIED,PLANNED,UNASSIGNED,UNIMPLEMENTED,NOT_VALIDATED,TO_BE_MEASURED,IMPLEMENTATION_REQUIRED,ON_DEMAND,CONTEMPORANEOUS,CONTEMPORANEOUS_FACT,INPUT_ELIGIBLE,REQUIRES_FORMAL_DEFINITION,CALIBRATION_ACTIVE,"Keep concept after freezing exact deterministic formula, parameters, windowing, edge cases, null behavior, and version."
DCL-SEED-0345,E08-PLN-0345,negative_value_count,DATA_QUALITY,LEGACY_ENGINE08,Registered objective measurement pending implementation,OHLCV_OR_BENCHMARK,TO_BE_SPECIFIED,PLANNED,UNASSIGNED,UNIMPLEMENTED,NOT_VALIDATED,TO_BE_MEASURED,IMPLEMENTATION_REQUIRED,ON_DEMAND,CONTEMPORANEOUS,CONTEMPORANEOUS_FACT,INPUT_ELIGIBLE,REQUIRES_FORMAL_DEFINITION,CALIBRATION_ACTIVE,"Keep concept after freezing exact deterministic formula, parameters, windowing, edge cases, null behavior, and version."
DCL-SEED-0346,E08-PLN-0346,corporate_action_flag,DATA_QUALITY,LEGACY_ENGINE08,Registered objective measurement pending implementation,OHLCV_OR_BENCHMARK,TO_BE_SPECIFIED,PLANNED,UNASSIGNED,UNIMPLEMENTED,NOT_VALIDATED,TO_BE_MEASURED,IMPLEMENTATION_REQUIRED,ON_DEMAND,CONTEMPORANEOUS,CONTEMPORANEOUS_FACT,INPUT_ELIGIBLE,REQUIRES_FORMAL_DEFINITION,CALIBRATION_ACTIVE,"Keep concept after freezing exact deterministic formula, parameters, windowing, edge cases, null behavior, and version."
DCL-SEED-0347,E08-PLN-0347,split_adjustment_status,DATA_QUALITY,LEGACY_ENGINE08,Registered objective measurement pending implementation,OHLCV_OR_BENCHMARK,TO_BE_SPECIFIED,PLANNED,UNASSIGNED,UNIMPLEMENTED,NOT_VALIDATED,TO_BE_MEASURED,IMPLEMENTATION_REQUIRED,ON_DEMAND,CONTEMPORANEOUS,CONTEMPORANEOUS_FACT,INPUT_ELIGIBLE,REQUIRES_FORMAL_DEFINITION,CALIBRATION_ACTIVE,"Keep concept after freezing exact deterministic formula, parameters, windowing, edge cases, null behavior, and version."
DCL-SEED-0348,E08-PLN-0348,dividend_adjustment_status,DATA_QUALITY,LEGACY_ENGINE08,Registered objective measurement pending implementation,OHLCV_OR_BENCHMARK,TO_BE_SPECIFIED,PLANNED,UNASSIGNED,UNIMPLEMENTED,NOT_VALIDATED,TO_BE_MEASURED,IMPLEMENTATION_REQUIRED,ON_DEMAND,CONTEMPORANEOUS,CONTEMPORANEOUS_FACT,INPUT_ELIGIBLE,REQUIRES_FORMAL_DEFINITION,CALIBRATION_ACTIVE,"Keep concept after freezing exact deterministic formula, parameters, windowing, edge cases, null behavior, and version."
DCL-SEED-0349,E08-PLN-0349,outlier_count,DATA_QUALITY,LEGACY_ENGINE08,Registered objective measurement pending implementation,OHLCV_OR_BENCHMARK,TO_BE_SPECIFIED,PLANNED,UNASSIGNED,UNIMPLEMENTED,NOT_VALIDATED,TO_BE_MEASURED,IMPLEMENTATION_REQUIRED,ON_DEMAND,CONTEMPORANEOUS,CONTEMPORANEOUS_FACT,INPUT_ELIGIBLE,REQUIRES_FORMAL_DEFINITION,CALIBRATION_ACTIVE,"Keep concept after freezing exact deterministic formula, parameters, windowing, edge cases, null behavior, and version."
DCL-SEED-0350,E08-PLN-0350,insufficient_history_flag,DATA_QUALITY,LEGACY_ENGINE08,Registered objective measurement pending implementation,OHLCV_OR_BENCHMARK,TO_BE_SPECIFIED,PLANNED,UNASSIGNED,UNIMPLEMENTED,NOT_VALIDATED,TO_BE_MEASURED,IMPLEMENTATION_REQUIRED,ON_DEMAND,CONTEMPORANEOUS,CONTEMPORANEOUS_FACT,INPUT_ELIGIBLE,REQUIRES_FORMAL_DEFINITION,CALIBRATION_ACTIVE,"Keep concept after freezing exact deterministic formula, parameters, windowing, edge cases, null behavior, and version."
DCL-SEED-0351,E08-PLN-0351,calculation_failure_flag,DATA_QUALITY,LEGACY_ENGINE08,Registered objective measurement pending implementation,OHLCV_OR_BENCHMARK,TO_BE_SPECIFIED,PLANNED,UNASSIGNED,UNIMPLEMENTED,NOT_VALIDATED,TO_BE_MEASURED,IMPLEMENTATION_REQUIRED,ON_DEMAND,CONTEMPORANEOUS,CONTEMPORANEOUS_FACT,INPUT_ELIGIBLE,REQUIRES_FORMAL_DEFINITION,CALIBRATION_ACTIVE,"Keep concept after freezing exact deterministic formula, parameters, windowing, edge cases, null behavior, and version."
DCL-SEED-0352,E08-PLN-0353,feature_formula_version,DATA_QUALITY,LEGACY_ENGINE08,Registered objective measurement pending implementation,OHLCV_OR_BENCHMARK,TO_BE_SPECIFIED,PLANNED,UNASSIGNED,UNIMPLEMENTED,NOT_VALIDATED,TO_BE_MEASURED,IMPLEMENTATION_REQUIRED,ON_DEMAND,CONTEMPORANEOUS,CONTEMPORANEOUS_FACT,INPUT_ELIGIBLE,REQUIRES_FORMAL_DEFINITION,CALIBRATION_ACTIVE,"Keep concept after freezing exact deterministic formula, parameters, windowing, edge cases, null behavior, and version."
DCL-SEED-0353,E08-PLN-0354,put_call_volume_ratio,FUTURE_OPTIONS,LEGACY_ENGINE08,Registered objective measurement pending implementation,OPTIONS,TO_BE_SPECIFIED,REQUIRES_EXTERNAL_DATA,UNASSIGNED,UNIMPLEMENTED,NOT_VALIDATED,TO_BE_MEASURED,FUTURE_DATA_SOURCE_REQUIRED,EXTERNAL_DATA_REQUIRED,CONTEMPORANEOUS,CONTEMPORANEOUS_FACT,INPUT_ELIGIBLE,OBJECTIVE_DETERMINISTIC,REGISTERED_UNAVAILABLE,Keep as an external-data measurement contract; source/timestamp/provenance must be explicit and missing values must remain missing.
DCL-SEED-0354,E08-PLN-0355,put_call_open_interest_ratio,FUTURE_OPTIONS,LEGACY_ENGINE08,Registered objective measurement pending implementation,OPTIONS,TO_BE_SPECIFIED,REQUIRES_EXTERNAL_DATA,UNASSIGNED,UNIMPLEMENTED,NOT_VALIDATED,TO_BE_MEASURED,FUTURE_DATA_SOURCE_REQUIRED,EXTERNAL_DATA_REQUIRED,CONTEMPORANEOUS,CONTEMPORANEOUS_FACT,INPUT_ELIGIBLE,OBJECTIVE_DETERMINISTIC,REGISTERED_UNAVAILABLE,Keep as an external-data measurement contract; source/timestamp/provenance must be explicit and missing values must remain missing.
DCL-SEED-0355,E08-PLN-0356,implied_volatility,FUTURE_OPTIONS,LEGACY_ENGINE08,Registered objective measurement pending implementation,OPTIONS,TO_BE_SPECIFIED,REQUIRES_EXTERNAL_DATA,UNASSIGNED,UNIMPLEMENTED,NOT_VALIDATED,TO_BE_MEASURED,FUTURE_DATA_SOURCE_REQUIRED,EXTERNAL_DATA_REQUIRED,CONTEMPORANEOUS,CONTEMPORANEOUS_FACT,INPUT_ELIGIBLE,OBJECTIVE_DETERMINISTIC,REGISTERED_UNAVAILABLE,Keep as an external-data measurement contract; source/timestamp/provenance must be explicit and missing values must remain missing.
DCL-SEED-0356,E08-PLN-0357,iv_rank,FUTURE_OPTIONS,LEGACY_ENGINE08,Registered objective measurement pending implementation,OPTIONS,TO_BE_SPECIFIED,REQUIRES_EXTERNAL_DATA,UNASSIGNED,UNIMPLEMENTED,NOT_VALIDATED,TO_BE_MEASURED,FUTURE_DATA_SOURCE_REQUIRED,EXTERNAL_DATA_REQUIRED,CONTEMPORANEOUS,CONTEMPORANEOUS_FACT,INPUT_ELIGIBLE,OBJECTIVE_DETERMINISTIC,REGISTERED_UNAVAILABLE,Keep as an external-data measurement contract; source/timestamp/provenance must be explicit and missing values must remain missing.
DCL-SEED-0357,E08-PLN-0358,iv_percentile,FUTURE_OPTIONS,LEGACY_ENGINE08,Registered objective measurement pending implementation,OPTIONS,TO_BE_SPECIFIED,REQUIRES_EXTERNAL_DATA,UNASSIGNED,UNIMPLEMENTED,NOT_VALIDATED,TO_BE_MEASURED,FUTURE_DATA_SOURCE_REQUIRED,EXTERNAL_DATA_REQUIRED,CONTEMPORANEOUS,CONTEMPORANEOUS_FACT,INPUT_ELIGIBLE,OBJECTIVE_DETERMINISTIC,REGISTERED_UNAVAILABLE,Keep as an external-data measurement contract; source/timestamp/provenance must be explicit and missing values must remain missing.
DCL-SEED-0358,E08-PLN-0359,volatility_skew,FUTURE_OPTIONS,LEGACY_ENGINE08,Registered objective measurement pending implementation,OPTIONS,TO_BE_SPECIFIED,REQUIRES_EXTERNAL_DATA,UNASSIGNED,UNIMPLEMENTED,NOT_VALIDATED,TO_BE_MEASURED,FUTURE_DATA_SOURCE_REQUIRED,EXTERNAL_DATA_REQUIRED,CONTEMPORANEOUS,CONTEMPORANEOUS_FACT,INPUT_ELIGIBLE,OBJECTIVE_DETERMINISTIC,REGISTERED_UNAVAILABLE,Keep as an external-data measurement contract; source/timestamp/provenance must be explicit and missing values must remain missing.
DCL-SEED-0359,E08-PLN-0360,term_structure_slope,FUTURE_OPTIONS,LEGACY_ENGINE08,Registered objective measurement pending implementation,OPTIONS,TO_BE_SPECIFIED,REQUIRES_EXTERNAL_DATA,UNASSIGNED,UNIMPLEMENTED,NOT_VALIDATED,TO_BE_MEASURED,FUTURE_DATA_SOURCE_REQUIRED,EXTERNAL_DATA_REQUIRED,CONTEMPORANEOUS,CONTEMPORANEOUS_FACT,INPUT_ELIGIBLE,OBJECTIVE_DETERMINISTIC,REGISTERED_UNAVAILABLE,Keep as an external-data measurement contract; source/timestamp/provenance must be explicit and missing values must remain missing.
DCL-SEED-0360,E08-PLN-0361,unusual_options_volume,FUTURE_OPTIONS,LEGACY_ENGINE08,Registered objective measurement pending implementation,OPTIONS,TO_BE_SPECIFIED,REQUIRES_EXTERNAL_DATA,UNASSIGNED,UNIMPLEMENTED,NOT_VALIDATED,TO_BE_MEASURED,FUTURE_DATA_SOURCE_REQUIRED,EXTERNAL_DATA_REQUIRED,CONTEMPORANEOUS,CONTEMPORANEOUS_FACT,INPUT_ELIGIBLE,REQUIRES_FORMAL_DEFINITION,REGISTERED_UNAVAILABLE,Keep as an external-data measurement contract; source/timestamp/provenance must be explicit and missing values must remain missing.
DCL-SEED-0361,E08-PLN-0362,sweep_notional,FUTURE_OPTIONS,LEGACY_ENGINE08,Registered objective measurement pending implementation,OPTIONS,TO_BE_SPECIFIED,REQUIRES_EXTERNAL_DATA,UNASSIGNED,UNIMPLEMENTED,NOT_VALIDATED,TO_BE_MEASURED,FUTURE_DATA_SOURCE_REQUIRED,EXTERNAL_DATA_REQUIRED,CONTEMPORANEOUS,CONTEMPORANEOUS_FACT,INPUT_ELIGIBLE,OBJECTIVE_DETERMINISTIC,REGISTERED_UNAVAILABLE,Keep as an external-data measurement contract; source/timestamp/provenance must be explicit and missing values must remain missing.
DCL-SEED-0362,E08-PLN-0363,block_trade_notional,FUTURE_OPTIONS,LEGACY_ENGINE08,Registered objective measurement pending implementation,OPTIONS,TO_BE_SPECIFIED,REQUIRES_EXTERNAL_DATA,UNASSIGNED,UNIMPLEMENTED,NOT_VALIDATED,TO_BE_MEASURED,FUTURE_DATA_SOURCE_REQUIRED,EXTERNAL_DATA_REQUIRED,CONTEMPORANEOUS,CONTEMPORANEOUS_FACT,INPUT_ELIGIBLE,OBJECTIVE_DETERMINISTIC,REGISTERED_UNAVAILABLE,Keep as an external-data measurement contract; source/timestamp/provenance must be explicit and missing values must remain missing.
DCL-SEED-0363,E08-PLN-0364,gamma_exposure,FUTURE_OPTIONS,LEGACY_ENGINE08,Registered objective measurement pending implementation,OPTIONS,TO_BE_SPECIFIED,REQUIRES_EXTERNAL_DATA,UNASSIGNED,UNIMPLEMENTED,NOT_VALIDATED,TO_BE_MEASURED,FUTURE_DATA_SOURCE_REQUIRED,EXTERNAL_DATA_REQUIRED,CONTEMPORANEOUS,CONTEMPORANEOUS_FACT,INPUT_ELIGIBLE,OBJECTIVE_DETERMINISTIC,REGISTERED_UNAVAILABLE,Keep as an external-data measurement contract; source/timestamp/provenance must be explicit and missing values must remain missing.
DCL-SEED-0364,E08-PLN-0365,delta_exposure,FUTURE_OPTIONS,LEGACY_ENGINE08,Registered objective measurement pending implementation,OPTIONS,TO_BE_SPECIFIED,REQUIRES_EXTERNAL_DATA,UNASSIGNED,UNIMPLEMENTED,NOT_VALIDATED,TO_BE_MEASURED,FUTURE_DATA_SOURCE_REQUIRED,EXTERNAL_DATA_REQUIRED,CONTEMPORANEOUS,CONTEMPORANEOUS_FACT,INPUT_ELIGIBLE,OBJECTIVE_DETERMINISTIC,REGISTERED_UNAVAILABLE,Keep as an external-data measurement contract; source/timestamp/provenance must be explicit and missing values must remain missing.
DCL-SEED-0365,E08-PLN-0366,options_volume_vs_open_interest,FUTURE_OPTIONS,LEGACY_ENGINE08,Registered objective measurement pending implementation,OPTIONS,TO_BE_SPECIFIED,REQUIRES_EXTERNAL_DATA,UNASSIGNED,UNIMPLEMENTED,NOT_VALIDATED,TO_BE_MEASURED,FUTURE_DATA_SOURCE_REQUIRED,EXTERNAL_DATA_REQUIRED,CONTEMPORANEOUS,CONTEMPORANEOUS_FACT,INPUT_ELIGIBLE,OBJECTIVE_DETERMINISTIC,REGISTERED_UNAVAILABLE,Keep as an external-data measurement contract; source/timestamp/provenance must be explicit and missing values must remain missing.
DCL-SEED-0366,E08-PLN-0367,dark_pool_volume,FUTURE_INSTITUTIONAL,LEGACY_ENGINE08,Registered objective measurement pending implementation,INSTITUTIONAL,TO_BE_SPECIFIED,REQUIRES_EXTERNAL_DATA,UNASSIGNED,UNIMPLEMENTED,NOT_VALIDATED,TO_BE_MEASURED,FUTURE_DATA_SOURCE_REQUIRED,EXTERNAL_DATA_REQUIRED,CONTEMPORANEOUS,CONTEMPORANEOUS_FACT,INPUT_ELIGIBLE,OBJECTIVE_DETERMINISTIC,REGISTERED_UNAVAILABLE,Keep as an external-data measurement contract; source/timestamp/provenance must be explicit and missing values must remain missing.
DCL-SEED-0367,E08-PLN-0368,dark_pool_notional,FUTURE_INSTITUTIONAL,LEGACY_ENGINE08,Registered objective measurement pending implementation,INSTITUTIONAL,TO_BE_SPECIFIED,REQUIRES_EXTERNAL_DATA,UNASSIGNED,UNIMPLEMENTED,NOT_VALIDATED,TO_BE_MEASURED,FUTURE_DATA_SOURCE_REQUIRED,EXTERNAL_DATA_REQUIRED,CONTEMPORANEOUS,CONTEMPORANEOUS_FACT,INPUT_ELIGIBLE,OBJECTIVE_DETERMINISTIC,REGISTERED_UNAVAILABLE,Keep as an external-data measurement contract; source/timestamp/provenance must be explicit and missing values must remain missing.
DCL-SEED-0368,E08-PLN-0369,dark_pool_price_location,FUTURE_INSTITUTIONAL,LEGACY_ENGINE08,Registered objective measurement pending implementation,INSTITUTIONAL,TO_BE_SPECIFIED,REQUIRES_EXTERNAL_DATA,UNASSIGNED,UNIMPLEMENTED,NOT_VALIDATED,TO_BE_MEASURED,FUTURE_DATA_SOURCE_REQUIRED,EXTERNAL_DATA_REQUIRED,CONTEMPORANEOUS,CONTEMPORANEOUS_FACT,INPUT_ELIGIBLE,OBJECTIVE_DETERMINISTIC,REGISTERED_UNAVAILABLE,Keep as an external-data measurement contract; source/timestamp/provenance must be explicit and missing values must remain missing.
DCL-SEED-0369,E08-PLN-0370,block_trade_volume,FUTURE_INSTITUTIONAL,LEGACY_ENGINE08,Registered objective measurement pending implementation,INSTITUTIONAL,TO_BE_SPECIFIED,REQUIRES_EXTERNAL_DATA,UNASSIGNED,UNIMPLEMENTED,NOT_VALIDATED,TO_BE_MEASURED,FUTURE_DATA_SOURCE_REQUIRED,EXTERNAL_DATA_REQUIRED,CONTEMPORANEOUS,CONTEMPORANEOUS_FACT,INPUT_ELIGIBLE,OBJECTIVE_DETERMINISTIC,REGISTERED_UNAVAILABLE,Keep as an external-data measurement contract; source/timestamp/provenance must be explicit and missing values must remain missing.
DCL-SEED-0370,E08-PLN-0371,block_trade_notional,FUTURE_INSTITUTIONAL,LEGACY_ENGINE08,Registered objective measurement pending implementation,INSTITUTIONAL,TO_BE_SPECIFIED,REQUIRES_EXTERNAL_DATA,UNASSIGNED,UNIMPLEMENTED,NOT_VALIDATED,TO_BE_MEASURED,FUTURE_DATA_SOURCE_REQUIRED,EXTERNAL_DATA_REQUIRED,CONTEMPORANEOUS,CONTEMPORANEOUS_FACT,INPUT_ELIGIBLE,OBJECTIVE_DETERMINISTIC,REGISTERED_UNAVAILABLE,Keep as an external-data measurement contract; source/timestamp/provenance must be explicit and missing values must remain missing.
DCL-SEED-0371,E08-PLN-0372,institutional_ownership_change,FUTURE_INSTITUTIONAL,LEGACY_ENGINE08,Registered objective measurement pending implementation,INSTITUTIONAL,TO_BE_SPECIFIED,REQUIRES_EXTERNAL_DATA,UNASSIGNED,UNIMPLEMENTED,NOT_VALIDATED,TO_BE_MEASURED,FUTURE_DATA_SOURCE_REQUIRED,EXTERNAL_DATA_REQUIRED,CONTEMPORANEOUS,CONTEMPORANEOUS_FACT,INPUT_ELIGIBLE,OBJECTIVE_DETERMINISTIC,REGISTERED_UNAVAILABLE,Keep as an external-data measurement contract; source/timestamp/provenance must be explicit and missing values must remain missing.
DCL-SEED-0372,E08-PLN-0373,fund_ownership_change,FUTURE_INSTITUTIONAL,LEGACY_ENGINE08,Registered objective measurement pending implementation,INSTITUTIONAL,TO_BE_SPECIFIED,REQUIRES_EXTERNAL_DATA,UNASSIGNED,UNIMPLEMENTED,NOT_VALIDATED,TO_BE_MEASURED,FUTURE_DATA_SOURCE_REQUIRED,EXTERNAL_DATA_REQUIRED,CONTEMPORANEOUS,CONTEMPORANEOUS_FACT,INPUT_ELIGIBLE,OBJECTIVE_DETERMINISTIC,REGISTERED_UNAVAILABLE,Keep as an external-data measurement contract; source/timestamp/provenance must be explicit and missing values must remain missing.
DCL-SEED-0373,E08-PLN-0374,short_interest,FUTURE_INSTITUTIONAL,LEGACY_ENGINE08,Registered objective measurement pending implementation,INSTITUTIONAL,TO_BE_SPECIFIED,REQUIRES_EXTERNAL_DATA,UNASSIGNED,UNIMPLEMENTED,NOT_VALIDATED,TO_BE_MEASURED,FUTURE_DATA_SOURCE_REQUIRED,EXTERNAL_DATA_REQUIRED,CONTEMPORANEOUS,CONTEMPORANEOUS_FACT,INPUT_ELIGIBLE,OBJECTIVE_DETERMINISTIC,REGISTERED_UNAVAILABLE,Keep as an external-data measurement contract; source/timestamp/provenance must be explicit and missing values must remain missing.
DCL-SEED-0374,E08-PLN-0375,days_to_cover,FUTURE_INSTITUTIONAL,LEGACY_ENGINE08,Registered objective measurement pending implementation,INSTITUTIONAL,TO_BE_SPECIFIED,REQUIRES_EXTERNAL_DATA,UNASSIGNED,UNIMPLEMENTED,NOT_VALIDATED,TO_BE_MEASURED,FUTURE_DATA_SOURCE_REQUIRED,EXTERNAL_DATA_REQUIRED,CONTEMPORANEOUS,CONTEMPORANEOUS_FACT,INPUT_ELIGIBLE,OBJECTIVE_DETERMINISTIC,REGISTERED_UNAVAILABLE,Keep as an external-data measurement contract; source/timestamp/provenance must be explicit and missing values must remain missing.
DCL-SEED-0375,E08-PLN-0376,borrow_rate,FUTURE_INSTITUTIONAL,LEGACY_ENGINE08,Registered objective measurement pending implementation,INSTITUTIONAL,TO_BE_SPECIFIED,REQUIRES_EXTERNAL_DATA,UNASSIGNED,UNIMPLEMENTED,NOT_VALIDATED,TO_BE_MEASURED,FUTURE_DATA_SOURCE_REQUIRED,EXTERNAL_DATA_REQUIRED,CONTEMPORANEOUS,CONTEMPORANEOUS_FACT,INPUT_ELIGIBLE,OBJECTIVE_DETERMINISTIC,REGISTERED_UNAVAILABLE,Keep as an external-data measurement contract; source/timestamp/provenance must be explicit and missing values must remain missing.
DCL-SEED-0376,E08-PLN-0377,etf_creation_redemption_flow,FUTURE_INSTITUTIONAL,LEGACY_ENGINE08,Registered objective measurement pending implementation,INSTITUTIONAL,TO_BE_SPECIFIED,REQUIRES_EXTERNAL_DATA,UNASSIGNED,UNIMPLEMENTED,NOT_VALIDATED,TO_BE_MEASURED,FUTURE_DATA_SOURCE_REQUIRED,EXTERNAL_DATA_REQUIRED,CONTEMPORANEOUS,CONTEMPORANEOUS_FACT,INPUT_ELIGIBLE,OBJECTIVE_DETERMINISTIC,REGISTERED_UNAVAILABLE,Keep as an external-data measurement contract; source/timestamp/provenance must be explicit and missing values must remain missing.
DCL-SEED-0377,E08-PLN-0378,insider_buying,FUTURE_INSTITUTIONAL,LEGACY_ENGINE08,Registered objective measurement pending implementation,INSTITUTIONAL,TO_BE_SPECIFIED,REQUIRES_EXTERNAL_DATA,UNASSIGNED,UNIMPLEMENTED,NOT_VALIDATED,TO_BE_MEASURED,FUTURE_DATA_SOURCE_REQUIRED,EXTERNAL_DATA_REQUIRED,CONTEMPORANEOUS,CONTEMPORANEOUS_FACT,INPUT_ELIGIBLE,OBJECTIVE_DETERMINISTIC,REGISTERED_UNAVAILABLE,Keep as an external-data measurement contract; source/timestamp/provenance must be explicit and missing values must remain missing.
DCL-SEED-0378,E08-PLN-0379,insider_selling,FUTURE_INSTITUTIONAL,LEGACY_ENGINE08,Registered objective measurement pending implementation,INSTITUTIONAL,TO_BE_SPECIFIED,REQUIRES_EXTERNAL_DATA,UNASSIGNED,UNIMPLEMENTED,NOT_VALIDATED,TO_BE_MEASURED,FUTURE_DATA_SOURCE_REQUIRED,EXTERNAL_DATA_REQUIRED,CONTEMPORANEOUS,CONTEMPORANEOUS_FACT,INPUT_ELIGIBLE,OBJECTIVE_DETERMINISTIC,REGISTERED_UNAVAILABLE,Keep as an external-data measurement contract; source/timestamp/provenance must be explicit and missing values must remain missing.
DCL-SEED-0379,E08-PLN-0380,earnings_proximity,FUTURE_FUNDAMENTAL_CATALYST,LEGACY_ENGINE08,Registered objective measurement pending implementation,FUNDAMENTAL_CATALYST,TO_BE_SPECIFIED,REQUIRES_EXTERNAL_DATA,UNASSIGNED,UNIMPLEMENTED,NOT_VALIDATED,TO_BE_MEASURED,FUTURE_DATA_SOURCE_REQUIRED,EXTERNAL_DATA_REQUIRED,CONTEMPORANEOUS,CONTEMPORANEOUS_FACT,INPUT_ELIGIBLE,OBJECTIVE_DETERMINISTIC,REGISTERED_UNAVAILABLE,Keep as an external-data measurement contract; source/timestamp/provenance must be explicit and missing values must remain missing.
DCL-SEED-0380,E08-PLN-0381,earnings_surprise,FUTURE_FUNDAMENTAL_CATALYST,LEGACY_ENGINE08,Registered objective measurement pending implementation,FUNDAMENTAL_CATALYST,TO_BE_SPECIFIED,REQUIRES_EXTERNAL_DATA,UNASSIGNED,UNIMPLEMENTED,NOT_VALIDATED,TO_BE_MEASURED,FUTURE_DATA_SOURCE_REQUIRED,EXTERNAL_DATA_REQUIRED,CONTEMPORANEOUS,CONTEMPORANEOUS_FACT,INPUT_ELIGIBLE,OBJECTIVE_DETERMINISTIC,REGISTERED_UNAVAILABLE,Keep as an external-data measurement contract; source/timestamp/provenance must be explicit and missing values must remain missing.
DCL-SEED-0381,E08-PLN-0382,revenue_surprise,FUTURE_FUNDAMENTAL_CATALYST,LEGACY_ENGINE08,Registered objective measurement pending implementation,FUNDAMENTAL_CATALYST,TO_BE_SPECIFIED,REQUIRES_EXTERNAL_DATA,UNASSIGNED,UNIMPLEMENTED,NOT_VALIDATED,TO_BE_MEASURED,FUTURE_DATA_SOURCE_REQUIRED,EXTERNAL_DATA_REQUIRED,CONTEMPORANEOUS,CONTEMPORANEOUS_FACT,INPUT_ELIGIBLE,OBJECTIVE_DETERMINISTIC,REGISTERED_UNAVAILABLE,Keep as an external-data measurement contract; source/timestamp/provenance must be explicit and missing values must remain missing.
DCL-SEED-0382,E08-PLN-0383,guidance_change,FUTURE_FUNDAMENTAL_CATALYST,LEGACY_ENGINE08,Registered objective measurement pending implementation,FUNDAMENTAL_CATALYST,TO_BE_SPECIFIED,REQUIRES_EXTERNAL_DATA,UNASSIGNED,UNIMPLEMENTED,NOT_VALIDATED,TO_BE_MEASURED,FUTURE_DATA_SOURCE_REQUIRED,EXTERNAL_DATA_REQUIRED,CONTEMPORANEOUS,CONTEMPORANEOUS_FACT,INPUT_ELIGIBLE,OBJECTIVE_DETERMINISTIC,REGISTERED_UNAVAILABLE,Keep as an external-data measurement contract; source/timestamp/provenance must be explicit and missing values must remain missing.
DCL-SEED-0383,E08-PLN-0384,analyst_revision_count,FUTURE_FUNDAMENTAL_CATALYST,LEGACY_ENGINE08,Registered objective measurement pending implementation,FUNDAMENTAL_CATALYST,TO_BE_SPECIFIED,REQUIRES_EXTERNAL_DATA,UNASSIGNED,UNIMPLEMENTED,NOT_VALIDATED,TO_BE_MEASURED,FUTURE_DATA_SOURCE_REQUIRED,EXTERNAL_DATA_REQUIRED,CONTEMPORANEOUS,CONTEMPORANEOUS_FACT,INPUT_ELIGIBLE,OBJECTIVE_DETERMINISTIC,REGISTERED_UNAVAILABLE,Keep as an external-data measurement contract; source/timestamp/provenance must be explicit and missing values must remain missing.
DCL-SEED-0384,E08-PLN-0385,price_target_revision,FUTURE_FUNDAMENTAL_CATALYST,LEGACY_ENGINE08,Registered objective measurement pending implementation,FUNDAMENTAL_CATALYST,TO_BE_SPECIFIED,REQUIRES_EXTERNAL_DATA,UNASSIGNED,UNIMPLEMENTED,NOT_VALIDATED,TO_BE_MEASURED,FUTURE_DATA_SOURCE_REQUIRED,EXTERNAL_DATA_REQUIRED,CONTEMPORANEOUS,CONTEMPORANEOUS_FACT,INPUT_ELIGIBLE,OBJECTIVE_DETERMINISTIC,REGISTERED_UNAVAILABLE,Keep as an external-data measurement contract; source/timestamp/provenance must be explicit and missing values must remain missing.
DCL-SEED-0385,E08-PLN-0386,sales_growth,FUTURE_FUNDAMENTAL_CATALYST,LEGACY_ENGINE08,Registered objective measurement pending implementation,FUNDAMENTAL_CATALYST,TO_BE_SPECIFIED,REQUIRES_EXTERNAL_DATA,UNASSIGNED,UNIMPLEMENTED,NOT_VALIDATED,TO_BE_MEASURED,FUTURE_DATA_SOURCE_REQUIRED,EXTERNAL_DATA_REQUIRED,CONTEMPORANEOUS,CONTEMPORANEOUS_FACT,INPUT_ELIGIBLE,OBJECTIVE_DETERMINISTIC,REGISTERED_UNAVAILABLE,Keep as an external-data measurement contract; source/timestamp/provenance must be explicit and missing values must remain missing.
DCL-SEED-0386,E08-PLN-0387,earnings_growth,FUTURE_FUNDAMENTAL_CATALYST,LEGACY_ENGINE08,Registered objective measurement pending implementation,FUNDAMENTAL_CATALYST,TO_BE_SPECIFIED,REQUIRES_EXTERNAL_DATA,UNASSIGNED,UNIMPLEMENTED,NOT_VALIDATED,TO_BE_MEASURED,FUTURE_DATA_SOURCE_REQUIRED,EXTERNAL_DATA_REQUIRED,CONTEMPORANEOUS,CONTEMPORANEOUS_FACT,INPUT_ELIGIBLE,OBJECTIVE_DETERMINISTIC,REGISTERED_UNAVAILABLE,Keep as an external-data measurement contract; source/timestamp/provenance must be explicit and missing values must remain missing.
DCL-SEED-0387,E08-PLN-0388,margin_change,FUTURE_FUNDAMENTAL_CATALYST,LEGACY_ENGINE08,Registered objective measurement pending implementation,FUNDAMENTAL_CATALYST,TO_BE_SPECIFIED,REQUIRES_EXTERNAL_DATA,UNASSIGNED,UNIMPLEMENTED,NOT_VALIDATED,TO_BE_MEASURED,FUTURE_DATA_SOURCE_REQUIRED,EXTERNAL_DATA_REQUIRED,CONTEMPORANEOUS,CONTEMPORANEOUS_FACT,INPUT_ELIGIBLE,OBJECTIVE_DETERMINISTIC,REGISTERED_UNAVAILABLE,Keep as an external-data measurement contract; source/timestamp/provenance must be explicit and missing values must remain missing.
DCL-SEED-0388,E08-PLN-0389,free_cash_flow_growth,FUTURE_FUNDAMENTAL_CATALYST,LEGACY_ENGINE08,Registered objective measurement pending implementation,FUNDAMENTAL_CATALYST,TO_BE_SPECIFIED,REQUIRES_EXTERNAL_DATA,UNASSIGNED,UNIMPLEMENTED,NOT_VALIDATED,TO_BE_MEASURED,FUTURE_DATA_SOURCE_REQUIRED,EXTERNAL_DATA_REQUIRED,CONTEMPORANEOUS,CONTEMPORANEOUS_FACT,INPUT_ELIGIBLE,OBJECTIVE_DETERMINISTIC,REGISTERED_UNAVAILABLE,Keep as an external-data measurement contract; source/timestamp/provenance must be explicit and missing values must remain missing.
DCL-SEED-0389,E08-PLN-0390,valuation_change,FUTURE_FUNDAMENTAL_CATALYST,LEGACY_ENGINE08,Registered objective measurement pending implementation,FUNDAMENTAL_CATALYST,TO_BE_SPECIFIED,REQUIRES_EXTERNAL_DATA,UNASSIGNED,UNIMPLEMENTED,NOT_VALIDATED,TO_BE_MEASURED,FUTURE_DATA_SOURCE_REQUIRED,EXTERNAL_DATA_REQUIRED,CONTEMPORANEOUS,CONTEMPORANEOUS_FACT,INPUT_ELIGIBLE,OBJECTIVE_DETERMINISTIC,REGISTERED_UNAVAILABLE,Keep as an external-data measurement contract; source/timestamp/provenance must be explicit and missing values must remain missing.
DCL-SEED-0390,E08-PLN-0392,catalyst_count,FUTURE_FUNDAMENTAL_CATALYST,LEGACY_ENGINE08,Registered objective measurement pending implementation,FUNDAMENTAL_CATALYST,TO_BE_SPECIFIED,REQUIRES_EXTERNAL_DATA,UNASSIGNED,UNIMPLEMENTED,NOT_VALIDATED,TO_BE_MEASURED,FUTURE_DATA_SOURCE_REQUIRED,EXTERNAL_DATA_REQUIRED,CONTEMPORANEOUS,CONTEMPORANEOUS_FACT,INPUT_ELIGIBLE,REQUIRES_FORMAL_DEFINITION,REGISTERED_UNAVAILABLE,Keep as an external-data measurement contract; source/timestamp/provenance must be explicit and missing values must remain missing.
DCL-SEED-0391,E08-PLN-0393,vix_level,FUTURE_MACRO,LEGACY_ENGINE08,Registered objective measurement pending implementation,MACRO,TO_BE_SPECIFIED,REQUIRES_EXTERNAL_DATA,UNASSIGNED,UNIMPLEMENTED,NOT_VALIDATED,TO_BE_MEASURED,FUTURE_DATA_SOURCE_REQUIRED,EXTERNAL_DATA_REQUIRED,CONTEMPORANEOUS,CONTEMPORANEOUS_FACT,INPUT_ELIGIBLE,OBJECTIVE_DETERMINISTIC,REGISTERED_UNAVAILABLE,Keep as an external-data measurement contract; source/timestamp/provenance must be explicit and missing values must remain missing.
DCL-SEED-0392,E08-PLN-0394,vix_change,FUTURE_MACRO,LEGACY_ENGINE08,Registered objective measurement pending implementation,MACRO,TO_BE_SPECIFIED,REQUIRES_EXTERNAL_DATA,UNASSIGNED,UNIMPLEMENTED,NOT_VALIDATED,TO_BE_MEASURED,FUTURE_DATA_SOURCE_REQUIRED,EXTERNAL_DATA_REQUIRED,CONTEMPORANEOUS,CONTEMPORANEOUS_FACT,INPUT_ELIGIBLE,OBJECTIVE_DETERMINISTIC,REGISTERED_UNAVAILABLE,Keep as an external-data measurement contract; source/timestamp/provenance must be explicit and missing values must remain missing.
DCL-SEED-0393,E08-PLN-0395,interest_rate_level,FUTURE_MACRO,LEGACY_ENGINE08,Registered objective measurement pending implementation,MACRO,TO_BE_SPECIFIED,REQUIRES_EXTERNAL_DATA,UNASSIGNED,UNIMPLEMENTED,NOT_VALIDATED,TO_BE_MEASURED,FUTURE_DATA_SOURCE_REQUIRED,EXTERNAL_DATA_REQUIRED,CONTEMPORANEOUS,CONTEMPORANEOUS_FACT,INPUT_ELIGIBLE,OBJECTIVE_DETERMINISTIC,REGISTERED_UNAVAILABLE,Keep as an external-data measurement contract; source/timestamp/provenance must be explicit and missing values must remain missing.
DCL-SEED-0394,E08-PLN-0396,yield_curve_slope,FUTURE_MACRO,LEGACY_ENGINE08,Registered objective measurement pending implementation,MACRO,TO_BE_SPECIFIED,REQUIRES_EXTERNAL_DATA,UNASSIGNED,UNIMPLEMENTED,NOT_VALIDATED,TO_BE_MEASURED,FUTURE_DATA_SOURCE_REQUIRED,EXTERNAL_DATA_REQUIRED,CONTEMPORANEOUS,CONTEMPORANEOUS_FACT,INPUT_ELIGIBLE,OBJECTIVE_DETERMINISTIC,REGISTERED_UNAVAILABLE,Keep as an external-data measurement contract; source/timestamp/provenance must be explicit and missing values must remain missing.
DCL-SEED-0395,E08-PLN-0397,credit_spread,FUTURE_MACRO,LEGACY_ENGINE08,Registered objective measurement pending implementation,MACRO,TO_BE_SPECIFIED,REQUIRES_EXTERNAL_DATA,UNASSIGNED,UNIMPLEMENTED,NOT_VALIDATED,TO_BE_MEASURED,FUTURE_DATA_SOURCE_REQUIRED,EXTERNAL_DATA_REQUIRED,CONTEMPORANEOUS,CONTEMPORANEOUS_FACT,INPUT_ELIGIBLE,OBJECTIVE_DETERMINISTIC,REGISTERED_UNAVAILABLE,Keep as an external-data measurement contract; source/timestamp/provenance must be explicit and missing values must remain missing.
DCL-SEED-0396,E08-PLN-0398,dollar_index_change,FUTURE_MACRO,LEGACY_ENGINE08,Registered objective measurement pending implementation,MACRO,TO_BE_SPECIFIED,REQUIRES_EXTERNAL_DATA,UNASSIGNED,UNIMPLEMENTED,NOT_VALIDATED,TO_BE_MEASURED,FUTURE_DATA_SOURCE_REQUIRED,EXTERNAL_DATA_REQUIRED,CONTEMPORANEOUS,CONTEMPORANEOUS_FACT,INPUT_ELIGIBLE,OBJECTIVE_DETERMINISTIC,REGISTERED_UNAVAILABLE,Keep as an external-data measurement contract; source/timestamp/provenance must be explicit and missing values must remain missing.
DCL-SEED-0397,E08-PLN-0399,commodity_context,FUTURE_MACRO,LEGACY_ENGINE08,Registered objective measurement pending implementation,MACRO,TO_BE_SPECIFIED,REQUIRES_EXTERNAL_DATA,UNASSIGNED,UNIMPLEMENTED,NOT_VALIDATED,TO_BE_MEASURED,FUTURE_DATA_SOURCE_REQUIRED,EXTERNAL_DATA_REQUIRED,CONTEMPORANEOUS,CONTEMPORANEOUS_FACT,INPUT_ELIGIBLE,REQUIRES_FORMAL_DEFINITION,REGISTERED_UNAVAILABLE,Keep as an external-data measurement contract; source/timestamp/provenance must be explicit and missing values must remain missing.
DCL-SEED-0398,E08-PLN-0400,economic_release_proximity,FUTURE_MACRO,LEGACY_ENGINE08,Registered objective measurement pending implementation,MACRO,TO_BE_SPECIFIED,REQUIRES_EXTERNAL_DATA,UNASSIGNED,UNIMPLEMENTED,NOT_VALIDATED,TO_BE_MEASURED,FUTURE_DATA_SOURCE_REQUIRED,EXTERNAL_DATA_REQUIRED,CONTEMPORANEOUS,CONTEMPORANEOUS_FACT,INPUT_ELIGIBLE,REQUIRES_FORMAL_DEFINITION,REGISTERED_UNAVAILABLE,Keep as an external-data measurement contract; source/timestamp/provenance must be explicit and missing values must remain missing.
DCL-SEED-0399,E08-PLN-0401,market_breadth,FUTURE_MACRO,LEGACY_ENGINE08,Registered objective measurement pending implementation,MACRO,TO_BE_SPECIFIED,REQUIRES_EXTERNAL_DATA,UNASSIGNED,UNIMPLEMENTED,NOT_VALIDATED,TO_BE_MEASURED,FUTURE_DATA_SOURCE_REQUIRED,EXTERNAL_DATA_REQUIRED,CONTEMPORANEOUS,CONTEMPORANEOUS_FACT,INPUT_ELIGIBLE,OBJECTIVE_DETERMINISTIC,REGISTERED_UNAVAILABLE,Keep as an external-data measurement contract; source/timestamp/provenance must be explicit and missing values must remain missing.
DCL-SEED-0400,E08-PLN-0402,advance_decline_line,FUTURE_MACRO,LEGACY_ENGINE08,Registered objective measurement pending implementation,MACRO,TO_BE_SPECIFIED,REQUIRES_EXTERNAL_DATA,UNASSIGNED,UNIMPLEMENTED,NOT_VALIDATED,TO_BE_MEASURED,FUTURE_DATA_SOURCE_REQUIRED,EXTERNAL_DATA_REQUIRED,CONTEMPORANEOUS,CONTEMPORANEOUS_FACT,INPUT_ELIGIBLE,OBJECTIVE_DETERMINISTIC,REGISTERED_UNAVAILABLE,Keep as an external-data measurement contract; source/timestamp/provenance must be explicit and missing values must remain missing.
DCL-SEED-0401,E08-PLN-0403,new_high_new_low_ratio,FUTURE_MACRO,LEGACY_ENGINE08,Registered objective measurement pending implementation,MACRO,TO_BE_SPECIFIED,REQUIRES_EXTERNAL_DATA,UNASSIGNED,UNIMPLEMENTED,NOT_VALIDATED,TO_BE_MEASURED,FUTURE_DATA_SOURCE_REQUIRED,EXTERNAL_DATA_REQUIRED,CONTEMPORANEOUS,CONTEMPORANEOUS_FACT,INPUT_ELIGIBLE,OBJECTIVE_DETERMINISTIC,REGISTERED_UNAVAILABLE,Keep as an external-data measurement contract; source/timestamp/provenance must be explicit and missing values must remain missing.
DCL-SEED-0402,,forward_return_1d,FORWARD_OUTCOME,REV2_RECOMMENDED_ADDITION,Close-to-close return from origin through +1 trading days.,OHLCV,TO_BE_FROZEN,PROPOSED,UNASSIGNED,UNIMPLEMENTED,NOT_VALIDATED,TO_BE_MEASURED,AVAILABLE_FROM_HISTORY,BASELINE,RETROSPECTIVE,HISTORICAL_OUTCOME_GROUND_TRUTH,TARGET_OUTCOME_ONLY,REQUIRES_FORMAL_DEFINITION,CALIBRATION_ACTIVE,Rev 2 recommended retrospective ground-truth computation for calibration.
DCL-SEED-0403,,mfe_1d,FORWARD_OUTCOME,REV2_RECOMMENDED_ADDITION,Maximum favorable excursion during the next 1 trading days under a governed direction convention.,OHLCV,TO_BE_FROZEN,PROPOSED,UNASSIGNED,UNIMPLEMENTED,NOT_VALIDATED,TO_BE_MEASURED,AVAILABLE_FROM_HISTORY,BASELINE,RETROSPECTIVE,HISTORICAL_OUTCOME_GROUND_TRUTH,TARGET_OUTCOME_ONLY,REQUIRES_FORMAL_DEFINITION,CALIBRATION_ACTIVE,Rev 2 recommended retrospective ground-truth computation for calibration.
DCL-SEED-0404,,mae_1d,FORWARD_OUTCOME,REV2_RECOMMENDED_ADDITION,Maximum adverse excursion during the next 1 trading days under a governed direction convention.,OHLCV,TO_BE_FROZEN,PROPOSED,UNASSIGNED,UNIMPLEMENTED,NOT_VALIDATED,TO_BE_MEASURED,AVAILABLE_FROM_HISTORY,BASELINE,RETROSPECTIVE,HISTORICAL_OUTCOME_GROUND_TRUTH,TARGET_OUTCOME_ONLY,REQUIRES_FORMAL_DEFINITION,CALIBRATION_ACTIVE,Rev 2 recommended retrospective ground-truth computation for calibration.
DCL-SEED-0405,,time_to_peak_1d,FORWARD_OUTCOME,REV2_RECOMMENDED_ADDITION,Trading bars from origin to maximum favorable price within the next 1 trading days.,OHLCV,TO_BE_FROZEN,PROPOSED,UNASSIGNED,UNIMPLEMENTED,NOT_VALIDATED,TO_BE_MEASURED,AVAILABLE_FROM_HISTORY,BASELINE,RETROSPECTIVE,HISTORICAL_OUTCOME_GROUND_TRUTH,TARGET_OUTCOME_ONLY,REQUIRES_FORMAL_DEFINITION,CALIBRATION_ACTIVE,Rev 2 recommended retrospective ground-truth computation for calibration.
DCL-SEED-0406,,time_to_trough_1d,FORWARD_OUTCOME,REV2_RECOMMENDED_ADDITION,Trading bars from origin to minimum price within the next 1 trading days.,OHLCV,TO_BE_FROZEN,PROPOSED,UNASSIGNED,UNIMPLEMENTED,NOT_VALIDATED,TO_BE_MEASURED,AVAILABLE_FROM_HISTORY,BASELINE,RETROSPECTIVE,HISTORICAL_OUTCOME_GROUND_TRUTH,TARGET_OUTCOME_ONLY,REQUIRES_FORMAL_DEFINITION,CALIBRATION_ACTIVE,Rev 2 recommended retrospective ground-truth computation for calibration.
DCL-SEED-0407,,forward_return_2d,FORWARD_OUTCOME,REV2_RECOMMENDED_ADDITION,Close-to-close return from origin through +2 trading days.,OHLCV,TO_BE_FROZEN,PROPOSED,UNASSIGNED,UNIMPLEMENTED,NOT_VALIDATED,TO_BE_MEASURED,AVAILABLE_FROM_HISTORY,BASELINE,RETROSPECTIVE,HISTORICAL_OUTCOME_GROUND_TRUTH,TARGET_OUTCOME_ONLY,REQUIRES_FORMAL_DEFINITION,CALIBRATION_ACTIVE,Rev 2 recommended retrospective ground-truth computation for calibration.
DCL-SEED-0408,,mfe_2d,FORWARD_OUTCOME,REV2_RECOMMENDED_ADDITION,Maximum favorable excursion during the next 2 trading days under a governed direction convention.,OHLCV,TO_BE_FROZEN,PROPOSED,UNASSIGNED,UNIMPLEMENTED,NOT_VALIDATED,TO_BE_MEASURED,AVAILABLE_FROM_HISTORY,BASELINE,RETROSPECTIVE,HISTORICAL_OUTCOME_GROUND_TRUTH,TARGET_OUTCOME_ONLY,REQUIRES_FORMAL_DEFINITION,CALIBRATION_ACTIVE,Rev 2 recommended retrospective ground-truth computation for calibration.
DCL-SEED-0409,,mae_2d,FORWARD_OUTCOME,REV2_RECOMMENDED_ADDITION,Maximum adverse excursion during the next 2 trading days under a governed direction convention.,OHLCV,TO_BE_FROZEN,PROPOSED,UNASSIGNED,UNIMPLEMENTED,NOT_VALIDATED,TO_BE_MEASURED,AVAILABLE_FROM_HISTORY,BASELINE,RETROSPECTIVE,HISTORICAL_OUTCOME_GROUND_TRUTH,TARGET_OUTCOME_ONLY,REQUIRES_FORMAL_DEFINITION,CALIBRATION_ACTIVE,Rev 2 recommended retrospective ground-truth computation for calibration.
DCL-SEED-0410,,time_to_peak_2d,FORWARD_OUTCOME,REV2_RECOMMENDED_ADDITION,Trading bars from origin to maximum favorable price within the next 2 trading days.,OHLCV,TO_BE_FROZEN,PROPOSED,UNASSIGNED,UNIMPLEMENTED,NOT_VALIDATED,TO_BE_MEASURED,AVAILABLE_FROM_HISTORY,BASELINE,RETROSPECTIVE,HISTORICAL_OUTCOME_GROUND_TRUTH,TARGET_OUTCOME_ONLY,REQUIRES_FORMAL_DEFINITION,CALIBRATION_ACTIVE,Rev 2 recommended retrospective ground-truth computation for calibration.
DCL-SEED-0411,,time_to_trough_2d,FORWARD_OUTCOME,REV2_RECOMMENDED_ADDITION,Trading bars from origin to minimum price within the next 2 trading days.,OHLCV,TO_BE_FROZEN,PROPOSED,UNASSIGNED,UNIMPLEMENTED,NOT_VALIDATED,TO_BE_MEASURED,AVAILABLE_FROM_HISTORY,BASELINE,RETROSPECTIVE,HISTORICAL_OUTCOME_GROUND_TRUTH,TARGET_OUTCOME_ONLY,REQUIRES_FORMAL_DEFINITION,CALIBRATION_ACTIVE,Rev 2 recommended retrospective ground-truth computation for calibration.
DCL-SEED-0412,,forward_return_3d,FORWARD_OUTCOME,REV2_RECOMMENDED_ADDITION,Close-to-close return from origin through +3 trading days.,OHLCV,TO_BE_FROZEN,PROPOSED,UNASSIGNED,UNIMPLEMENTED,NOT_VALIDATED,TO_BE_MEASURED,AVAILABLE_FROM_HISTORY,BASELINE,RETROSPECTIVE,HISTORICAL_OUTCOME_GROUND_TRUTH,TARGET_OUTCOME_ONLY,REQUIRES_FORMAL_DEFINITION,CALIBRATION_ACTIVE,Rev 2 recommended retrospective ground-truth computation for calibration.
DCL-SEED-0413,,mfe_3d,FORWARD_OUTCOME,REV2_RECOMMENDED_ADDITION,Maximum favorable excursion during the next 3 trading days under a governed direction convention.,OHLCV,TO_BE_FROZEN,PROPOSED,UNASSIGNED,UNIMPLEMENTED,NOT_VALIDATED,TO_BE_MEASURED,AVAILABLE_FROM_HISTORY,BASELINE,RETROSPECTIVE,HISTORICAL_OUTCOME_GROUND_TRUTH,TARGET_OUTCOME_ONLY,REQUIRES_FORMAL_DEFINITION,CALIBRATION_ACTIVE,Rev 2 recommended retrospective ground-truth computation for calibration.
DCL-SEED-0414,,mae_3d,FORWARD_OUTCOME,REV2_RECOMMENDED_ADDITION,Maximum adverse excursion during the next 3 trading days under a governed direction convention.,OHLCV,TO_BE_FROZEN,PROPOSED,UNASSIGNED,UNIMPLEMENTED,NOT_VALIDATED,TO_BE_MEASURED,AVAILABLE_FROM_HISTORY,BASELINE,RETROSPECTIVE,HISTORICAL_OUTCOME_GROUND_TRUTH,TARGET_OUTCOME_ONLY,REQUIRES_FORMAL_DEFINITION,CALIBRATION_ACTIVE,Rev 2 recommended retrospective ground-truth computation for calibration.
DCL-SEED-0415,,time_to_peak_3d,FORWARD_OUTCOME,REV2_RECOMMENDED_ADDITION,Trading bars from origin to maximum favorable price within the next 3 trading days.,OHLCV,TO_BE_FROZEN,PROPOSED,UNASSIGNED,UNIMPLEMENTED,NOT_VALIDATED,TO_BE_MEASURED,AVAILABLE_FROM_HISTORY,BASELINE,RETROSPECTIVE,HISTORICAL_OUTCOME_GROUND_TRUTH,TARGET_OUTCOME_ONLY,REQUIRES_FORMAL_DEFINITION,CALIBRATION_ACTIVE,Rev 2 recommended retrospective ground-truth computation for calibration.
DCL-SEED-0416,,time_to_trough_3d,FORWARD_OUTCOME,REV2_RECOMMENDED_ADDITION,Trading bars from origin to minimum price within the next 3 trading days.,OHLCV,TO_BE_FROZEN,PROPOSED,UNASSIGNED,UNIMPLEMENTED,NOT_VALIDATED,TO_BE_MEASURED,AVAILABLE_FROM_HISTORY,BASELINE,RETROSPECTIVE,HISTORICAL_OUTCOME_GROUND_TRUTH,TARGET_OUTCOME_ONLY,REQUIRES_FORMAL_DEFINITION,CALIBRATION_ACTIVE,Rev 2 recommended retrospective ground-truth computation for calibration.
DCL-SEED-0417,,forward_return_5d,FORWARD_OUTCOME,REV2_RECOMMENDED_ADDITION,Close-to-close return from origin through +5 trading days.,OHLCV,TO_BE_FROZEN,PROPOSED,UNASSIGNED,UNIMPLEMENTED,NOT_VALIDATED,TO_BE_MEASURED,AVAILABLE_FROM_HISTORY,BASELINE,RETROSPECTIVE,HISTORICAL_OUTCOME_GROUND_TRUTH,TARGET_OUTCOME_ONLY,REQUIRES_FORMAL_DEFINITION,CALIBRATION_ACTIVE,Rev 2 recommended retrospective ground-truth computation for calibration.
DCL-SEED-0418,,mfe_5d,FORWARD_OUTCOME,REV2_RECOMMENDED_ADDITION,Maximum favorable excursion during the next 5 trading days under a governed direction convention.,OHLCV,TO_BE_FROZEN,PROPOSED,UNASSIGNED,UNIMPLEMENTED,NOT_VALIDATED,TO_BE_MEASURED,AVAILABLE_FROM_HISTORY,BASELINE,RETROSPECTIVE,HISTORICAL_OUTCOME_GROUND_TRUTH,TARGET_OUTCOME_ONLY,REQUIRES_FORMAL_DEFINITION,CALIBRATION_ACTIVE,Rev 2 recommended retrospective ground-truth computation for calibration.
DCL-SEED-0419,,mae_5d,FORWARD_OUTCOME,REV2_RECOMMENDED_ADDITION,Maximum adverse excursion during the next 5 trading days under a governed direction convention.,OHLCV,TO_BE_FROZEN,PROPOSED,UNASSIGNED,UNIMPLEMENTED,NOT_VALIDATED,TO_BE_MEASURED,AVAILABLE_FROM_HISTORY,BASELINE,RETROSPECTIVE,HISTORICAL_OUTCOME_GROUND_TRUTH,TARGET_OUTCOME_ONLY,REQUIRES_FORMAL_DEFINITION,CALIBRATION_ACTIVE,Rev 2 recommended retrospective ground-truth computation for calibration.
DCL-SEED-0420,,time_to_peak_5d,FORWARD_OUTCOME,REV2_RECOMMENDED_ADDITION,Trading bars from origin to maximum favorable price within the next 5 trading days.,OHLCV,TO_BE_FROZEN,PROPOSED,UNASSIGNED,UNIMPLEMENTED,NOT_VALIDATED,TO_BE_MEASURED,AVAILABLE_FROM_HISTORY,BASELINE,RETROSPECTIVE,HISTORICAL_OUTCOME_GROUND_TRUTH,TARGET_OUTCOME_ONLY,REQUIRES_FORMAL_DEFINITION,CALIBRATION_ACTIVE,Rev 2 recommended retrospective ground-truth computation for calibration.
DCL-SEED-0421,,time_to_trough_5d,FORWARD_OUTCOME,REV2_RECOMMENDED_ADDITION,Trading bars from origin to minimum price within the next 5 trading days.,OHLCV,TO_BE_FROZEN,PROPOSED,UNASSIGNED,UNIMPLEMENTED,NOT_VALIDATED,TO_BE_MEASURED,AVAILABLE_FROM_HISTORY,BASELINE,RETROSPECTIVE,HISTORICAL_OUTCOME_GROUND_TRUTH,TARGET_OUTCOME_ONLY,REQUIRES_FORMAL_DEFINITION,CALIBRATION_ACTIVE,Rev 2 recommended retrospective ground-truth computation for calibration.
DCL-SEED-0422,,forward_return_10d,FORWARD_OUTCOME,REV2_RECOMMENDED_ADDITION,Close-to-close return from origin through +10 trading days.,OHLCV,TO_BE_FROZEN,PROPOSED,UNASSIGNED,UNIMPLEMENTED,NOT_VALIDATED,TO_BE_MEASURED,AVAILABLE_FROM_HISTORY,BASELINE,RETROSPECTIVE,HISTORICAL_OUTCOME_GROUND_TRUTH,TARGET_OUTCOME_ONLY,REQUIRES_FORMAL_DEFINITION,CALIBRATION_ACTIVE,Rev 2 recommended retrospective ground-truth computation for calibration.
DCL-SEED-0423,,mfe_10d,FORWARD_OUTCOME,REV2_RECOMMENDED_ADDITION,Maximum favorable excursion during the next 10 trading days under a governed direction convention.,OHLCV,TO_BE_FROZEN,PROPOSED,UNASSIGNED,UNIMPLEMENTED,NOT_VALIDATED,TO_BE_MEASURED,AVAILABLE_FROM_HISTORY,BASELINE,RETROSPECTIVE,HISTORICAL_OUTCOME_GROUND_TRUTH,TARGET_OUTCOME_ONLY,REQUIRES_FORMAL_DEFINITION,CALIBRATION_ACTIVE,Rev 2 recommended retrospective ground-truth computation for calibration.
DCL-SEED-0424,,mae_10d,FORWARD_OUTCOME,REV2_RECOMMENDED_ADDITION,Maximum adverse excursion during the next 10 trading days under a governed direction convention.,OHLCV,TO_BE_FROZEN,PROPOSED,UNASSIGNED,UNIMPLEMENTED,NOT_VALIDATED,TO_BE_MEASURED,AVAILABLE_FROM_HISTORY,BASELINE,RETROSPECTIVE,HISTORICAL_OUTCOME_GROUND_TRUTH,TARGET_OUTCOME_ONLY,REQUIRES_FORMAL_DEFINITION,CALIBRATION_ACTIVE,Rev 2 recommended retrospective ground-truth computation for calibration.
DCL-SEED-0425,,time_to_peak_10d,FORWARD_OUTCOME,REV2_RECOMMENDED_ADDITION,Trading bars from origin to maximum favorable price within the next 10 trading days.,OHLCV,TO_BE_FROZEN,PROPOSED,UNASSIGNED,UNIMPLEMENTED,NOT_VALIDATED,TO_BE_MEASURED,AVAILABLE_FROM_HISTORY,BASELINE,RETROSPECTIVE,HISTORICAL_OUTCOME_GROUND_TRUTH,TARGET_OUTCOME_ONLY,REQUIRES_FORMAL_DEFINITION,CALIBRATION_ACTIVE,Rev 2 recommended retrospective ground-truth computation for calibration.
DCL-SEED-0426,,time_to_trough_10d,FORWARD_OUTCOME,REV2_RECOMMENDED_ADDITION,Trading bars from origin to minimum price within the next 10 trading days.,OHLCV,TO_BE_FROZEN,PROPOSED,UNASSIGNED,UNIMPLEMENTED,NOT_VALIDATED,TO_BE_MEASURED,AVAILABLE_FROM_HISTORY,BASELINE,RETROSPECTIVE,HISTORICAL_OUTCOME_GROUND_TRUTH,TARGET_OUTCOME_ONLY,REQUIRES_FORMAL_DEFINITION,CALIBRATION_ACTIVE,Rev 2 recommended retrospective ground-truth computation for calibration.
DCL-SEED-0427,,forward_return_20d,FORWARD_OUTCOME,REV2_RECOMMENDED_ADDITION,Close-to-close return from origin through +20 trading days.,OHLCV,TO_BE_FROZEN,PROPOSED,UNASSIGNED,UNIMPLEMENTED,NOT_VALIDATED,TO_BE_MEASURED,AVAILABLE_FROM_HISTORY,BASELINE,RETROSPECTIVE,HISTORICAL_OUTCOME_GROUND_TRUTH,TARGET_OUTCOME_ONLY,REQUIRES_FORMAL_DEFINITION,CALIBRATION_ACTIVE,Rev 2 recommended retrospective ground-truth computation for calibration.
DCL-SEED-0428,,mfe_20d,FORWARD_OUTCOME,REV2_RECOMMENDED_ADDITION,Maximum favorable excursion during the next 20 trading days under a governed direction convention.,OHLCV,TO_BE_FROZEN,PROPOSED,UNASSIGNED,UNIMPLEMENTED,NOT_VALIDATED,TO_BE_MEASURED,AVAILABLE_FROM_HISTORY,BASELINE,RETROSPECTIVE,HISTORICAL_OUTCOME_GROUND_TRUTH,TARGET_OUTCOME_ONLY,REQUIRES_FORMAL_DEFINITION,CALIBRATION_ACTIVE,Rev 2 recommended retrospective ground-truth computation for calibration.
DCL-SEED-0429,,mae_20d,FORWARD_OUTCOME,REV2_RECOMMENDED_ADDITION,Maximum adverse excursion during the next 20 trading days under a governed direction convention.,OHLCV,TO_BE_FROZEN,PROPOSED,UNASSIGNED,UNIMPLEMENTED,NOT_VALIDATED,TO_BE_MEASURED,AVAILABLE_FROM_HISTORY,BASELINE,RETROSPECTIVE,HISTORICAL_OUTCOME_GROUND_TRUTH,TARGET_OUTCOME_ONLY,REQUIRES_FORMAL_DEFINITION,CALIBRATION_ACTIVE,Rev 2 recommended retrospective ground-truth computation for calibration.
DCL-SEED-0430,,time_to_peak_20d,FORWARD_OUTCOME,REV2_RECOMMENDED_ADDITION,Trading bars from origin to maximum favorable price within the next 20 trading days.,OHLCV,TO_BE_FROZEN,PROPOSED,UNASSIGNED,UNIMPLEMENTED,NOT_VALIDATED,TO_BE_MEASURED,AVAILABLE_FROM_HISTORY,BASELINE,RETROSPECTIVE,HISTORICAL_OUTCOME_GROUND_TRUTH,TARGET_OUTCOME_ONLY,REQUIRES_FORMAL_DEFINITION,CALIBRATION_ACTIVE,Rev 2 recommended retrospective ground-truth computation for calibration.
DCL-SEED-0431,,time_to_trough_20d,FORWARD_OUTCOME,REV2_RECOMMENDED_ADDITION,Trading bars from origin to minimum price within the next 20 trading days.,OHLCV,TO_BE_FROZEN,PROPOSED,UNASSIGNED,UNIMPLEMENTED,NOT_VALIDATED,TO_BE_MEASURED,AVAILABLE_FROM_HISTORY,BASELINE,RETROSPECTIVE,HISTORICAL_OUTCOME_GROUND_TRUTH,TARGET_OUTCOME_ONLY,REQUIRES_FORMAL_DEFINITION,CALIBRATION_ACTIVE,Rev 2 recommended retrospective ground-truth computation for calibration.
DCL-SEED-0432,,forward_return_25d,FORWARD_OUTCOME,REV2_RECOMMENDED_ADDITION,Close-to-close return from origin through +25 trading days.,OHLCV,TO_BE_FROZEN,PROPOSED,UNASSIGNED,UNIMPLEMENTED,NOT_VALIDATED,TO_BE_MEASURED,AVAILABLE_FROM_HISTORY,BASELINE,RETROSPECTIVE,HISTORICAL_OUTCOME_GROUND_TRUTH,TARGET_OUTCOME_ONLY,REQUIRES_FORMAL_DEFINITION,CALIBRATION_ACTIVE,Rev 2 recommended retrospective ground-truth computation for calibration.
DCL-SEED-0433,,mfe_25d,FORWARD_OUTCOME,REV2_RECOMMENDED_ADDITION,Maximum favorable excursion during the next 25 trading days under a governed direction convention.,OHLCV,TO_BE_FROZEN,PROPOSED,UNASSIGNED,UNIMPLEMENTED,NOT_VALIDATED,TO_BE_MEASURED,AVAILABLE_FROM_HISTORY,BASELINE,RETROSPECTIVE,HISTORICAL_OUTCOME_GROUND_TRUTH,TARGET_OUTCOME_ONLY,REQUIRES_FORMAL_DEFINITION,CALIBRATION_ACTIVE,Rev 2 recommended retrospective ground-truth computation for calibration.
DCL-SEED-0434,,mae_25d,FORWARD_OUTCOME,REV2_RECOMMENDED_ADDITION,Maximum adverse excursion during the next 25 trading days under a governed direction convention.,OHLCV,TO_BE_FROZEN,PROPOSED,UNASSIGNED,UNIMPLEMENTED,NOT_VALIDATED,TO_BE_MEASURED,AVAILABLE_FROM_HISTORY,BASELINE,RETROSPECTIVE,HISTORICAL_OUTCOME_GROUND_TRUTH,TARGET_OUTCOME_ONLY,REQUIRES_FORMAL_DEFINITION,CALIBRATION_ACTIVE,Rev 2 recommended retrospective ground-truth computation for calibration.
DCL-SEED-0435,,time_to_peak_25d,FORWARD_OUTCOME,REV2_RECOMMENDED_ADDITION,Trading bars from origin to maximum favorable price within the next 25 trading days.,OHLCV,TO_BE_FROZEN,PROPOSED,UNASSIGNED,UNIMPLEMENTED,NOT_VALIDATED,TO_BE_MEASURED,AVAILABLE_FROM_HISTORY,BASELINE,RETROSPECTIVE,HISTORICAL_OUTCOME_GROUND_TRUTH,TARGET_OUTCOME_ONLY,REQUIRES_FORMAL_DEFINITION,CALIBRATION_ACTIVE,Rev 2 recommended retrospective ground-truth computation for calibration.
DCL-SEED-0436,,time_to_trough_25d,FORWARD_OUTCOME,REV2_RECOMMENDED_ADDITION,Trading bars from origin to minimum price within the next 25 trading days.,OHLCV,TO_BE_FROZEN,PROPOSED,UNASSIGNED,UNIMPLEMENTED,NOT_VALIDATED,TO_BE_MEASURED,AVAILABLE_FROM_HISTORY,BASELINE,RETROSPECTIVE,HISTORICAL_OUTCOME_GROUND_TRUTH,TARGET_OUTCOME_ONLY,REQUIRES_FORMAL_DEFINITION,CALIBRATION_ACTIVE,Rev 2 recommended retrospective ground-truth computation for calibration.
DCL-SEED-0437,,forward_return_40d,FORWARD_OUTCOME,REV2_RECOMMENDED_ADDITION,Close-to-close return from origin through +40 trading days.,OHLCV,TO_BE_FROZEN,PROPOSED,UNASSIGNED,UNIMPLEMENTED,NOT_VALIDATED,TO_BE_MEASURED,AVAILABLE_FROM_HISTORY,BASELINE,RETROSPECTIVE,HISTORICAL_OUTCOME_GROUND_TRUTH,TARGET_OUTCOME_ONLY,REQUIRES_FORMAL_DEFINITION,CALIBRATION_ACTIVE,Rev 2 recommended retrospective ground-truth computation for calibration.
DCL-SEED-0438,,mfe_40d,FORWARD_OUTCOME,REV2_RECOMMENDED_ADDITION,Maximum favorable excursion during the next 40 trading days under a governed direction convention.,OHLCV,TO_BE_FROZEN,PROPOSED,UNASSIGNED,UNIMPLEMENTED,NOT_VALIDATED,TO_BE_MEASURED,AVAILABLE_FROM_HISTORY,BASELINE,RETROSPECTIVE,HISTORICAL_OUTCOME_GROUND_TRUTH,TARGET_OUTCOME_ONLY,REQUIRES_FORMAL_DEFINITION,CALIBRATION_ACTIVE,Rev 2 recommended retrospective ground-truth computation for calibration.
DCL-SEED-0439,,mae_40d,FORWARD_OUTCOME,REV2_RECOMMENDED_ADDITION,Maximum adverse excursion during the next 40 trading days under a governed direction convention.,OHLCV,TO_BE_FROZEN,PROPOSED,UNASSIGNED,UNIMPLEMENTED,NOT_VALIDATED,TO_BE_MEASURED,AVAILABLE_FROM_HISTORY,BASELINE,RETROSPECTIVE,HISTORICAL_OUTCOME_GROUND_TRUTH,TARGET_OUTCOME_ONLY,REQUIRES_FORMAL_DEFINITION,CALIBRATION_ACTIVE,Rev 2 recommended retrospective ground-truth computation for calibration.
DCL-SEED-0440,,time_to_peak_40d,FORWARD_OUTCOME,REV2_RECOMMENDED_ADDITION,Trading bars from origin to maximum favorable price within the next 40 trading days.,OHLCV,TO_BE_FROZEN,PROPOSED,UNASSIGNED,UNIMPLEMENTED,NOT_VALIDATED,TO_BE_MEASURED,AVAILABLE_FROM_HISTORY,BASELINE,RETROSPECTIVE,HISTORICAL_OUTCOME_GROUND_TRUTH,TARGET_OUTCOME_ONLY,REQUIRES_FORMAL_DEFINITION,CALIBRATION_ACTIVE,Rev 2 recommended retrospective ground-truth computation for calibration.
DCL-SEED-0441,,time_to_trough_40d,FORWARD_OUTCOME,REV2_RECOMMENDED_ADDITION,Trading bars from origin to minimum price within the next 40 trading days.,OHLCV,TO_BE_FROZEN,PROPOSED,UNASSIGNED,UNIMPLEMENTED,NOT_VALIDATED,TO_BE_MEASURED,AVAILABLE_FROM_HISTORY,BASELINE,RETROSPECTIVE,HISTORICAL_OUTCOME_GROUND_TRUTH,TARGET_OUTCOME_ONLY,REQUIRES_FORMAL_DEFINITION,CALIBRATION_ACTIVE,Rev 2 recommended retrospective ground-truth computation for calibration.
DCL-SEED-0442,,forward_return_60d,FORWARD_OUTCOME,REV2_RECOMMENDED_ADDITION,Close-to-close return from origin through +60 trading days.,OHLCV,TO_BE_FROZEN,PROPOSED,UNASSIGNED,UNIMPLEMENTED,NOT_VALIDATED,TO_BE_MEASURED,AVAILABLE_FROM_HISTORY,BASELINE,RETROSPECTIVE,HISTORICAL_OUTCOME_GROUND_TRUTH,TARGET_OUTCOME_ONLY,REQUIRES_FORMAL_DEFINITION,CALIBRATION_ACTIVE,Rev 2 recommended retrospective ground-truth computation for calibration.
DCL-SEED-0443,,mfe_60d,FORWARD_OUTCOME,REV2_RECOMMENDED_ADDITION,Maximum favorable excursion during the next 60 trading days under a governed direction convention.,OHLCV,TO_BE_FROZEN,PROPOSED,UNASSIGNED,UNIMPLEMENTED,NOT_VALIDATED,TO_BE_MEASURED,AVAILABLE_FROM_HISTORY,BASELINE,RETROSPECTIVE,HISTORICAL_OUTCOME_GROUND_TRUTH,TARGET_OUTCOME_ONLY,REQUIRES_FORMAL_DEFINITION,CALIBRATION_ACTIVE,Rev 2 recommended retrospective ground-truth computation for calibration.
DCL-SEED-0444,,mae_60d,FORWARD_OUTCOME,REV2_RECOMMENDED_ADDITION,Maximum adverse excursion during the next 60 trading days under a governed direction convention.,OHLCV,TO_BE_FROZEN,PROPOSED,UNASSIGNED,UNIMPLEMENTED,NOT_VALIDATED,TO_BE_MEASURED,AVAILABLE_FROM_HISTORY,BASELINE,RETROSPECTIVE,HISTORICAL_OUTCOME_GROUND_TRUTH,TARGET_OUTCOME_ONLY,REQUIRES_FORMAL_DEFINITION,CALIBRATION_ACTIVE,Rev 2 recommended retrospective ground-truth computation for calibration.
DCL-SEED-0445,,time_to_peak_60d,FORWARD_OUTCOME,REV2_RECOMMENDED_ADDITION,Trading bars from origin to maximum favorable price within the next 60 trading days.,OHLCV,TO_BE_FROZEN,PROPOSED,UNASSIGNED,UNIMPLEMENTED,NOT_VALIDATED,TO_BE_MEASURED,AVAILABLE_FROM_HISTORY,BASELINE,RETROSPECTIVE,HISTORICAL_OUTCOME_GROUND_TRUTH,TARGET_OUTCOME_ONLY,REQUIRES_FORMAL_DEFINITION,CALIBRATION_ACTIVE,Rev 2 recommended retrospective ground-truth computation for calibration.
DCL-SEED-0446,,time_to_trough_60d,FORWARD_OUTCOME,REV2_RECOMMENDED_ADDITION,Trading bars from origin to minimum price within the next 60 trading days.,OHLCV,TO_BE_FROZEN,PROPOSED,UNASSIGNED,UNIMPLEMENTED,NOT_VALIDATED,TO_BE_MEASURED,AVAILABLE_FROM_HISTORY,BASELINE,RETROSPECTIVE,HISTORICAL_OUTCOME_GROUND_TRUTH,TARGET_OUTCOME_ONLY,REQUIRES_FORMAL_DEFINITION,CALIBRATION_ACTIVE,Rev 2 recommended retrospective ground-truth computation for calibration.
DCL-SEED-0447,,best_long_reward_risk_2d,FORWARD_OUTCOME,REV2_RECOMMENDED_ADDITION,Best objectively attainable long reward/risk over the next 2 trading days under a frozen path/stop definition.,OHLCV,TO_BE_FROZEN,PROPOSED,UNASSIGNED,UNIMPLEMENTED,NOT_VALIDATED,TO_BE_MEASURED,AVAILABLE_FROM_HISTORY,BASELINE,RETROSPECTIVE,HISTORICAL_OUTCOME_GROUND_TRUTH,TARGET_OUTCOME_ONLY,REQUIRES_FORMAL_DEFINITION,HOLD_PENDING_PATH_STOP_DEFINITION,"Retain as governed candidate, but do not activate until MTS freezes an objective path/stop definition."
DCL-SEED-0448,,best_short_reward_risk_2d,FORWARD_OUTCOME,REV2_RECOMMENDED_ADDITION,Best objectively attainable short reward/risk over the next 2 trading days under a frozen path/stop definition.,OHLCV,TO_BE_FROZEN,PROPOSED,UNASSIGNED,UNIMPLEMENTED,NOT_VALIDATED,TO_BE_MEASURED,AVAILABLE_FROM_HISTORY,BASELINE,RETROSPECTIVE,HISTORICAL_OUTCOME_GROUND_TRUTH,TARGET_OUTCOME_ONLY,REQUIRES_FORMAL_DEFINITION,HOLD_PENDING_PATH_STOP_DEFINITION,"Retain as governed candidate, but do not activate until MTS freezes an objective path/stop definition."
DCL-SEED-0449,,best_long_reward_risk_5d,FORWARD_OUTCOME,REV2_RECOMMENDED_ADDITION,Best objectively attainable long reward/risk over the next 5 trading days under a frozen path/stop definition.,OHLCV,TO_BE_FROZEN,PROPOSED,UNASSIGNED,UNIMPLEMENTED,NOT_VALIDATED,TO_BE_MEASURED,AVAILABLE_FROM_HISTORY,BASELINE,RETROSPECTIVE,HISTORICAL_OUTCOME_GROUND_TRUTH,TARGET_OUTCOME_ONLY,REQUIRES_FORMAL_DEFINITION,HOLD_PENDING_PATH_STOP_DEFINITION,"Retain as governed candidate, but do not activate until MTS freezes an objective path/stop definition."
DCL-SEED-0450,,best_short_reward_risk_5d,FORWARD_OUTCOME,REV2_RECOMMENDED_ADDITION,Best objectively attainable short reward/risk over the next 5 trading days under a frozen path/stop definition.,OHLCV,TO_BE_FROZEN,PROPOSED,UNASSIGNED,UNIMPLEMENTED,NOT_VALIDATED,TO_BE_MEASURED,AVAILABLE_FROM_HISTORY,BASELINE,RETROSPECTIVE,HISTORICAL_OUTCOME_GROUND_TRUTH,TARGET_OUTCOME_ONLY,REQUIRES_FORMAL_DEFINITION,HOLD_PENDING_PATH_STOP_DEFINITION,"Retain as governed candidate, but do not activate until MTS freezes an objective path/stop definition."
DCL-SEED-0451,,best_long_reward_risk_10d,FORWARD_OUTCOME,REV2_RECOMMENDED_ADDITION,Best objectively attainable long reward/risk over the next 10 trading days under a frozen path/stop definition.,OHLCV,TO_BE_FROZEN,PROPOSED,UNASSIGNED,UNIMPLEMENTED,NOT_VALIDATED,TO_BE_MEASURED,AVAILABLE_FROM_HISTORY,BASELINE,RETROSPECTIVE,HISTORICAL_OUTCOME_GROUND_TRUTH,TARGET_OUTCOME_ONLY,REQUIRES_FORMAL_DEFINITION,HOLD_PENDING_PATH_STOP_DEFINITION,"Retain as governed candidate, but do not activate until MTS freezes an objective path/stop definition."
DCL-SEED-0452,,best_short_reward_risk_10d,FORWARD_OUTCOME,REV2_RECOMMENDED_ADDITION,Best objectively attainable short reward/risk over the next 10 trading days under a frozen path/stop definition.,OHLCV,TO_BE_FROZEN,PROPOSED,UNASSIGNED,UNIMPLEMENTED,NOT_VALIDATED,TO_BE_MEASURED,AVAILABLE_FROM_HISTORY,BASELINE,RETROSPECTIVE,HISTORICAL_OUTCOME_GROUND_TRUTH,TARGET_OUTCOME_ONLY,REQUIRES_FORMAL_DEFINITION,HOLD_PENDING_PATH_STOP_DEFINITION,"Retain as governed candidate, but do not activate until MTS freezes an objective path/stop definition."
DCL-SEED-0453,,best_long_reward_risk_20d,FORWARD_OUTCOME,REV2_RECOMMENDED_ADDITION,Best objectively attainable long reward/risk over the next 20 trading days under a frozen path/stop definition.,OHLCV,TO_BE_FROZEN,PROPOSED,UNASSIGNED,UNIMPLEMENTED,NOT_VALIDATED,TO_BE_MEASURED,AVAILABLE_FROM_HISTORY,BASELINE,RETROSPECTIVE,HISTORICAL_OUTCOME_GROUND_TRUTH,TARGET_OUTCOME_ONLY,REQUIRES_FORMAL_DEFINITION,HOLD_PENDING_PATH_STOP_DEFINITION,"Retain as governed candidate, but do not activate until MTS freezes an objective path/stop definition."
DCL-SEED-0454,,best_short_reward_risk_20d,FORWARD_OUTCOME,REV2_RECOMMENDED_ADDITION,Best objectively attainable short reward/risk over the next 20 trading days under a frozen path/stop definition.,OHLCV,TO_BE_FROZEN,PROPOSED,UNASSIGNED,UNIMPLEMENTED,NOT_VALIDATED,TO_BE_MEASURED,AVAILABLE_FROM_HISTORY,BASELINE,RETROSPECTIVE,HISTORICAL_OUTCOME_GROUND_TRUTH,TARGET_OUTCOME_ONLY,REQUIRES_FORMAL_DEFINITION,HOLD_PENDING_PATH_STOP_DEFINITION,"Retain as governed candidate, but do not activate until MTS freezes an objective path/stop definition."
DCL-SEED-0455,,best_long_reward_risk_25d,FORWARD_OUTCOME,REV2_RECOMMENDED_ADDITION,Best objectively attainable long reward/risk over the next 25 trading days under a frozen path/stop definition.,OHLCV,TO_BE_FROZEN,PROPOSED,UNASSIGNED,UNIMPLEMENTED,NOT_VALIDATED,TO_BE_MEASURED,AVAILABLE_FROM_HISTORY,BASELINE,RETROSPECTIVE,HISTORICAL_OUTCOME_GROUND_TRUTH,TARGET_OUTCOME_ONLY,REQUIRES_FORMAL_DEFINITION,HOLD_PENDING_PATH_STOP_DEFINITION,"Retain as governed candidate, but do not activate until MTS freezes an objective path/stop definition."
DCL-SEED-0456,,best_short_reward_risk_25d,FORWARD_OUTCOME,REV2_RECOMMENDED_ADDITION,Best objectively attainable short reward/risk over the next 25 trading days under a frozen path/stop definition.,OHLCV,TO_BE_FROZEN,PROPOSED,UNASSIGNED,UNIMPLEMENTED,NOT_VALIDATED,TO_BE_MEASURED,AVAILABLE_FROM_HISTORY,BASELINE,RETROSPECTIVE,HISTORICAL_OUTCOME_GROUND_TRUTH,TARGET_OUTCOME_ONLY,REQUIRES_FORMAL_DEFINITION,HOLD_PENDING_PATH_STOP_DEFINITION,"Retain as governed candidate, but do not activate until MTS freezes an objective path/stop definition."
