window,genome,horizon,observed_stop_ev,observed_hold_ev,stop_minus_hold,policy,test_events,train_events,observed_ev_rank
26_30,1660,30,0.25361427664756775,0.25361427664756775,0.0,"[""hold"", 0.0, 0.0]",30,139,1
41_45,1660,41,0.2461853325366974,0.2461853325366974,0.0,"[""hold"", 0.0, 0.0]",30,139,2
41_45,1660,42,0.2407052218914032,0.2407052218914032,0.0,"[""hold"", 0.0, 0.0]",30,139,3
41_45,1660,43,0.22413672506809235,0.22413672506809235,0.0,"[""hold"", 0.0, 0.0]",30,139,4
26_30,1660,29,0.2226681262254715,0.2226681262254715,0.0,"[""hold"", 0.0, 0.0]",30,139,5
26_30,1660,28,0.21983812749385834,0.21983812749385834,0.0,"[""hold"", 0.0, 0.0]",30,139,6
56_60,1660,60,0.21665224432945251,0.21665224432945251,0.0,"[""hold"", 0.0, 0.0]",30,139,7
56_60,1660,59,0.21116967499256134,0.21116967499256134,0.0,"[""hold"", 0.0, 0.0]",30,139,8
26_30,1660,26,0.2095504105091095,0.2095504105091095,0.0,"[""hold"", 0.0, 0.0]",30,139,9
41_45,1660,44,0.2054082751274109,0.2054082751274109,0.0,"[""hold"", 0.0, 0.0]",30,139,10
61_65,1576,65,0.20512935519218445,0.20512935519218445,0.0,"[""hold"", 0.0, 0.0]",268,230,11
26_30,1660,27,0.20025357604026794,0.20025357604026794,0.0,"[""hold"", 0.0, 0.0]",30,139,12
56_60,1660,58,0.1932903379201889,0.1932903379201889,0.0,"[""hold"", 0.0, 0.0]",30,139,13
41_45,1660,45,0.19250288605690002,0.19250288605690002,0.0,"[""hold"", 0.0, 0.0]",30,139,14
61_65,458,62,0.1893744170665741,0.1893744170665741,0.0,"[""hold"", 0.0, 0.0]",500,500,15
56_60,1660,57,0.1838110387325287,0.1838110387325287,0.0,"[""hold"", 0.0, 0.0]",30,139,16
61_65,458,63,0.17765845358371735,0.17765845358371735,0.0,"[""hold"", 0.0, 0.0]",500,500,17
56_60,1660,56,0.17481975257396698,0.17481975257396698,0.0,"[""hold"", 0.0, 0.0]",30,139,18
61_65,458,61,0.17368672788143158,0.17368672788143158,0.0,"[""hold"", 0.0, 0.0]",500,500,19
61_65,458,64,0.17323574423789978,0.17323574423789978,0.0,"[""hold"", 0.0, 0.0]",500,500,20
61_65,1952,65,0.16661517322063446,0.16661517322063446,0.0,"[""hold"", 0.0, 0.0]",136,87,21
61_65,458,65,0.16649499535560608,0.16649499535560608,0.0,"[""hold"", 0.0, 0.0]",500,500,22
61_65,1952,64,0.16599732637405396,0.16599732637405396,0.0,"[""hold"", 0.0, 0.0]",136,87,23
61_65,1952,63,0.1618616282939911,0.1618616282939911,0.0,"[""hold"", 0.0, 0.0]",136,87,24
61_65,1006,65,0.15370918810367584,0.15370918810367584,0.0,"[""hold"", 0.0, 0.0]",176,118,25
61_65,1952,62,0.151018425822258,0.151018425822258,0.0,"[""hold"", 0.0, 0.0]",137,87,26
61_65,1006,64,0.1495467573404312,0.1495467573404312,0.0,"[""hold"", 0.0, 0.0]",176,118,27
61_65,1006,63,0.14882779121398926,0.14882779121398926,0.0,"[""hold"", 0.0, 0.0]",176,118,28
61_65,1006,62,0.14417435228824615,0.14417435228824615,0.0,"[""hold"", 0.0, 0.0]",176,118,29
61_65,1006,61,0.14053572714328766,0.14053572714328766,0.0,"[""hold"", 0.0, 0.0]",176,118,30
61_65,3168,65,0.1334400773048401,0.1334400773048401,0.0,"[""hold"", 0.0, 0.0]",104,126,31
61_65,3168,64,0.13303227722644806,0.13303227722644806,0.0,"[""hold"", 0.0, 0.0]",106,126,32
61_65,1952,61,0.1321268230676651,0.1321268230676651,0.0,"[""hold"", 0.0, 0.0]",139,87,33
61_65,1010,65,0.13158293068408966,0.1720949113368988,-0.04051193594932556,"[""time_fail"", 0.0, 0.0]",111,123,34
46_50,2182,47,0.13036838173866272,0.13036838173866272,0.0,"[""hold"", 0.0, 0.0]",262,311,35
46_50,2182,46,0.12986788153648376,0.12986788153648376,0.0,"[""hold"", 0.0, 0.0]",262,311,36
46_50,2182,48,0.12878161668777466,0.12878161668777466,0.0,"[""hold"", 0.0, 0.0]",259,311,37
61_65,3168,63,0.12802520394325256,0.12802520394325256,0.0,"[""hold"", 0.0, 0.0]",107,126,38
46_50,2182,50,0.12735503911972046,0.12735503911972046,0.0,"[""hold"", 0.0, 0.0]",259,311,39
46_50,2182,49,0.12631767988204956,0.12631767988204956,0.0,"[""hold"", 0.0, 0.0]",259,311,40
61_65,1010,64,0.1256556361913681,0.16678012907505035,-0.041124504059553146,"[""time_fail"", 0.0, 0.0]",112,123,41
61_65,3168,62,0.12181416898965836,0.12181416898965836,0.0,"[""hold"", 0.0, 0.0]",107,126,42
41_45,458,45,0.1198602095246315,0.1198602095246315,0.0,"[""hold"", 0.0, 0.0]",500,500,43
61_65,1576,64,0.11928365379571915,0.20188593864440918,-0.08260228484869003,"[""fixed_close"", -0.06, 0.0]",269,230,44
61_65,1010,63,0.11881404370069504,0.1636679470539093,-0.044853903353214264,"[""time_fail"", 0.0, 0.0]",112,123,45
41_45,1006,45,0.11811324954032898,0.11811324954032898,0.0,"[""hold"", 0.0, 0.0]",176,118,46
61_65,1576,63,0.11668179929256439,0.1991175413131714,-0.08243574947118759,"[""fixed_close"", -0.06, 0.0]",270,230,47
41_45,1006,44,0.11628276854753494,0.11628276854753494,0.0,"[""hold"", 0.0, 0.0]",176,118,48
61_65,3168,61,0.1159798800945282,0.1159798800945282,0.0,"[""hold"", 0.0, 0.0]",107,126,49
26_30,4320,29,0.11508353799581528,0.1446092277765274,-0.02952568605542183,"[""trailing_close"", 0.0, 0.08]",325,500,50
61_65,1576,62,0.11506260186433792,0.19407205283641815,-0.07900945842266083,"[""fixed_close"", -0.06, 0.0]",272,230,51
26_30,4320,30,0.11504974216222763,0.14592599868774414,-0.03087625280022621,"[""trailing_close"", 0.0, 0.08]",325,500,52
41_45,1006,43,0.11498621106147766,0.11498621106147766,0.0,"[""hold"", 0.0, 0.0]",176,118,53
26_30,4320,27,0.11492285877466202,0.14192882180213928,-0.02700597234070301,"[""trailing_close"", 0.0, 0.08]",325,500,54
26_30,4320,28,0.11478177458047867,0.1435583084821701,-0.02877653017640114,"[""trailing_close"", 0.0, 0.08]",325,500,55
26_30,1008,26,0.11437749117612839,0.11105288565158844,0.0033246006350964308,"[""fixed_close"", -0.04, 0.0]",53,500,56
26_30,4320,26,0.11327933520078659,0.14135943353176117,-0.028080103918910027,"[""fixed_close"", -0.04, 0.0]",325,500,57
41_45,4320,41,0.11274354159832001,0.14683032035827637,-0.03408678621053696,"[""fixed_close"", -0.04, 0.0]",325,500,58
41_45,458,44,0.11235532909631729,0.11235532909631729,0.0,"[""hold"", 0.0, 0.0]",500,500,59
26_30,1008,27,0.11181050539016724,0.10778879374265671,0.0040216995403170586,"[""fixed_close"", -0.04, 0.0]",53,500,60
26_30,1008,28,0.11132406443357468,0.10575025528669357,0.0055738152004778385,"[""fixed_close"", -0.04, 0.0]",53,500,61
61_65,1010,62,0.11111946403980255,0.15664835274219513,-0.04552888870239258,"[""time_fail"", 0.0, 0.0]",112,123,62
56_60,3926,57,0.11095190793275833,0.11095190793275833,0.0,"[""hold"", 0.0, 0.0]",73,86,63
61_65,1576,61,0.1102038249373436,0.18747060000896454,-0.07726676762104034,"[""fixed_close"", -0.06, 0.0]",272,230,64
41_45,1006,42,0.10965299606323242,0.10965299606323242,0.0,"[""hold"", 0.0, 0.0]",176,118,65
41_45,4320,42,0.10933175683021545,0.14101459085941315,-0.03168283402919769,"[""fixed_close"", -0.04, 0.0]",325,500,66
56_60,3926,56,0.10912933200597763,0.10912933200597763,0.0,"[""hold"", 0.0, 0.0]",73,86,67
61_65,1010,61,0.10904736071825027,0.15659597516059875,-0.04754861071705818,"[""time_fail"", 0.0, 0.0]",112,123,68
56_60,3926,58,0.10900348424911499,0.10900348424911499,0.0,"[""hold"", 0.0, 0.0]",73,86,69
41_45,1006,41,0.10772204399108887,0.10772204399108887,0.0,"[""hold"", 0.0, 0.0]",176,118,70
26_30,1008,30,0.1070578321814537,0.10801011323928833,-0.0009522783802822232,"[""fixed_close"", -0.06, 0.0]",53,500,71
41_45,4320,43,0.10671311616897583,0.13751234114170074,-0.03079923242330551,"[""fixed_close"", -0.04, 0.0]",325,500,72
56_60,3926,59,0.10533938556909561,0.10533938556909561,0.0,"[""hold"", 0.0, 0.0]",73,86,73
31_35,2466,32,0.10528726130723953,0.10528726130723953,0.0,"[""hold"", 0.0, 0.0]",35,175,74
26_30,1008,29,0.10425243526697159,0.10445322841405869,-0.00020079160458408296,"[""fixed_close"", -0.06, 0.0]",53,500,75
56_60,3926,60,0.10417261719703674,0.10417261719703674,0.0,"[""hold"", 0.0, 0.0]",73,86,76
41_45,4320,44,0.10368538647890091,0.1330452412366867,-0.02935986965894699,"[""fixed_close"", -0.04, 0.0]",325,500,77
41_45,4320,45,0.09981628507375717,0.129068523645401,-0.029252255335450172,"[""fixed_close"", -0.04, 0.0]",325,500,78
26_30,2182,30,0.09975358098745346,0.09975358098745346,0.0,"[""hold"", 0.0, 0.0]",266,311,79
41_45,458,43,0.09927279502153397,0.09927279502153397,0.0,"[""hold"", 0.0, 0.0]",500,500,80
51_55,4320,53,0.09871875494718552,0.12164120376110077,-0.02292245253920555,"[""trailing_close"", 0.0, 0.08]",325,500,81
51_55,4320,55,0.09869452565908432,0.12355396151542664,-0.024859433993697166,"[""trailing_close"", 0.0, 0.08]",325,500,82
51_55,4320,54,0.09854815155267715,0.12316205352544785,-0.02461390011012554,"[""trailing_close"", 0.0, 0.08]",325,500,83
21_25,1128,23,0.09819917380809784,0.09819917380809784,0.0,"[""hold"", 0.0, 0.0]",40,184,84
36_40,1008,37,0.0975770503282547,0.10307206958532333,-0.005495009478181601,"[""time_fail"", 0.0, 0.0]",53,500,85
21_25,1128,22,0.09685482084751129,0.09685482084751129,0.0,"[""hold"", 0.0, 0.0]",40,184,86
36_40,1008,36,0.09666547179222107,0.10095252096652985,-0.004287047311663628,"[""time_fail"", 0.0, 0.0]",53,500,87
26_30,2990,29,0.0966651663184166,0.0966651663184166,0.0,"[""hold"", 0.0, 0.0]",211,500,88
21_25,1128,24,0.09640293568372726,0.09640293568372726,0.0,"[""hold"", 0.0, 0.0]",40,184,89
26_30,1006,27,0.09623872488737106,0.09623872488737106,0.0,"[""hold"", 0.0, 0.0]",176,118,90
31_35,2466,31,0.09572504460811615,0.10340996831655502,-0.007684918586164713,"[""time_fail"", 0.0, 0.0]",35,175,91
26_30,2990,28,0.0954585149884224,0.0954585149884224,0.0,"[""hold"", 0.0, 0.0]",211,500,92
36_40,586,39,0.09530612081289291,0.11045974493026733,-0.015153634361922741,"[""time_fail"", 0.0, 0.0]",383,500,93
21_25,1128,25,0.09527046233415604,0.09527046233415604,0.0,"[""hold"", 0.0, 0.0]",40,184,94
26_30,2990,30,0.0948491245508194,0.0948491245508194,0.0,"[""hold"", 0.0, 0.0]",211,500,95
41_45,458,41,0.0948297455906868,0.11797238141298294,-0.023142637684941292,"[""time_fail"", 0.0, 0.0]",500,500,96
21_25,1128,21,0.09478455036878586,0.09478455036878586,0.0,"[""hold"", 0.0, 0.0]",40,184,97
31_35,2466,33,0.09457908570766449,0.1013675108551979,-0.006788424216210842,"[""time_fail"", 0.0, 0.0]",35,175,98
51_55,4320,51,0.09456903487443924,0.12327094376087189,-0.028701910749077797,"[""fixed_close"", -0.04, 0.0]",325,500,99
26_30,2990,27,0.0942097157239914,0.0942097157239914,0.0,"[""hold"", 0.0, 0.0]",211,500,100
36_40,1008,38,0.09399305284023285,0.09845056384801865,-0.004457508213818073,"[""time_fail"", 0.0, 0.0]",53,500,101
26_30,1006,30,0.09382171183824539,0.10578589141368866,-0.011964187026023865,"[""time_fail"", 0.0, 0.0]",176,118,102
26_30,1006,26,0.0937063992023468,0.0937063992023468,0.0,"[""hold"", 0.0, 0.0]",176,118,103
51_55,4320,52,0.09330558031797409,0.12174322456121445,-0.02843763865530491,"[""fixed_close"", -0.04, 0.0]",325,500,104
26_30,1006,29,0.09299735724925995,0.10556896030902863,-0.012571600265800953,"[""time_fail"", 0.0, 0.0]",176,118,105
26_30,2182,29,0.09079250693321228,0.09079250693321228,0.0,"[""hold"", 0.0, 0.0]",266,311,106
26_30,1006,28,0.09014377743005753,0.1006603017449379,-0.010516525246202946,"[""time_fail"", 0.0, 0.0]",176,118,107
36_40,586,40,0.08958488702774048,0.11319909244775772,-0.023614196106791496,"[""fixed_close"", -0.06, 0.0]",383,500,108
41_45,458,42,0.08904591202735901,0.10863985121250153,-0.019593942910432816,"[""time_fail"", 0.0, 0.0]",500,500,109
31_35,2466,34,0.08841898292303085,0.09422909468412399,-0.005810104310512543,"[""time_fail"", 0.0, 0.0]",35,175,110
56_60,426,60,0.08711407333612442,0.08711407333612442,0.0,"[""hold"", 0.0, 0.0]",500,500,111
61_65,1008,65,0.08695252239704132,0.14122919738292694,-0.054276686161756516,"[""fixed_close"", -0.02, 0.0]",53,500,112
56_60,426,59,0.08692333847284317,0.08692333847284317,0.0,"[""hold"", 0.0, 0.0]",500,500,113
56_60,426,58,0.08664911240339279,0.08664911240339279,0.0,"[""hold"", 0.0, 0.0]",500,500,114
56_60,426,57,0.0861850157380104,0.0861850157380104,0.0,"[""hold"", 0.0, 0.0]",500,500,115
56_60,426,56,0.08506245166063309,0.08506245166063309,0.0,"[""hold"", 0.0, 0.0]",500,500,116
36_40,586,38,0.08411990106105804,0.1054149642586708,-0.021295057609677315,"[""fixed_close"", -0.06, 0.0]",383,500,117
36_40,2990,38,0.08343469351530075,0.08343469351530075,0.0,"[""hold"", 0.0, 0.0]",211,500,118
36_40,2990,37,0.08263292163610458,0.08263292163610458,0.0,"[""hold"", 0.0, 0.0]",211,500,119
26_30,2182,28,0.08257000148296356,0.08257000148296356,0.0,"[""hold"", 0.0, 0.0]",266,311,120
36_40,2990,36,0.082364521920681,0.082364521920681,0.0,"[""hold"", 0.0, 0.0]",211,500,121
31_35,2466,35,0.08234342932701111,0.0885208249092102,-0.006177403498440981,"[""time_fail"", 0.0, 0.0]",35,175,122
36_40,586,37,0.08189945667982101,0.10126391798257828,-0.019364463165402412,"[""fixed_close"", -0.06, 0.0]",383,500,123
36_40,1008,39,0.08177735656499863,0.08116812258958817,0.0006092441035434604,"[""time_fail"", 0.0, 0.0]",53,500,124
61_65,1008,64,0.08162929117679596,0.1350431740283966,-0.05341387540102005,"[""fixed_close"", -0.02, 0.0]",53,500,125
26_30,586,30,0.0806797668337822,0.09499900788068771,-0.014319241978228092,"[""fixed_close"", -0.06, 0.0]",383,500,126
36_40,586,36,0.08044587075710297,0.09835895895957947,-0.0179130956530571,"[""fixed_close"", -0.06, 0.0]",383,500,127
36_40,2990,39,0.07864705473184586,0.07864705473184586,0.0,"[""hold"", 0.0, 0.0]",211,500,128
41_45,1010,44,0.07841755449771881,0.11697536706924438,-0.038557812571525574,"[""time_fail"", 0.0, 0.0]",118,123,129
26_30,586,29,0.07838957011699677,0.09257407486438751,-0.01418451126664877,"[""fixed_close"", -0.06, 0.0]",383,500,130
26_30,1570,27,0.07816141098737717,0.07816141098737717,0.0,"[""hold"", 0.0, 0.0]",260,500,131
61_65,1008,63,0.07802359759807587,0.12253595888614655,-0.04451235383749008,"[""fixed_close"", -0.02, 0.0]",53,500,132
41_45,1010,43,0.07793866842985153,0.11604592204093933,-0.0381072461605072,"[""time_fail"", 0.0, 0.0]",119,123,133
26_30,586,28,0.07739071547985077,0.09010542184114456,-0.012714708223938942,"[""fixed_close"", -0.06, 0.0]",383,500,134
41_45,1010,42,0.07713715732097626,0.11610783636569977,-0.038970693945884705,"[""time_fail"", 0.0, 0.0]",119,123,135
26_30,1570,28,0.07653963565826416,0.07653963565826416,0.0,"[""hold"", 0.0, 0.0]",260,500,136
26_30,1570,26,0.07610587030649185,0.07610587030649185,0.0,"[""hold"", 0.0, 0.0]",260,500,137
61_65,1008,62,0.07602059096097946,0.11622338742017746,-0.04020281136035919,"[""fixed_close"", -0.02, 0.0]",53,500,138
26_30,586,27,0.07597975432872772,0.08731172978878021,-0.011331968940794468,"[""fixed_close"", -0.06, 0.0]",383,500,139
26_30,2182,27,0.07593546062707901,0.07593546062707901,0.0,"[""hold"", 0.0, 0.0]",266,311,140
41_45,1010,45,0.0756579339504242,0.11528407037258148,-0.03962612897157669,"[""time_fail"", 0.0, 0.0]",118,123,141
26_30,586,26,0.07518776506185532,0.0853058323264122,-0.010118060745298862,"[""fixed_close"", -0.06, 0.0]",383,500,142
26_30,938,30,0.07507234811782837,0.07507234811782837,0.0,"[""hold"", 0.0, 0.0]",500,500,143
61_65,1008,61,0.07413247227668762,0.11332783848047256,-0.03919537737965584,"[""fixed_close"", -0.02, 0.0]",53,500,144
41_45,2910,42,0.07411404699087143,0.09789638966321945,-0.02378234639763832,"[""fixed_close"", -0.06, 0.0]",500,500,145
41_45,2910,41,0.07408992201089859,0.09750538319349289,-0.023415457457304,"[""fixed_close"", -0.06, 0.0]",500,500,146
26_30,1570,29,0.07398584485054016,0.07398584485054016,0.0,"[""hold"", 0.0, 0.0]",260,500,147
41_45,2910,43,0.07359367609024048,0.09729453921318054,-0.02370087057352066,"[""fixed_close"", -0.06, 0.0]",500,500,148
36_40,1008,40,0.07354912906885147,0.06822866946458817,0.0053204563446342945,"[""time_fail"", 0.0, 0.0]",53,500,149
41_45,1010,41,0.0729367583990097,0.1113344132900238,-0.038397666066884995,"[""time_fail"", 0.0, 0.0]",119,123,150
31_35,1570,35,0.07276301831007004,0.07276301831007004,0.0,"[""hold"", 0.0, 0.0]",260,500,151
41_45,426,42,0.07228261232376099,0.07228261232376099,0.0,"[""hold"", 0.0, 0.0]",500,500,152
41_45,2910,44,0.07212211191654205,0.0961497351527214,-0.024027621373534203,"[""fixed_close"", -0.06, 0.0]",500,500,153
41_45,426,41,0.07195466756820679,0.07195466756820679,0.0,"[""hold"", 0.0, 0.0]",500,500,154
41_45,426,45,0.07193706929683685,0.07193706929683685,0.0,"[""hold"", 0.0, 0.0]",500,500,155
41_45,426,43,0.07178495079278946,0.07178495079278946,0.0,"[""hold"", 0.0, 0.0]",500,500,156
36_40,2990,40,0.07165798544883728,0.07165798544883728,0.0,"[""hold"", 0.0, 0.0]",211,500,157
61_65,574,63,0.07138525694608688,0.07138525694608688,0.0,"[""hold"", 0.0, 0.0]",500,500,158
26_30,1570,30,0.07134652882814407,0.07134652882814407,0.0,"[""hold"", 0.0, 0.0]",260,500,159
31_35,1570,34,0.07131022214889526,0.07131022214889526,0.0,"[""hold"", 0.0, 0.0]",260,500,160
46_50,432,46,0.07108551263809204,0.07108551263809204,0.0,"[""hold"", 0.0, 0.0]",134,271,161
41_45,2910,45,0.0708356648683548,0.09573552012443542,-0.024899860844016075,"[""fixed_close"", -0.06, 0.0]",500,500,162
41_45,426,44,0.07028911262750626,0.07028911262750626,0.0,"[""hold"", 0.0, 0.0]",500,500,163
26_30,2182,26,0.07010024040937424,0.07010024040937424,0.0,"[""hold"", 0.0, 0.0]",266,311,164
26_30,938,29,0.06999020278453827,0.06999020278453827,0.0,"[""hold"", 0.0, 0.0]",500,500,165
31_35,1570,32,0.06992782652378082,0.06992782652378082,0.0,"[""hold"", 0.0, 0.0]",260,500,166
46_50,2910,46,0.06991627812385559,0.09445899724960327,-0.02454272471368313,"[""fixed_close"", -0.06, 0.0]",500,500,167
31_35,1570,31,0.0697125792503357,0.0697125792503357,0.0,"[""hold"", 0.0, 0.0]",260,500,168
41_45,432,43,0.06958283483982086,0.06958283483982086,0.0,"[""hold"", 0.0, 0.0]",135,271,169
46_50,2910,47,0.06939567625522614,0.09400545060634613,-0.024609768763184547,"[""fixed_close"", -0.06, 0.0]",500,500,170
41_45,432,44,0.06937369704246521,0.06937369704246521,0.0,"[""hold"", 0.0, 0.0]",134,271,171
31_35,1570,33,0.0690121129155159,0.0690121129155159,0.0,"[""hold"", 0.0, 0.0]",260,500,172
46_50,2910,48,0.06797625124454498,0.0932881161570549,-0.02531186304986477,"[""fixed_close"", -0.06, 0.0]",500,500,173
26_30,938,28,0.06689975410699844,0.06689975410699844,0.0,"[""hold"", 0.0, 0.0]",500,500,174
46_50,2910,49,0.06636789441108704,0.09148559719324112,-0.025117699056863785,"[""fixed_close"", -0.06, 0.0]",500,500,175
41_45,432,45,0.06580071896314621,0.06580071896314621,0.0,"[""hold"", 0.0, 0.0]",134,271,176
26_30,938,27,0.0652802586555481,0.0652802586555481,0.0,"[""hold"", 0.0, 0.0]",500,500,177
46_50,2910,50,0.06525138765573502,0.09002815932035446,-0.02477676421403885,"[""fixed_close"", -0.06, 0.0]",500,500,178
46_50,2990,50,0.06494080275297165,0.05759412422776222,0.007346678525209427,"[""time_fail"", 0.0, 0.0]",211,500,179
61_65,586,61,0.06471068412065506,0.0868961438536644,-0.02218545600771904,"[""fixed_close"", -0.06, 0.0]",383,500,180
21_25,2298,25,0.06453588604927063,0.06453588604927063,0.0,"[""hold"", 0.0, 0.0]",154,60,181
61_65,574,65,0.06395015120506287,0.06395015120506287,0.0,"[""hold"", 0.0, 0.0]",500,500,182
61_65,586,65,0.06319558620452881,0.08417948335409164,-0.020983895286917686,"[""fixed_close"", -0.06, 0.0]",383,500,183
61_65,2574,65,0.06310664117336273,0.06310664117336273,0.0,"[""hold"", 0.0, 0.0]",100,273,184
61_65,586,62,0.06292552500963211,0.08352471143007278,-0.020599186420440674,"[""fixed_close"", -0.06, 0.0]",383,500,185
21_25,2298,24,0.06205509230494499,0.06205509230494499,0.0,"[""hold"", 0.0, 0.0]",154,60,186
61_65,586,64,0.06195920333266258,0.08252999931573868,-0.020570794120430946,"[""fixed_close"", -0.06, 0.0]",383,500,187
46_50,2990,46,0.06172250956296921,0.06172250956296921,0.0,"[""hold"", 0.0, 0.0]",211,500,188
26_30,938,26,0.06168602034449577,0.06168602034449577,0.0,"[""hold"", 0.0, 0.0]",500,500,189
21_25,2298,21,0.06151976436376572,0.06151976436376572,0.0,"[""hold"", 0.0, 0.0]",154,60,190
61_65,574,64,0.06143929809331894,0.06143929809331894,0.0,"[""hold"", 0.0, 0.0]",500,500,191
61_65,586,63,0.0611141100525856,0.08004038780927658,-0.018926279619336128,"[""fixed_close"", -0.06, 0.0]",383,500,192
56_60,2076,59,0.060393400490283966,0.060393400490283966,0.0,"[""hold"", 0.0, 0.0]",92,155,193
56_60,2510,59,0.06025385856628418,0.08554090559482574,-0.025287047028541565,"[""fixed_close"", -0.06, 0.0]",94,178,194
21_25,2298,23,0.060199253261089325,0.060199253261089325,0.0,"[""hold"", 0.0, 0.0]",154,60,195
21_25,2298,22,0.060139719396829605,0.060139719396829605,0.0,"[""hold"", 0.0, 0.0]",154,60,196
56_60,2510,56,0.05986123904585838,0.08232525736093521,-0.022464018315076828,"[""fixed_close"", -0.06, 0.0]",94,178,197
56_60,2076,60,0.05936150625348091,0.05936150625348091,0.0,"[""hold"", 0.0, 0.0]",92,155,198
56_60,2510,58,0.05920083448290825,0.07950366288423538,-0.020302824676036835,"[""fixed_close"", -0.06, 0.0]",94,178,199
61_65,2574,64,0.05902815982699394,0.05902815982699394,0.0,"[""hold"", 0.0, 0.0]",101,273,200
41_45,432,42,0.0588754266500473,0.0588754266500473,0.0,"[""hold"", 0.0, 0.0]",136,271,201
56_60,2510,57,0.05862145125865936,0.08316976577043533,-0.024548320099711418,"[""fixed_close"", -0.06, 0.0]",94,178,202
41_45,706,44,0.05850033834576607,0.12711435556411743,-0.06861399114131927,"[""fixed_close"", -0.02, 0.0]",69,321,203
41_45,706,42,0.057943712919950485,0.123663030564785,-0.06571931391954422,"[""fixed_close"", -0.02, 0.0]",69,321,204
61_65,3656,62,0.057819727808237076,0.057819727808237076,0.0,"[""hold"", 0.0, 0.0]",70,180,205
61_65,2574,62,0.05778126046061516,0.05778126046061516,0.0,"[""hold"", 0.0, 0.0]",101,273,206
26_30,706,30,0.0575191006064415,0.12194512039422989,-0.06442601978778839,"[""fixed_close"", -0.02, 0.0]",69,321,207
56_60,2510,60,0.05714317411184311,0.08707217127084732,-0.029928993433713913,"[""time_fail"", 0.0, 0.0]",94,178,208
41_45,706,43,0.056980200111866,0.12572145462036133,-0.06874126195907593,"[""fixed_close"", -0.02, 0.0]",69,321,209
31_35,996,31,0.05674096941947937,0.05674096941947937,0.0,"[""hold"", 0.0, 0.0]",400,500,210
61_65,3656,61,0.05660482496023178,0.05660482496023178,0.0,"[""hold"", 0.0, 0.0]",70,180,211
56_60,4174,57,0.056395094841718674,0.11860651522874832,-0.06221142038702965,"[""fixed_close"", -0.02, 0.0]",78,78,212
46_50,432,50,0.056054793298244476,0.0853499099612236,-0.029295114800333977,"[""time_fail"", 0.0, 0.0]",134,271,213
56_60,2076,58,0.05591467022895813,0.05591467022895813,0.0,"[""hold"", 0.0, 0.0]",92,155,214
21_25,172,25,0.05558541789650917,0.05558541789650917,0.0,"[""hold"", 0.0, 0.0]",60,113,215
61_65,2574,63,0.05489807948470116,0.05489807948470116,0.0,"[""hold"", 0.0, 0.0]",101,273,216
61_65,3656,63,0.054891958832740784,0.054891958832740784,0.0,"[""hold"", 0.0, 0.0]",70,180,217
26_30,706,29,0.054471880197525024,0.11846847832202911,-0.06399659067392349,"[""fixed_close"", -0.02, 0.0]",69,321,218
41_45,706,45,0.054065629839897156,0.1236809566617012,-0.06961532682180405,"[""fixed_close"", -0.02, 0.0]",69,321,219
31_35,996,32,0.05368189886212349,0.056148651987314224,-0.0024667566176503897,"[""time_fail"", 0.0, 0.0]",400,500,220
21_25,1568,24,0.05349257215857506,0.05349257215857506,0.0,"[""hold"", 0.0, 0.0]",403,500,221
61_65,2574,61,0.05335191637277603,0.05335191637277603,0.0,"[""hold"", 0.0, 0.0]",101,273,222
46_50,432,49,0.05329536274075508,0.08300775289535522,-0.029712392017245293,"[""time_fail"", 0.0, 0.0]",134,271,223
21_25,172,21,0.05307567119598389,0.05307567119598389,0.0,"[""hold"", 0.0, 0.0]",60,113,224
41_45,706,41,0.0530710332095623,0.11554484814405441,-0.062473829835653305,"[""fixed_close"", -0.02, 0.0]",69,321,225
51_55,706,53,0.05283430591225624,0.10277308523654938,-0.04993877559900284,"[""fixed_close"", -0.02, 0.0]",69,321,226
26_30,706,28,0.05279936268925667,0.11597047001123428,-0.06317111104726791,"[""fixed_close"", -0.02, 0.0]",69,321,227
31_35,996,33,0.05262063816189766,0.05262063816189766,0.0,"[""hold"", 0.0, 0.0]",400,500,228
21_25,2066,23,0.05261281505227089,0.06167205423116684,-0.009059238247573376,"[""fixed_close"", -0.02, 0.0]",25,176,229
46_50,432,48,0.05254589766263962,0.07946235686540604,-0.02691645547747612,"[""time_fail"", 0.0, 0.0]",134,271,230
21_25,1568,25,0.05243091285228729,0.05243091285228729,0.0,"[""hold"", 0.0, 0.0]",403,500,231
56_60,4174,58,0.05241833254694939,0.11309715360403061,-0.06067882105708122,"[""fixed_close"", -0.02, 0.0]",77,78,232
21_25,2066,22,0.05236693471670151,0.06299528479576111,-0.010628355666995049,"[""fixed_close"", -0.02, 0.0]",25,176,233
26_30,2124,26,0.05226081237196922,0.05226081237196922,0.0,"[""hold"", 0.0, 0.0]",333,500,234
51_55,706,54,0.051805343478918076,0.10481715202331543,-0.05301181226968765,"[""fixed_close"", -0.02, 0.0]",69,321,235
21_25,172,24,0.051730699837207794,0.051730699837207794,0.0,"[""hold"", 0.0, 0.0]",60,113,236
56_60,4174,56,0.05154713615775108,0.1132548600435257,-0.06170773133635521,"[""fixed_close"", -0.02, 0.0]",79,78,237
21_25,1568,22,0.05134391784667969,0.05134391784667969,0.0,"[""hold"", 0.0, 0.0]",403,500,238
51_55,706,52,0.05123264715075493,0.10167248547077179,-0.05043982341885567,"[""fixed_close"", -0.02, 0.0]",69,321,239
21_25,1568,23,0.05108986049890518,0.05108986049890518,0.0,"[""hold"", 0.0, 0.0]",403,500,240
51_55,706,51,0.05099013075232506,0.10210423171520233,-0.05111410468816757,"[""fixed_close"", -0.02, 0.0]",69,321,241
21_25,2066,21,0.05046452581882477,0.06215333566069603,-0.011688806116580963,"[""fixed_close"", -0.02, 0.0]",25,176,242
56_60,1704,56,0.050419121980667114,0.09089888632297516,-0.040479760617017746,"[""fixed_close"", -0.04, 0.0]",398,500,243
26_30,2124,27,0.05028582736849785,0.05028582736849785,0.0,"[""hold"", 0.0, 0.0]",333,500,244
56_60,1704,57,0.05028272047638893,0.08724986761808395,-0.036967143416404724,"[""fixed_close"", -0.04, 0.0]",397,500,245
56_60,2076,57,0.050278615206480026,0.050278615206480026,0.0,"[""hold"", 0.0, 0.0]",92,155,246
51_55,706,55,0.050192609429359436,0.10612477362155914,-0.05593215301632881,"[""fixed_close"", -0.02, 0.0]",69,321,247
41_45,432,41,0.050002600997686386,0.050002600997686386,0.0,"[""hold"", 0.0, 0.0]",137,271,248
31_35,3190,35,0.049351830035448074,0.049351830035448074,0.0,"[""hold"", 0.0, 0.0]",185,274,249
21_25,172,23,0.04893134906888008,0.04893134906888008,0.0,"[""hold"", 0.0, 0.0]",60,113,250
26_30,706,27,0.048884328454732895,0.11326920241117477,-0.06438487768173218,"[""fixed_close"", -0.02, 0.0]",69,321,251
26_30,438,27,0.04887304827570915,0.04887304827570915,0.0,"[""hold"", 0.0, 0.0]",500,500,252
26_30,2990,26,0.04873557761311531,0.09400992095470428,-0.04527433589100838,"[""fixed_close"", -0.04, 0.0]",211,500,253
21_25,1568,21,0.048684969544410706,0.048684969544410706,0.0,"[""hold"", 0.0, 0.0]",403,500,254
61_65,3656,64,0.048423077911138535,0.048423077911138535,0.0,"[""hold"", 0.0, 0.0]",70,180,255
61_65,2992,62,0.04836547374725342,0.04836547374725342,0.0,"[""hold"", 0.0, 0.0]",500,500,256
36_40,172,36,0.048343319445848465,0.0640949085354805,-0.015751592814922333,"[""time_fail"", 0.0, 0.0]",59,113,257
21_25,172,22,0.04810531437397003,0.04810531437397003,0.0,"[""hold"", 0.0, 0.0]",60,113,258
26_30,706,26,0.047992043197155,0.11449593305587769,-0.06650389730930328,"[""fixed_close"", -0.02, 0.0]",69,321,259
61_65,3656,65,0.04795214906334877,0.04795214906334877,0.0,"[""hold"", 0.0, 0.0]",70,180,260
56_60,2076,56,0.04732208698987961,0.04732208698987961,0.0,"[""hold"", 0.0, 0.0]",92,155,261
61_65,2992,61,0.046937260776758194,0.046937260776758194,0.0,"[""hold"", 0.0, 0.0]",500,500,262
31_35,996,34,0.04692375287413597,0.04692375287413597,0.0,"[""hold"", 0.0, 0.0]",400,500,263
31_35,1568,31,0.046903036534786224,0.046903036534786224,0.0,"[""hold"", 0.0, 0.0]",403,500,264
31_35,1568,32,0.046414367854595184,0.046414367854595184,0.0,"[""hold"", 0.0, 0.0]",403,500,265
46_50,432,47,0.04633737727999687,0.07724198698997498,-0.030904613435268402,"[""time_fail"", 0.0, 0.0]",134,271,266
56_60,3832,60,0.04607192426919937,0.04607192426919937,0.0,"[""hold"", 0.0, 0.0]",49,101,267
61_65,2992,64,0.04580026865005493,0.04580026865005493,0.0,"[""hold"", 0.0, 0.0]",500,500,268
21_25,2076,22,0.04573693871498108,0.04573693871498108,0.0,"[""hold"", 0.0, 0.0]",92,155,269
36_40,3914,39,0.045697204768657684,0.045697204768657684,0.0,"[""hold"", 0.0, 0.0]",79,109,270
61_65,2992,63,0.04553598538041115,0.04553598538041115,0.0,"[""hold"", 0.0, 0.0]",500,500,271
21_25,2076,21,0.04541816562414169,0.04541816562414169,0.0,"[""hold"", 0.0, 0.0]",92,155,272
31_35,996,35,0.04538728669285774,0.042986489832401276,0.002400806173682213,"[""time_fail"", 0.0, 0.0]",400,500,273
21_25,2066,24,0.04498842731118202,0.05343244969844818,-0.008444021455943584,"[""fixed_close"", -0.02, 0.0]",25,176,274
31_35,1568,33,0.04424789547920227,0.04424789547920227,0.0,"[""hold"", 0.0, 0.0]",403,500,275
61_65,2992,65,0.044213760644197464,0.044213760644197464,0.0,"[""hold"", 0.0, 0.0]",500,500,276
36_40,3914,38,0.04395442083477974,0.04395442083477974,0.0,"[""hold"", 0.0, 0.0]",79,109,277
36_40,172,38,0.04366469383239746,0.04610395058989525,-0.0024392534978687763,"[""time_fail"", 0.0, 0.0]",59,113,278
31_35,1568,35,0.042721908539533615,0.044763632118701935,-0.0020417252089828253,"[""time_fail"", 0.0, 0.0]",403,500,279
31_35,1568,34,0.04239850863814354,0.04496633633971214,-0.0025678251404315233,"[""time_fail"", 0.0, 0.0]",403,500,280
36_40,172,40,0.04229440167546272,0.04829910397529602,-0.006004696246236563,"[""time_fail"", 0.0, 0.0]",59,113,281
36_40,3914,37,0.04219769686460495,0.04219769686460495,0.0,"[""hold"", 0.0, 0.0]",79,109,282
36_40,172,37,0.04179328307509422,0.04989329352974892,-0.008100016973912716,"[""time_fail"", 0.0, 0.0]",59,113,283
36_40,172,39,0.04167165607213974,0.048096925020217896,-0.0064252689480781555,"[""time_fail"", 0.0, 0.0]",59,113,284
26_30,2124,28,0.041479066014289856,0.041479066014289856,0.0,"[""hold"", 0.0, 0.0]",333,500,285
36_40,3914,40,0.04143410548567772,0.04143410548567772,0.0,"[""hold"", 0.0, 0.0]",79,109,286
56_60,3832,59,0.04142015427350998,0.04142015427350998,0.0,"[""hold"", 0.0, 0.0]",49,101,287
31_35,2124,35,0.041244301944971085,0.041244301944971085,0.0,"[""hold"", 0.0, 0.0]",333,500,288
56_60,3832,56,0.04101487249135971,0.04101487249135971,0.0,"[""hold"", 0.0, 0.0]",49,101,289
21_25,2066,25,0.04045629873871803,0.045148417353630066,-0.004692118614912033,"[""fixed_close"", -0.02, 0.0]",25,176,290
41_45,2800,43,0.0404430627822876,0.07180174440145493,-0.03135867416858673,"[""fixed_close"", -0.04, 0.0]",388,422,291
26_30,438,28,0.04019530490040779,0.05846478417515755,-0.018269479274749756,"[""fixed_close"", -0.06, 0.0]",500,500,292
26_30,438,30,0.04009592905640602,0.05677657946944237,-0.016680652275681496,"[""fixed_close"", -0.06, 0.0]",500,500,293
26_30,438,29,0.03969648852944374,0.058011382818222046,-0.018314899876713753,"[""fixed_close"", -0.06, 0.0]",500,500,294
41_45,2800,44,0.0387924425303936,0.07120613008737564,-0.03241368755698204,"[""fixed_close"", -0.04, 0.0]",388,422,295
56_60,4174,60,0.03857255354523659,0.10367295891046524,-0.06510040163993835,"[""fixed_close"", -0.02, 0.0]",73,78,296
51_55,1128,55,0.03853834420442581,0.03853834420442581,0.0,"[""hold"", 0.0, 0.0]",40,184,297
61_65,540,64,0.03852681815624237,0.08820223808288574,-0.04967542365193367,"[""fixed_close"", -0.04, 0.0]",500,500,298
56_60,3832,58,0.038366641849279404,0.038366641849279404,0.0,"[""hold"", 0.0, 0.0]",49,101,299
41_45,2800,42,0.03830989822745323,0.06975902616977692,-0.03144913539290428,"[""fixed_close"", -0.04, 0.0]",388,422,300
41_45,2800,41,0.03827380761504173,0.06970705091953278,-0.03143325448036194,"[""fixed_close"", -0.04, 0.0]",388,422,301
41_45,2800,45,0.03784273937344551,0.07295944541692734,-0.035116713494062424,"[""fixed_close"", -0.04, 0.0]",388,422,302
56_60,4174,59,0.03721946105360985,0.09826040267944336,-0.06104094162583351,"[""fixed_close"", -0.02, 0.0]",74,78,303
31_35,3190,31,0.036828674376010895,0.0403636209666729,-0.003534950315952301,"[""time_fail"", 0.0, 0.0]",187,274,304
51_55,2298,51,0.0367252416908741,0.0747731626033783,-0.03804792836308479,"[""trailing_close"", 0.0, 0.08]",154,60,305
51_55,2800,55,0.03659580647945404,0.07496283948421478,-0.03836703673005104,"[""fixed_close"", -0.04, 0.0]",388,422,306
46_50,1354,48,0.036220744252204895,0.036220744252204895,0.0,"[""hold"", 0.0, 0.0]",93,294,307
56_60,898,59,0.03618784248828888,0.16932986676692963,-0.13314200937747955,"[""fixed_close"", -0.04, 0.0]",37,212,308
56_60,3832,57,0.03613840416073799,0.03613840416073799,0.0,"[""hold"", 0.0, 0.0]",49,101,309
46_50,1354,49,0.03610776737332344,0.03610776737332344,0.0,"[""hold"", 0.0, 0.0]",93,294,310
56_60,1000,57,0.03605569154024124,0.06429097056388855,-0.02823527529835701,"[""fixed_close"", -0.06, 0.0]",157,162,311
41_45,2992,45,0.03589027002453804,0.060934022068977356,-0.025043748319149017,"[""fixed_close"", -0.06, 0.0]",500,500,312
51_55,2298,53,0.03574012964963913,0.07426708936691284,-0.03852696344256401,"[""trailing_close"", 0.0, 0.08]",154,60,313
31_35,3190,32,0.035686101764440536,0.039629243314266205,-0.003943144343793392,"[""time_fail"", 0.0, 0.0]",186,274,314
56_60,1000,58,0.03560395911335945,0.06341053545475006,-0.027806570753455162,"[""fixed_close"", -0.06, 0.0]",157,162,315
51_55,2800,54,0.03555211424827576,0.07276706397533417,-0.03721494972705841,"[""fixed_close"", -0.04, 0.0]",388,422,316
21_25,2076,24,0.03555193543434143,0.051662467420101166,-0.016110526397824287,"[""time_fail"", 0.0, 0.0]",92,155,317
46_50,1354,50,0.03555049002170563,0.0358760766685009,-0.0003255823685321957,"[""trailing_close"", 0.0, 0.08]",93,294,318
51_55,2800,53,0.035526011139154434,0.07214486598968506,-0.03661884739995003,"[""fixed_close"", -0.04, 0.0]",388,422,319
51_55,2298,52,0.03548874706029892,0.07057536393404007,-0.035086628049612045,"[""trailing_close"", 0.0, 0.08]",154,60,320
51_55,1128,54,0.035331785678863525,0.035331785678863525,0.0,"[""hold"", 0.0, 0.0]",40,184,321
51_55,2298,54,0.03527357801795006,0.06814941018819809,-0.03287583217024803,"[""trailing_close"", 0.0, 0.08]",154,60,322
41_45,2992,41,0.03524657338857651,0.055488914251327515,-0.020242339000105858,"[""fixed_close"", -0.06, 0.0]",500,500,323
61_65,540,62,0.03507373481988907,0.09275665134191513,-0.057682931423187256,"[""fixed_close"", -0.04, 0.0]",500,500,324
41_45,2992,42,0.035040482878685,0.056201234459877014,-0.021160755306482315,"[""fixed_close"", -0.06, 0.0]",500,500,325
41_45,2992,43,0.03499095141887665,0.057139791548252106,-0.022148840129375458,"[""fixed_close"", -0.06, 0.0]",500,500,326
41_45,2992,44,0.03487102687358856,0.05806693807244301,-0.023195909336209297,"[""fixed_close"", -0.06, 0.0]",500,500,327
56_60,898,60,0.03477342799305916,0.16614890098571777,-0.13137546181678772,"[""fixed_close"", -0.04, 0.0]",37,212,328
31_35,2124,34,0.03476345166563988,0.03476345166563988,0.0,"[""hold"", 0.0, 0.0]",333,500,329
31_35,3190,34,0.03474470600485802,0.04374529421329498,-0.009000586345791817,"[""time_fail"", 0.0, 0.0]",185,274,330
46_50,1354,47,0.0347135066986084,0.0347135066986084,0.0,"[""hold"", 0.0, 0.0]",93,294,331
31_35,3190,33,0.034694232046604156,0.04146789014339447,-0.006773662753403187,"[""time_fail"", 0.0, 0.0]",185,274,332
51_55,2800,52,0.034483376890420914,0.07002288103103638,-0.03553950414061546,"[""fixed_close"", -0.04, 0.0]",388,422,333
51_55,2298,55,0.034265946596860886,0.07206665724515915,-0.03780072554945946,"[""trailing_close"", 0.0, 0.08]",154,60,334
36_40,1922,40,0.03406011313199997,0.03406011313199997,0.0,"[""hold"", 0.0, 0.0]",140,117,335
56_60,1000,56,0.03405933454632759,0.06250317394733429,-0.028443843126296997,"[""fixed_close"", -0.06, 0.0]",157,162,336
56_60,898,58,0.03402120992541313,0.17308050394058228,-0.13905930519104004,"[""fixed_close"", -0.04, 0.0]",37,212,337
31_35,2572,32,0.03376708924770355,0.03376708924770355,0.0,"[""hold"", 0.0, 0.0]",229,396,338
51_55,2800,51,0.03345450013875961,0.06895262002944946,-0.03549812361598015,"[""fixed_close"", -0.04, 0.0]",388,422,339
36_40,3914,36,0.033331260085105896,0.033331260085105896,0.0,"[""hold"", 0.0, 0.0]",79,109,340
36_40,1922,39,0.03325825557112694,0.03325825557112694,0.0,"[""hold"", 0.0, 0.0]",140,117,341
26_30,438,26,0.032851945608854294,0.049268048256635666,-0.016416100785136223,"[""fixed_close"", -0.06, 0.0]",500,500,342
56_60,1000,60,0.032686587423086166,0.06033128499984741,-0.027644697576761246,"[""fixed_close"", -0.06, 0.0]",157,162,343
26_30,2124,29,0.03268050029873848,0.03268050029873848,0.0,"[""hold"", 0.0, 0.0]",333,500,344
26_30,2800,30,0.032626282423734665,0.05564035475254059,-0.023014066740870476,"[""trailing_close"", 0.0, 0.08]",388,422,345
36_40,3124,40,0.03232468664646149,0.08549129962921143,-0.05316661670804024,"[""fixed_close"", -0.04, 0.0]",148,202,346
56_60,1000,59,0.03219624236226082,0.05981435626745224,-0.027618104591965675,"[""fixed_close"", -0.06, 0.0]",157,162,347
26_30,48,30,0.03213023021817207,0.12662994861602783,-0.09449972957372665,"[""fixed_close"", -0.04, 0.0]",146,152,348
61_65,2906,64,0.0319860503077507,0.0319860503077507,0.0,"[""hold"", 0.0, 0.0]",393,500,349
21_25,2076,25,0.031741369515657425,0.05027079954743385,-0.018529435619711876,"[""time_fail"", 0.0, 0.0]",92,155,350
51_55,1232,54,0.03170505911111832,0.04367928206920624,-0.011974218301475048,"[""fixed_close"", -0.06, 0.0]",88,157,351
46_50,2990,47,0.03169289231300354,0.0621563196182251,-0.030463431030511856,"[""fixed_close"", -0.04, 0.0]",211,500,352
61_65,2906,63,0.03163661062717438,0.03163661062717438,0.0,"[""hold"", 0.0, 0.0]",394,500,353
51_55,1232,55,0.031554147601127625,0.04261161386966705,-0.011057469993829727,"[""fixed_close"", -0.06, 0.0]",88,157,354
51_55,1232,53,0.03148175776004791,0.040674880146980286,-0.009193123318254948,"[""fixed_close"", -0.06, 0.0]",88,157,355
26_30,48,29,0.03122108243405819,0.12422557920217514,-0.0930044949054718,"[""fixed_close"", -0.04, 0.0]",146,152,356
36_40,3124,36,0.03088214620947838,0.08793199062347412,-0.057049840688705444,"[""fixed_close"", -0.04, 0.0]",148,202,357
61_65,2906,65,0.03084244206547737,0.03084244206547737,0.0,"[""hold"", 0.0, 0.0]",392,500,358
21_25,2076,23,0.03067016415297985,0.04612129554152489,-0.015451133251190186,"[""time_fail"", 0.0, 0.0]",92,155,359
36_40,3124,37,0.030663928017020226,0.08743448555469513,-0.056770555675029755,"[""fixed_close"", -0.04, 0.0]",148,202,360
36_40,3124,39,0.03059144876897335,0.08663810044527054,-0.05604665353894234,"[""fixed_close"", -0.04, 0.0]",148,202,361
31_35,48,31,0.030474498867988586,0.12740349769592285,-0.09692899882793427,"[""fixed_close"", -0.04, 0.0]",145,152,362
46_50,2990,48,0.030301081016659737,0.060511264950037,-0.030210178345441818,"[""fixed_close"", -0.04, 0.0]",211,500,363
36_40,3124,38,0.030281169340014458,0.08597012609243393,-0.05568895488977432,"[""fixed_close"", -0.04, 0.0]",148,202,364
46_50,1354,46,0.030208848416805267,0.03365848585963249,-0.0034496341831982136,"[""trailing_close"", 0.0, 0.08]",93,294,365
61_65,2906,62,0.030070781707763672,0.030070781707763672,0.0,"[""hold"", 0.0, 0.0]",394,500,366
56_60,898,57,0.029858704656362534,0.16293790936470032,-0.13307920098304749,"[""fixed_close"", -0.04, 0.0]",37,212,367
56_60,898,56,0.02983628399670124,0.1602163016796112,-0.1303800344467163,"[""fixed_close"", -0.04, 0.0]",37,212,368
46_50,2990,49,0.02946712076663971,0.05758209899067879,-0.028114983811974525,"[""fixed_close"", -0.04, 0.0]",211,500,369
51_55,1128,53,0.029370034113526344,0.029370034113526344,0.0,"[""hold"", 0.0, 0.0]",40,184,370
26_30,48,28,0.029366888105869293,0.1201346144080162,-0.09076772630214691,"[""fixed_close"", -0.04, 0.0]",146,152,371
36_40,976,37,0.029052941128611565,0.03724798560142517,-0.008195043541491032,"[""time_fail"", 0.0, 0.0]",122,107,372
61_65,540,61,0.028989776968955994,0.10569459199905396,-0.07670482993125916,"[""fixed_close"", -0.04, 0.0]",500,500,373
51_55,1232,52,0.028872232884168625,0.036425501108169556,-0.007553267292678356,"[""fixed_close"", -0.06, 0.0]",88,157,374
61_65,2906,61,0.028415622189641,0.028415622189641,0.0,"[""hold"", 0.0, 0.0]",394,500,375
31_35,48,32,0.028384217992424965,0.12556852400302887,-0.09718431532382965,"[""fixed_close"", -0.04, 0.0]",145,152,376
36_40,976,36,0.02812715247273445,0.037419892847537994,-0.009292740374803543,"[""time_fail"", 0.0, 0.0]",122,107,377
36_40,976,39,0.02812356874346733,0.039389703422784805,-0.011266135610640049,"[""time_fail"", 0.0, 0.0]",122,107,378
31_35,2572,33,0.027869075536727905,0.027869075536727905,0.0,"[""hold"", 0.0, 0.0]",229,396,379
56_60,1392,56,0.027433445677161217,0.17447543144226074,-0.14704202115535736,"[""trailing_close"", 0.0, 0.025]",70,500,380
56_60,1392,57,0.027433445677161217,0.18194036185741425,-0.15450692176818848,"[""trailing_close"", 0.0, 0.025]",70,500,381
56_60,1392,58,0.027433445677161217,0.18275892734527588,-0.1553254872560501,"[""trailing_close"", 0.0, 0.025]",70,500,382
56_60,1392,59,0.027433445677161217,0.1822281926870346,-0.15479476749897003,"[""trailing_close"", 0.0, 0.025]",70,500,383
56_60,1392,60,0.027433445677161217,0.1788182556629181,-0.15138478577136993,"[""trailing_close"", 0.0, 0.025]",70,500,384
41_45,668,45,0.02743273600935936,0.05623750016093254,-0.02880476787686348,"[""fixed_close"", -0.06, 0.0]",500,500,385
26_30,48,27,0.027268005535006523,0.11290328204631805,-0.08563527464866638,"[""fixed_close"", -0.04, 0.0]",146,152,386
36_40,2930,39,0.027210524305701256,0.058974288403987885,-0.03176376596093178,"[""trailing_close"", 0.0, 0.025]",50,189,387
56_60,2040,60,0.0271884985268116,0.05974365398287773,-0.03255515173077583,"[""time_fail"", 0.0, 0.0]",188,261,388
36_40,2930,38,0.02715965546667576,0.06019999831914902,-0.03304034098982811,"[""trailing_close"", 0.0, 0.025]",50,189,389
26_30,48,26,0.027138957753777504,0.10845717042684555,-0.08131822198629379,"[""fixed_close"", -0.04, 0.0]",146,152,390
26_30,2124,30,0.02706201560795307,0.02706201560795307,0.0,"[""hold"", 0.0, 0.0]",333,500,391
31_35,48,33,0.02703891322016716,0.12404639273881912,-0.09700748324394226,"[""fixed_close"", -0.04, 0.0]",145,152,392
36_40,976,38,0.02690199576318264,0.04003148153424263,-0.01312948577105999,"[""time_fail"", 0.0, 0.0]",122,107,393
36_40,2930,40,0.02683217264711857,0.05491171404719353,-0.02807954140007496,"[""trailing_close"", 0.0, 0.025]",50,189,394
41_45,668,43,0.026799915358424187,0.052471473813056946,-0.02567155845463276,"[""fixed_close"", -0.06, 0.0]",500,500,395
21_25,1672,25,0.026798957958817482,0.035946108400821686,-0.009147151373326778,"[""fixed_close"", -0.06, 0.0]",86,281,396
56_60,1704,59,0.0267759058624506,0.08979432284832001,-0.06301841139793396,"[""fixed_close"", -0.02, 0.0]",397,500,397
36_40,2930,37,0.026693517342209816,0.05966104939579964,-0.03296753391623497,"[""trailing_close"", 0.0, 0.025]",50,189,398
56_60,1704,58,0.026682861149311066,0.08602624386548996,-0.059343382716178894,"[""fixed_close"", -0.02, 0.0]",397,500,399
46_50,1568,46,0.026671476662158966,0.006606319919228554,0.020065156742930412,"[""time_fail"", 0.0, 0.0]",403,500,400
41_45,668,44,0.02664315328001976,0.05383608862757683,-0.027192935347557068,"[""fixed_close"", -0.06, 0.0]",500,500,401
41_45,2574,44,0.026438798755407333,0.026438798755407333,0.0,"[""hold"", 0.0, 0.0]",102,273,402
56_60,1704,60,0.02640632353723049,0.09338504821062088,-0.06697872281074524,"[""fixed_close"", -0.02, 0.0]",396,500,403
41_45,540,42,0.026405997574329376,0.06338749825954437,-0.036981500685214996,"[""fixed_close"", -0.04, 0.0]",500,500,404
26_30,2800,26,0.02618248015642166,0.04672214761376381,-0.020539665594697,"[""fixed_close"", -0.04, 0.0]",388,422,405
36_40,2930,36,0.026142369955778122,0.06230539828538895,-0.036163028329610825,"[""trailing_close"", 0.0, 0.025]",50,189,406
61_65,540,65,0.02608317881822586,0.08916798233985901,-0.06308479607105255,"[""fixed_close"", -0.04, 0.0]",500,500,407
46_50,3124,46,0.026004038751125336,0.07054933160543442,-0.04454530030488968,"[""fixed_close"", -0.04, 0.0]",148,202,408
41_45,668,42,0.02592315711081028,0.0510123148560524,-0.02508915774524212,"[""fixed_close"", -0.06, 0.0]",500,500,409
36_40,976,40,0.025765569880604744,0.03654656186699867,-0.010780991986393929,"[""time_fail"", 0.0, 0.0]",122,107,410
51_55,1232,51,0.025683553889393806,0.032335251569747925,-0.006651696283370256,"[""fixed_close"", -0.06, 0.0]",88,157,411
56_60,2040,59,0.02563890442252159,0.05795397236943245,-0.03231506422162056,"[""time_fail"", 0.0, 0.0]",188,261,412
36_40,1922,36,0.025631846860051155,0.03399644419550896,-0.008364596404135227,"[""trailing_close"", 0.0, 0.05]",140,117,413
41_45,668,41,0.025611041113734245,0.049530599266290665,-0.02391955815255642,"[""fixed_close"", -0.06, 0.0]",500,500,414
46_50,1568,47,0.02557450905442238,0.004219443071633577,0.02135506644845009,"[""time_fail"", 0.0, 0.0]",403,500,415
21_25,1672,24,0.025519607588648796,0.033449433743953705,-0.007929828017950058,"[""fixed_close"", -0.06, 0.0]",86,281,416
31_35,48,34,0.025406071916222572,0.12237555533647537,-0.09696948528289795,"[""fixed_close"", -0.04, 0.0]",145,152,417
31_35,2124,33,0.025387747213244438,0.025387747213244438,0.0,"[""hold"", 0.0, 0.0]",333,500,418
61_65,1044,64,0.02527446299791336,0.09709089994430542,-0.07181643694639206,"[""fixed_close"", -0.02, 0.0]",500,500,419
56_60,2040,58,0.025230351835489273,0.05662476271390915,-0.031394410878419876,"[""time_fail"", 0.0, 0.0]",188,261,420
61_65,540,63,0.024920621886849403,0.08556278795003891,-0.060642167925834656,"[""fixed_close"", -0.04, 0.0]",500,500,421
36_40,1922,37,0.024888046085834503,0.036122191697359085,-0.011234146542847157,"[""trailing_close"", 0.0, 0.05]",140,117,422
41_45,1482,41,0.02469738945364952,0.06202985718846321,-0.03733247146010399,"[""trailing_close"", 0.0, 0.08]",310,500,423
41_45,540,41,0.02466649003326893,0.06078527495265007,-0.03611878305673599,"[""fixed_close"", -0.04, 0.0]",500,500,424
26_30,2800,27,0.0245423074811697,0.04523395374417305,-0.02069164253771305,"[""fixed_close"", -0.04, 0.0]",388,422,425
41_45,2574,45,0.02436096780002117,0.02436096780002117,0.0,"[""hold"", 0.0, 0.0]",102,273,426
56_60,2040,57,0.024350332096219063,0.053676504641771317,-0.029326170682907104,"[""time_fail"", 0.0, 0.0]",188,261,427
46_50,1568,48,0.024303564801812172,0.0036324637476354837,0.020671101287007332,"[""time_fail"", 0.0, 0.0]",403,500,428
36_40,1922,38,0.02426183968782425,0.03303760662674904,-0.008775768801569939,"[""trailing_close"", 0.0, 0.05]",140,117,429
56_60,2040,56,0.02410648763179779,0.05123201757669449,-0.027125533670186996,"[""time_fail"", 0.0, 0.0]",188,261,430
41_45,540,43,0.023977089673280716,0.06885368376970291,-0.044876594096422195,"[""fixed_close"", -0.04, 0.0]",500,500,431
41_45,2574,43,0.023946180939674377,0.023946180939674377,0.0,"[""hold"", 0.0, 0.0]",102,273,432
41_45,1482,42,0.023922830820083618,0.06155187636613846,-0.03762904927134514,"[""trailing_close"", 0.0, 0.08]",310,500,433
51_55,3232,55,0.023858437314629555,0.05250762775540352,-0.028649188578128815,"[""fixed_close"", -0.04, 0.0]",139,155,434
31_35,48,35,0.02370111458003521,0.12043478339910507,-0.09673365950584412,"[""fixed_close"", -0.04, 0.0]",145,152,435
21_25,1672,21,0.023675378412008286,0.02787388116121292,-0.004198506940156221,"[""fixed_close"", -0.06, 0.0]",86,281,436
46_50,3124,47,0.023603681474924088,0.06634463369846344,-0.04274095594882965,"[""fixed_close"", -0.04, 0.0]",148,202,437
21_25,1672,23,0.023572199046611786,0.03151100128889084,-0.007938805967569351,"[""fixed_close"", -0.06, 0.0]",86,281,438
46_50,1568,49,0.023555131629109383,0.0018479202408343554,0.021707214415073395,"[""time_fail"", 0.0, 0.0]",403,500,439
46_50,1568,50,0.023471150547266006,0.0020022522658109665,0.021468903869390488,"[""time_fail"", 0.0, 0.0]",403,500,440
41_45,2574,42,0.023470694199204445,0.023470694199204445,0.0,"[""hold"", 0.0, 0.0]",102,273,441
51_55,3232,54,0.023238670080900192,0.0498308427631855,-0.026592174544930458,"[""fixed_close"", -0.04, 0.0]",139,155,442
21_25,4298,21,0.022844696417450905,0.06997308135032654,-0.04712840914726257,"[""trailing_close"", 0.0, 0.025]",54,176,443
41_45,1482,43,0.02283649891614914,0.060417111963033676,-0.037580620497465134,"[""trailing_close"", 0.0, 0.08]",310,500,444
21_25,1898,24,0.022423289716243744,0.08158785849809647,-0.05916456878185272,"[""fixed_close"", -0.02, 0.0]",139,182,445
21_25,1672,22,0.02229263447225094,0.029255259782075882,-0.006962618790566921,"[""fixed_close"", -0.06, 0.0]",86,281,446
41_45,1482,44,0.022227078676223755,0.05817596614360809,-0.03594889119267464,"[""trailing_close"", 0.0, 0.08]",310,500,447
51_55,3232,53,0.02220846712589264,0.04824425280094147,-0.026035789400339127,"[""fixed_close"", -0.04, 0.0]",139,155,448
41_45,1482,45,0.022072192281484604,0.059533655643463135,-0.03746146708726883,"[""trailing_close"", 0.0, 0.08]",310,500,449
31_35,2124,31,0.022054603323340416,0.022054603323340416,0.0,"[""hold"", 0.0, 0.0]",333,500,450
41_45,2574,41,0.02183249406516552,0.02183249406516552,0.0,"[""hold"", 0.0, 0.0]",102,273,451
51_55,3232,52,0.02148313820362091,0.04608588293194771,-0.024602748453617096,"[""fixed_close"", -0.04, 0.0]",139,155,452
46_50,3124,48,0.021420691162347794,0.0618448369204998,-0.040424153208732605,"[""fixed_close"", -0.04, 0.0]",148,202,453
21_25,1898,21,0.02127128280699253,0.07001668214797974,-0.04874539375305176,"[""fixed_close"", -0.02, 0.0]",139,182,454
41_45,540,44,0.021241120994091034,0.06112032011151314,-0.039879195392131805,"[""fixed_close"", -0.04, 0.0]",500,500,455
31_35,2124,32,0.02114333026111126,0.02114333026111126,0.0,"[""hold"", 0.0, 0.0]",333,500,456
51_55,1128,52,0.021118219941854477,0.021118219941854477,0.0,"[""hold"", 0.0, 0.0]",40,184,457
61_65,558,63,0.021027497947216034,0.0670175701379776,-0.045990072190761566,"[""fixed_close"", -0.06, 0.0]",500,500,458
61_65,558,64,0.020889095962047577,0.07007239758968353,-0.049183301627635956,"[""fixed_close"", -0.06, 0.0]",500,500,459
21_25,1898,22,0.02058437466621399,0.07234220951795578,-0.05175783485174179,"[""fixed_close"", -0.02, 0.0]",139,182,460
46_50,3124,49,0.02057335153222084,0.05902497097849846,-0.03845161944627762,"[""fixed_close"", -0.04, 0.0]",148,202,461
56_60,272,60,0.020549075677990913,0.10149902105331421,-0.08094995468854904,"[""fixed_close"", -0.02, 0.0]",500,500,462
21_25,1898,23,0.0203537754714489,0.07879050076007843,-0.058436717838048935,"[""fixed_close"", -0.02, 0.0]",139,182,463
21_25,4082,25,0.020318370312452316,0.0273954626172781,-0.007077090907841921,"[""fixed_close"", -0.04, 0.0]",167,256,464
56_60,272,58,0.020184675231575966,0.10204269737005234,-0.08185801655054092,"[""fixed_close"", -0.02, 0.0]",500,500,465
51_55,3232,51,0.02006831020116806,0.04439893364906311,-0.024330629035830498,"[""fixed_close"", -0.04, 0.0]",139,155,466
21_25,4298,22,0.019974244758486748,0.06061863899230957,-0.04064439237117767,"[""trailing_close"", 0.0, 0.025]",54,176,467
51_55,3368,54,0.019966714084148407,0.019966714084148407,0.0,"[""hold"", 0.0, 0.0]",335,238,468
51_55,3368,55,0.019841454923152924,0.019841454923152924,0.0,"[""hold"", 0.0, 0.0]",335,238,469
26_30,426,30,0.019832344725728035,0.0517832413315773,-0.031950898468494415,"[""fixed_close"", -0.04, 0.0]",500,500,470
56_60,272,59,0.019823480397462845,0.10174763202667236,-0.08192414790391922,"[""fixed_close"", -0.02, 0.0]",500,500,471
61_65,558,65,0.019796812906861305,0.06656338274478912,-0.046766575425863266,"[""fixed_close"", -0.06, 0.0]",500,500,472
56_60,580,60,0.019764088094234467,0.05709010362625122,-0.037326015532016754,"[""fixed_close"", -0.04, 0.0]",500,500,473
41_45,3912,45,0.019749507308006287,0.08278477936983109,-0.0630352795124054,"[""fixed_close"", -0.02, 0.0]",249,165,474
46_50,3124,50,0.019456565380096436,0.055904556065797806,-0.03644799068570137,"[""fixed_close"", -0.04, 0.0]",148,202,475
61_65,1044,61,0.01944928988814354,0.09570343792438507,-0.07625414431095123,"[""fixed_close"", -0.02, 0.0]",500,500,476
56_60,272,57,0.01932722143828869,0.10149838030338287,-0.08217117190361023,"[""fixed_close"", -0.02, 0.0]",500,500,477
41_45,1044,45,0.019229862838983536,0.08269227296113968,-0.06346240639686584,"[""fixed_close"", -0.02, 0.0]",500,500,478
51_55,3368,51,0.019163062795996666,0.019163062795996666,0.0,"[""hold"", 0.0, 0.0]",336,238,479
21_25,1898,25,0.01903964951634407,0.08105930685997009,-0.06201965734362602,"[""fixed_close"", -0.02, 0.0]",139,182,480
61_65,2620,64,0.01898440532386303,0.056642964482307434,-0.03765856847167015,"[""fixed_close"", -0.06, 0.0]",44,112,481
56_60,580,56,0.018927928060293198,0.04969082772731781,-0.030762897804379463,"[""fixed_close"", -0.04, 0.0]",500,500,482
51_55,1128,51,0.01887834444642067,0.01887834444642067,0.0,"[""hold"", 0.0, 0.0]",40,184,483
56_60,580,59,0.018509486690163612,0.055117201060056686,-0.03660771995782852,"[""fixed_close"", -0.04, 0.0]",500,500,484
26_30,426,29,0.018429432064294815,0.04597385972738266,-0.027544425800442696,"[""fixed_close"", -0.04, 0.0]",500,500,485
56_60,580,57,0.018130796030163765,0.05131492018699646,-0.03318411856889725,"[""fixed_close"", -0.04, 0.0]",500,500,486
21_25,4082,24,0.018124131485819817,0.02684485912322998,-0.008720729500055313,"[""fixed_close"", -0.04, 0.0]",167,256,487
26_30,426,27,0.018048720434308052,0.04176691919565201,-0.023718198761343956,"[""fixed_close"", -0.04, 0.0]",500,500,488
41_45,3912,44,0.017955943942070007,0.08376825600862503,-0.06581230461597443,"[""fixed_close"", -0.02, 0.0]",249,165,489
26_30,2572,27,0.017941735684871674,0.031070204451680183,-0.013128465041518211,"[""time_fail"", 0.0, 0.0]",229,396,490
56_60,272,56,0.017931906506419182,0.10060617327690125,-0.08267427235841751,"[""fixed_close"", -0.02, 0.0]",500,500,491
61_65,1044,63,0.017834920436143875,0.08679934591054916,-0.0689644142985344,"[""fixed_close"", -0.02, 0.0]",500,500,492
26_30,2572,26,0.017762241885066032,0.02968674525618553,-0.0119244996458292,"[""time_fail"", 0.0, 0.0]",229,396,493
51_55,760,55,0.017745643854141235,0.017745643854141235,0.0,"[""hold"", 0.0, 0.0]",179,480,494
31_35,1998,31,0.017672957852482796,0.012946504168212414,0.004726455081254244,"[""time_fail"", 0.0, 0.0]",150,180,495
51_55,760,54,0.017627906054258347,0.017627906054258347,0.0,"[""hold"", 0.0, 0.0]",179,480,496
26_30,426,28,0.017599262297153473,0.043133445084095,-0.02553418278694153,"[""fixed_close"", -0.04, 0.0]",500,500,497
26_30,426,26,0.01747949793934822,0.039971329271793365,-0.022491829469799995,"[""fixed_close"", -0.04, 0.0]",500,500,498
51_55,1482,52,0.017416927963495255,0.053069595247507095,-0.03565266728401184,"[""trailing_close"", 0.0, 0.08]",310,500,499
51_55,3368,52,0.017406560480594635,0.017406560480594635,0.0,"[""hold"", 0.0, 0.0]",335,238,500
41_45,1044,41,0.01739548332989216,0.07964808493852615,-0.062252603471279144,"[""fixed_close"", -0.02, 0.0]",500,500,501
51_55,1482,53,0.017359120771288872,0.05282631516456604,-0.03546719253063202,"[""trailing_close"", 0.0, 0.08]",310,500,502
51_55,1482,51,0.017359092831611633,0.052480604499578476,-0.03512151911854744,"[""trailing_close"", 0.0, 0.08]",310,500,503
56_60,580,58,0.01734231971204281,0.05243263021111488,-0.035090308636426926,"[""fixed_close"", -0.04, 0.0]",500,500,504
21_25,3662,21,0.017277564853429794,0.017277564853429794,0.0,"[""hold"", 0.0, 0.0]",72,149,505
41_45,3912,41,0.017106009647250175,0.075386643409729,-0.058280639350414276,"[""fixed_close"", -0.02, 0.0]",249,165,506
21_25,4298,23,0.01705935411155224,0.048679471015930176,-0.03162011876702309,"[""trailing_close"", 0.0, 0.025]",54,176,507
51_55,1482,54,0.017055198550224304,0.050919897854328156,-0.03386469930410385,"[""trailing_close"", 0.0, 0.08]",310,500,508
21_25,4082,23,0.016971074044704437,0.02971368283033371,-0.012742610648274422,"[""fixed_close"", -0.04, 0.0]",167,256,509
51_55,1482,55,0.01673842780292034,0.052014049142599106,-0.03527562692761421,"[""trailing_close"", 0.0, 0.08]",310,500,510
56_60,1432,57,0.016697958111763,0.0783328041434288,-0.0616348460316658,"[""fixed_close"", -0.04, 0.0]",327,450,511
51_55,760,53,0.016599928960204124,0.016599928960204124,0.0,"[""hold"", 0.0, 0.0]",179,480,512
36_40,4128,38,0.016320424154400826,0.011912812478840351,0.004407612606883049,"[""fixed_close"", -0.04, 0.0]",227,396,513
51_55,3368,53,0.016296884045004845,0.016296884045004845,0.0,"[""hold"", 0.0, 0.0]",335,238,514
36_40,1220,39,0.016174746677279472,0.016174746677279472,0.0,"[""hold"", 0.0, 0.0]",238,220,515
21_25,4298,24,0.015995318070054054,0.044135935604572296,-0.02814061939716339,"[""trailing_close"", 0.0, 0.025]",54,176,516
36_40,1220,40,0.015792489051818848,0.015792489051818848,0.0,"[""hold"", 0.0, 0.0]",237,220,517
61_65,574,61,0.015759527683258057,0.07626800239086151,-0.060508474707603455,"[""fixed_close"", -0.04, 0.0]",500,500,518
21_25,4082,21,0.015757761895656586,0.027424737811088562,-0.011666975915431976,"[""time_fail"", 0.0, 0.0]",167,256,519
51_55,760,52,0.015609539113938808,0.015609539113938808,0.0,"[""hold"", 0.0, 0.0]",179,480,520
41_45,1044,42,0.015431995503604412,0.07025975733995438,-0.05482775717973709,"[""fixed_close"", -0.02, 0.0]",500,500,521
21_25,3662,22,0.015191806480288506,0.015191806480288506,0.0,"[""hold"", 0.0, 0.0]",72,149,522
51_55,760,51,0.015160895884037018,0.015160895884037018,0.0,"[""hold"", 0.0, 0.0]",179,480,523
21_25,4298,25,0.015099532902240753,0.04010569304227829,-0.025006160140037537,"[""trailing_close"", 0.0, 0.025]",54,176,524
36_40,4128,37,0.01507496926933527,0.009723328053951263,0.005351640284061432,"[""fixed_close"", -0.04, 0.0]",227,396,525
41_45,3912,43,0.01503903791308403,0.08070088177919388,-0.06566184014081955,"[""fixed_close"", -0.02, 0.0]",249,165,526
56_60,1432,60,0.014927073381841183,0.08257392048835754,-0.06764684617519379,"[""fixed_close"", -0.04, 0.0]",327,450,527
56_60,1432,56,0.014648226089775562,0.07413607090711594,-0.05948784202337265,"[""fixed_close"", -0.04, 0.0]",327,450,528
41_45,272,45,0.014622446149587631,0.08910062909126282,-0.07447819411754608,"[""fixed_close"", -0.02, 0.0]",500,500,529
26_30,2572,29,0.014608848839998245,0.0317188985645771,-0.017110051587224007,"[""time_fail"", 0.0, 0.0]",229,396,530
41_45,272,42,0.014529322274029255,0.08344784379005432,-0.06891851872205734,"[""fixed_close"", -0.02, 0.0]",500,500,531
41_45,272,43,0.014477558434009552,0.08396054059267044,-0.06948298215866089,"[""fixed_close"", -0.02, 0.0]",500,500,532
61_65,1644,65,0.014279474504292011,0.014279474504292011,0.0,"[""hold"", 0.0, 0.0]",162,358,533
41_45,272,44,0.014189457520842552,0.08583877235651016,-0.07164932042360306,"[""fixed_close"", -0.02, 0.0]",500,500,534
41_45,3912,42,0.014066693373024464,0.07662183791399002,-0.06255514174699783,"[""fixed_close"", -0.02, 0.0]",249,165,535
61_65,1044,62,0.013933422043919563,0.09029380977153778,-0.07636038959026337,"[""fixed_close"", -0.02, 0.0]",500,500,536
61_65,2620,65,0.013904806226491928,0.05276704952120781,-0.03886224702000618,"[""fixed_close"", -0.06, 0.0]",44,112,537
36_40,2770,39,0.013894477859139442,0.05758023262023926,-0.043685756623744965,"[""trailing_close"", 0.0, 0.08]",74,191,538
56_60,1432,58,0.013860475271940231,0.07666978985071182,-0.06280931085348129,"[""fixed_close"", -0.04, 0.0]",327,450,539
46_50,2514,46,0.013841962441802025,0.029163820669054985,-0.015321859158575535,"[""time_fail"", 0.0, 0.0]",193,137,540
36_40,4128,36,0.013603275641798973,0.00804124865680933,0.005562026519328356,"[""fixed_close"", -0.04, 0.0]",227,396,541
36_40,1220,38,0.013554532080888748,0.013554532080888748,0.0,"[""hold"", 0.0, 0.0]",238,220,542
41_45,272,41,0.013501070439815521,0.08129490911960602,-0.0677938386797905,"[""fixed_close"", -0.02, 0.0]",500,500,543
36_40,2770,40,0.01334073580801487,0.05230383202433586,-0.03896309435367584,"[""trailing_close"", 0.0, 0.08]",74,191,544
21_25,1074,22,0.013272680342197418,0.019530875608325005,-0.006258197594434023,"[""fixed_close"", -0.04, 0.0]",500,500,545
46_50,2514,48,0.013269425369799137,0.03060799650847912,-0.017338570207357407,"[""time_fail"", 0.0, 0.0]",193,137,546
61_65,2620,61,0.013227823190391064,0.048914454877376556,-0.03568662703037262,"[""fixed_close"", -0.06, 0.0]",44,112,547
21_25,2164,24,0.013136313296854496,0.013136313296854496,0.0,"[""hold"", 0.0, 0.0]",158,124,548
56_60,1432,59,0.013116891495883465,0.07696457952260971,-0.06384768337011337,"[""fixed_close"", -0.04, 0.0]",327,450,549
46_50,2514,47,0.013111837208271027,0.0299345962703228,-0.01682276278734207,"[""time_fail"", 0.0, 0.0]",193,137,550
31_35,2356,31,0.01303178258240223,0.11846958845853806,-0.10543780773878098,"[""trailing_close"", 0.0, 0.025]",114,146,551
31_35,2356,32,0.01303178258240223,0.12804217636585236,-0.11501041054725647,"[""trailing_close"", 0.0, 0.025]",114,146,552
31_35,2356,33,0.01303178258240223,0.12998108565807343,-0.11694930493831635,"[""trailing_close"", 0.0, 0.025]",114,146,553
31_35,2356,34,0.01303178258240223,0.1292981654405594,-0.11626636981964111,"[""trailing_close"", 0.0, 0.025]",114,146,554
31_35,2356,35,0.01303178258240223,0.12815485894680023,-0.11512307822704315,"[""trailing_close"", 0.0, 0.025]",114,146,555
21_25,2164,23,0.013022636994719505,0.013022636994719505,0.0,"[""hold"", 0.0, 0.0]",158,124,556
21_25,2164,25,0.012987538240849972,0.012987538240849972,0.0,"[""hold"", 0.0, 0.0]",158,124,557
61_65,3874,62,0.012948228977620602,0.06109980493783951,-0.04815157875418663,"[""fixed_close"", -0.06, 0.0]",363,474,558
36_40,2770,38,0.01291046291589737,0.05501941591501236,-0.04210895672440529,"[""trailing_close"", 0.0, 0.08]",74,191,559
36_40,1122,40,0.012907691299915314,0.029947660863399506,-0.017039969563484192,"[""fixed_close"", -0.06, 0.0]",66,113,560
51_55,756,55,0.0128751490265131,0.06220882013440132,-0.04933366924524307,"[""time_fail"", 0.0, 0.0]",128,123,561
36_40,2770,37,0.012702882289886475,0.05708063021302223,-0.04437774419784546,"[""trailing_close"", 0.0, 0.08]",74,191,562
51_55,3484,55,0.012686863541603088,0.012686863541603088,0.0,"[""hold"", 0.0, 0.0]",72,98,563
36_40,4128,39,0.01259950827807188,0.01259950827807188,0.0,"[""hold"", 0.0, 0.0]",227,396,564
46_50,2514,50,0.012599179521203041,0.03050953894853592,-0.01791035756468773,"[""time_fail"", 0.0, 0.0]",193,137,565
21_25,1074,24,0.012584465555846691,0.019635768607258797,-0.00705130398273468,"[""trailing_close"", 0.0, 0.025]",500,500,566
21_25,1074,21,0.01246852520853281,0.017920583486557007,-0.005452057812362909,"[""fixed_close"", -0.04, 0.0]",500,500,567
46_50,2514,49,0.012446741573512554,0.030662763863801956,-0.018216021358966827,"[""time_fail"", 0.0, 0.0]",193,137,568
61_65,3874,64,0.01239177118986845,0.06514663249254227,-0.052754852920770645,"[""fixed_close"", -0.06, 0.0]",363,474,569
36_40,1220,37,0.012378621846437454,0.012378621846437454,0.0,"[""hold"", 0.0, 0.0]",239,220,570
21_25,4082,22,0.012315862812101841,0.02787208929657936,-0.015556223690509796,"[""fixed_close"", -0.04, 0.0]",167,256,571
61_65,1644,64,0.012298716232180595,0.012298716232180595,0.0,"[""hold"", 0.0, 0.0]",162,358,572
46_50,646,47,0.01221325434744358,0.08629743754863739,-0.07408418506383896,"[""trailing_close"", 0.0, 0.025]",500,500,573
46_50,646,46,0.01218379009515047,0.08737483620643616,-0.07519104331731796,"[""trailing_close"", 0.0, 0.025]",500,500,574
21_25,1074,25,0.012183396145701408,0.019853662699460983,-0.007670265156775713,"[""trailing_close"", 0.0, 0.025]",500,500,575
26_30,482,27,0.012162758968770504,0.07438679784536362,-0.06222403794527054,"[""trailing_close"", 0.0, 0.025]",500,500,576
46_50,646,48,0.012121873907744884,0.08522249758243561,-0.07310062646865845,"[""trailing_close"", 0.0, 0.025]",500,500,577
61_65,2620,63,0.01209656335413456,0.046522580087184906,-0.034426018595695496,"[""fixed_close"", -0.06, 0.0]",44,112,578
46_50,646,50,0.012093509547412395,0.08355861157178879,-0.07146510481834412,"[""trailing_close"", 0.0, 0.025]",500,500,579
46_50,646,49,0.012075529433786869,0.08476094901561737,-0.07268542796373367,"[""trailing_close"", 0.0, 0.025]",500,500,580
61_65,1044,65,0.012049726210534573,0.08632106333971024,-0.07427132874727249,"[""fixed_close"", -0.02, 0.0]",500,500,581
61_65,3874,65,0.012043267488479614,0.06565085053443909,-0.05360758304595947,"[""fixed_close"", -0.06, 0.0]",363,474,582
26_30,482,28,0.011990083381533623,0.0734533965587616,-0.06146331876516342,"[""trailing_close"", 0.0, 0.025]",500,500,583
26_30,482,26,0.01197150256484747,0.07271245121955872,-0.06074094399809837,"[""trailing_close"", 0.0, 0.025]",500,500,584
36_40,1074,36,0.011955086141824722,0.00907706655561924,0.0028780174907296896,"[""trailing_close"", 0.0, 0.025]",500,500,585
36_40,1074,37,0.011955086141824722,0.009498991072177887,0.0024560948368161917,"[""trailing_close"", 0.0, 0.025]",500,500,586
36_40,1074,38,0.011955086141824722,0.00984882190823555,0.0021062621381133795,"[""trailing_close"", 0.0, 0.025]",500,500,587
36_40,1074,39,0.011955086141824722,0.01050627138465643,0.0014488162705674767,"[""trailing_close"", 0.0, 0.025]",500,500,588
36_40,1074,40,0.011955086141824722,0.012413623742759228,-0.0004585361457429826,"[""trailing_close"", 0.0, 0.025]",500,500,589
26_30,482,30,0.011861761100590229,0.07278614491224289,-0.06092439219355583,"[""trailing_close"", 0.0, 0.025]",500,500,590
31_35,1998,32,0.01181167084723711,0.010617731139063835,0.0011939402902498841,"[""time_fail"", 0.0, 0.0]",149,180,591
26_30,482,29,0.011809587478637695,0.07356005907058716,-0.061750467866659164,"[""trailing_close"", 0.0, 0.025]",500,500,592
61_65,3874,63,0.011798538267612457,0.062168583273887634,-0.05037004128098488,"[""fixed_close"", -0.06, 0.0]",363,474,593
56_60,1418,57,0.011759623885154724,0.08327353000640869,-0.07151392102241516,"[""fixed_close"", -0.02, 0.0]",135,85,594
56_60,482,56,0.011721274815499783,0.053519356995821,-0.04179808497428894,"[""trailing_close"", 0.0, 0.025]",500,500,595
56_60,1418,56,0.011705266311764717,0.0817374587059021,-0.07003218680620193,"[""fixed_close"", -0.02, 0.0]",135,85,596
61_65,558,62,0.01156972162425518,0.06769929826259613,-0.0561295710504055,"[""fixed_close"", -0.02, 0.0]",500,500,597
61_65,1644,63,0.011560795828700066,0.011560795828700066,0.0,"[""hold"", 0.0, 0.0]",162,358,598
36_40,2770,36,0.011553998105227947,0.054547104984521866,-0.04299310967326164,"[""trailing_close"", 0.0, 0.08]",74,191,599
61_65,2620,62,0.011467522010207176,0.04584222659468651,-0.03437471017241478,"[""fixed_close"", -0.06, 0.0]",44,112,600
21_25,1074,23,0.011199976317584515,0.020059050992131233,-0.008859076537191868,"[""fixed_close"", -0.02, 0.0]",500,500,601
51_55,3484,54,0.011065791361033916,0.011065791361033916,0.0,"[""hold"", 0.0, 0.0]",72,98,602
21_25,3662,24,0.010763352736830711,0.010763352736830711,0.0,"[""hold"", 0.0, 0.0]",72,149,603
61_65,3202,61,0.010606646537780762,0.045576293021440506,-0.03496965393424034,"[""fixed_close"", -0.06, 0.0]",48,500,604
56_60,2202,57,0.010565216653048992,0.06826053559780121,-0.05769532173871994,"[""fixed_close"", -0.02, 0.0]",500,500,605
41_45,3202,43,0.010328086093068123,0.03428850322961807,-0.02396041713654995,"[""fixed_close"", -0.06, 0.0]",59,500,606
36_40,4128,40,0.01021868921816349,0.013150190003216267,-0.0029315019492059946,"[""fixed_close"", -0.02, 0.0]",227,396,607
56_60,2202,56,0.010189072228968143,0.06730606406927109,-0.05711698904633522,"[""fixed_close"", -0.02, 0.0]",500,500,608
31_35,2358,33,0.010134336538612843,0.06702392548322678,-0.05688959360122681,"[""fixed_close"", -0.02, 0.0]",194,219,609
61_65,3874,61,0.010090730153024197,0.05615335330367088,-0.04606262594461441,"[""fixed_close"", -0.06, 0.0]",363,474,610
41_45,1044,43,0.010071629658341408,0.0693684071302414,-0.05929677560925484,"[""fixed_close"", -0.02, 0.0]",500,500,611
21_25,394,23,0.00999631267040968,0.02013246901333332,-0.010136154480278492,"[""time_fail"", 0.0, 0.0]",85,140,612
36_40,1122,39,0.009985044598579407,0.027480777353048325,-0.017495732754468918,"[""fixed_close"", -0.06, 0.0]",66,113,613
21_25,806,25,0.009974796324968338,0.009974796324968338,0.0,"[""hold"", 0.0, 0.0]",500,500,614
51_55,756,54,0.009830336086452007,0.05938415974378586,-0.049553822726011276,"[""time_fail"", 0.0, 0.0]",128,123,615
31_35,2190,32,0.00978709664195776,0.035575952380895615,-0.02578885294497013,"[""fixed_close"", -0.06, 0.0]",384,297,616
31_35,2358,35,0.009757116436958313,0.06700776517391205,-0.05725064128637314,"[""fixed_close"", -0.02, 0.0]",194,219,617
31_35,2358,32,0.009640617296099663,0.0670454353094101,-0.05740482360124588,"[""fixed_close"", -0.02, 0.0]",194,219,618
41_45,3202,42,0.009616773575544357,0.03596137836575508,-0.026344606652855873,"[""fixed_close"", -0.06, 0.0]",59,500,619
61_65,1644,62,0.009556612931191921,0.009556612931191921,0.0,"[""hold"", 0.0, 0.0]",162,358,620
41_45,558,45,0.009453092701733112,0.04168172553181648,-0.03222863748669624,"[""fixed_close"", -0.04, 0.0]",500,500,621
31_35,2572,31,0.009297920390963554,0.03320273384451866,-0.023904815316200256,"[""fixed_close"", -0.04, 0.0]",229,396,622
61_65,558,61,0.009274137206375599,0.06659360975027084,-0.05731947347521782,"[""fixed_close"", -0.02, 0.0]",500,500,623
31_35,2358,31,0.009247041307389736,0.06494471430778503,-0.055697668343782425,"[""fixed_close"", -0.02, 0.0]",194,219,624
61_65,574,62,0.009177072905004025,0.07913745194673538,-0.06996037811040878,"[""fixed_close"", -0.04, 0.0]",500,500,625
41_45,558,44,0.008867712691426277,0.037089284509420395,-0.02822156995534897,"[""fixed_close"", -0.04, 0.0]",500,500,626
56_60,2202,59,0.008821112103760242,0.0663607195019722,-0.05753960460424423,"[""fixed_close"", -0.02, 0.0]",500,500,627
31_35,2358,34,0.008722248487174511,0.06215381994843483,-0.053431570529937744,"[""fixed_close"", -0.02, 0.0]",194,219,628
56_60,482,57,0.00864849891513586,0.05254097655415535,-0.04389248788356781,"[""fixed_close"", -0.02, 0.0]",500,500,629
56_60,482,58,0.008548401296138763,0.052776772528886795,-0.04422837495803833,"[""fixed_close"", -0.02, 0.0]",500,500,630
21_25,806,24,0.008468501269817352,0.008468501269817352,0.0,"[""hold"", 0.0, 0.0]",500,500,631
41_45,1044,44,0.008448904380202293,0.06357941031455994,-0.055130500346422195,"[""fixed_close"", -0.02, 0.0]",500,500,632
21_25,2274,23,0.008434855379164219,0.008434855379164219,0.0,"[""hold"", 0.0, 0.0]",149,291,633
41_45,2202,45,0.008424011059105396,0.06292308866977692,-0.054499078541994095,"[""fixed_close"", -0.02, 0.0]",500,500,634
56_60,1418,58,0.008410930633544922,0.08538670092821121,-0.07697577774524689,"[""fixed_close"", -0.02, 0.0]",135,85,635
31_35,1998,33,0.008272891864180565,0.008595275692641735,-0.00032238379935733974,"[""time_fail"", 0.0, 0.0]",148,180,636
21_25,2274,22,0.007990283891558647,0.007990283891558647,0.0,"[""hold"", 0.0, 0.0]",149,291,637
21_25,806,21,0.007980193011462688,0.007980193011462688,0.0,"[""hold"", 0.0, 0.0]",500,500,638
36_40,1220,36,0.007962135598063469,0.007962135598063469,0.0,"[""hold"", 0.0, 0.0]",240,220,639
56_60,2202,58,0.007951063103973866,0.0687851682305336,-0.06083410605788231,"[""fixed_close"", -0.02, 0.0]",500,500,640
56_60,482,60,0.007797252852469683,0.051326896995306015,-0.04352964460849762,"[""fixed_close"", -0.02, 0.0]",500,500,641
41_45,2202,44,0.007763181813061237,0.06437470018863678,-0.056611526757478714,"[""fixed_close"", -0.02, 0.0]",500,500,642
21_25,1014,23,0.007751926314085722,0.01586528867483139,-0.008113362826406956,"[""trailing_close"", 0.0, 0.025]",170,163,643
21_25,1014,24,0.007746970746666193,0.011999048292636871,-0.004252078477293253,"[""trailing_close"", 0.0, 0.025]",169,163,644
56_60,482,59,0.007734350394457579,0.05074165388941765,-0.04300730302929878,"[""fixed_close"", -0.02, 0.0]",500,500,645
21_25,1014,25,0.007710897829383612,0.013904980383813381,-0.006194081623107195,"[""trailing_close"", 0.0, 0.025]",169,163,646
21_25,1014,22,0.0077011859975755215,0.015324017964303493,-0.007622832898050547,"[""trailing_close"", 0.0, 0.025]",170,163,647
31_35,2572,34,0.007688494864851236,0.024197502061724663,-0.016509009525179863,"[""time_fail"", 0.0, 0.0]",227,396,648
56_60,2202,60,0.007673945277929306,0.06619109958410263,-0.05851716548204422,"[""fixed_close"", -0.02, 0.0]",500,500,649
21_25,1082,25,0.0075857266783714294,0.024355756118893623,-0.016770029440522194,"[""fixed_close"", -0.02, 0.0]",457,250,650
21_25,592,21,0.00751893687993288,0.021437684074044228,-0.013918747194111347,"[""fixed_close"", -0.02, 0.0]",205,236,651
21_25,394,25,0.007501959800720215,0.007501959800720215,0.0,"[""hold"", 0.0, 0.0]",81,140,652
41_45,558,41,0.00743658933788538,0.03140623867511749,-0.02396964281797409,"[""fixed_close"", -0.04, 0.0]",500,500,653
21_25,1014,21,0.007435276173055172,0.011011874303221703,-0.0035765955690294504,"[""trailing_close"", 0.0, 0.025]",170,163,654
41_45,3202,41,0.007252252660691738,0.03354960307478905,-0.02629735879600048,"[""fixed_close"", -0.06, 0.0]",59,500,655
21_25,1082,24,0.007219910155981779,0.02291591465473175,-0.015696004033088684,"[""fixed_close"", -0.02, 0.0]",457,250,656
21_25,806,23,0.007087312638759613,0.007087312638759613,0.0,"[""hold"", 0.0, 0.0]",500,500,657
26_30,2800,29,0.007051937282085419,0.053123101592063904,-0.04607116058468819,"[""trailing_close"", 0.0, 0.025]",388,422,658
21_25,806,22,0.00689125107601285,0.00689125107601285,0.0,"[""hold"", 0.0, 0.0]",500,500,659
26_30,2800,28,0.006852737627923489,0.049008261412382126,-0.04215552285313606,"[""trailing_close"", 0.0, 0.025]",388,422,660
31_35,2572,35,0.006766046397387981,0.02373787760734558,-0.016971834003925323,"[""time_fail"", 0.0, 0.0]",227,396,661
21_25,394,22,0.00669357692822814,0.013941074721515179,-0.007247496396303177,"[""time_fail"", 0.0, 0.0]",85,140,662
21_25,394,21,0.00667818496003747,0.012549825012683868,-0.005871639586985111,"[""time_fail"", 0.0, 0.0]",85,140,663
41_45,2202,41,0.006668829824775457,0.052290212363004684,-0.04562138020992279,"[""fixed_close"", -0.02, 0.0]",500,500,664
21_25,2274,24,0.006599707994610071,0.006599707994610071,0.0,"[""hold"", 0.0, 0.0]",149,291,665
36_40,1122,38,0.006347854621708393,0.021069437265396118,-0.0147215835750103,"[""fixed_close"", -0.06, 0.0]",66,113,666
21_25,3278,24,0.006300007458776236,0.01013033278286457,-0.0038303236942738295,"[""time_fail"", 0.0, 0.0]",77,119,667
21_25,1082,23,0.0062935324385762215,0.022180523723363876,-0.01588699407875538,"[""fixed_close"", -0.02, 0.0]",457,250,668
31_35,2190,34,0.006217272486537695,0.0317591167986393,-0.025541847571730614,"[""fixed_close"", -0.06, 0.0]",380,297,669
51_55,3484,51,0.006194399669766426,0.006194399669766426,0.0,"[""hold"", 0.0, 0.0]",72,98,670
61_65,1644,61,0.006184675265103579,0.006184675265103579,0.0,"[""hold"", 0.0, 0.0]",162,358,671
56_60,1418,60,0.00597843062132597,0.08857803046703339,-0.08259961009025574,"[""fixed_close"", -0.02, 0.0]",135,85,672
41_45,574,41,0.005880947690457106,0.05811571702361107,-0.05223476514220238,"[""fixed_close"", -0.02, 0.0]",500,500,673
41_45,540,45,0.005855294410139322,0.05590999498963356,-0.050054699182510376,"[""fixed_close"", -0.04, 0.0]",500,500,674
56_60,1418,59,0.005824238993227482,0.08927786350250244,-0.08345363289117813,"[""fixed_close"", -0.02, 0.0]",135,85,675
41_45,574,44,0.005613235756754875,0.05928497388958931,-0.053671736270189285,"[""fixed_close"", -0.02, 0.0]",500,500,676
26_30,1034,28,0.00554349971935153,0.04408548027276993,-0.03854198381304741,"[""trailing_close"", 0.0, 0.025]",500,500,677
51_55,3484,53,0.005508509464561939,0.005508509464561939,0.0,"[""hold"", 0.0, 0.0]",72,98,678
21_25,3278,23,0.005491883493959904,0.009073462337255478,-0.0035815804731100798,"[""fixed_close"", -0.02, 0.0]",77,119,679
41_45,558,43,0.005435105878859758,0.0354030542075634,-0.02996794320642948,"[""fixed_close"", -0.02, 0.0]",500,500,680
31_35,2190,33,0.005360654555261135,0.03471456468105316,-0.0293539110571146,"[""fixed_close"", -0.04, 0.0]",382,297,681
41_45,558,42,0.00527156749740243,0.03217802941799164,-0.026906458660960197,"[""fixed_close"", -0.02, 0.0]",500,500,682
26_30,2234,26,0.005152019672095776,0.008518648333847523,-0.00336662819609046,"[""fixed_close"", -0.02, 0.0]",480,500,683
41_45,2202,42,0.005093791522085667,0.05122915282845497,-0.04613536223769188,"[""fixed_close"", -0.02, 0.0]",500,500,684
51_55,756,53,0.005022723693400621,0.05400094389915466,-0.04897821694612503,"[""time_fail"", 0.0, 0.0]",128,123,685
21_25,1082,22,0.004989480134099722,0.02055571973323822,-0.015566238202154636,"[""fixed_close"", -0.02, 0.0]",457,250,686
21_25,2274,21,0.004927817732095718,0.004927817732095718,0.0,"[""hold"", 0.0, 0.0]",149,291,687
21_25,3278,22,0.004803759511560202,0.00910193007439375,-0.00429817009717226,"[""fixed_close"", -0.02, 0.0]",77,119,688
41_45,2202,43,0.004710122011601925,0.05299486592411995,-0.04828473553061485,"[""fixed_close"", -0.02, 0.0]",500,500,689
51_55,3484,52,0.004561008885502815,0.004561008885502815,0.0,"[""hold"", 0.0, 0.0]",72,98,690
31_35,1998,34,0.00447289552539587,0.007151530124247074,-0.002678635297343135,"[""time_fail"", 0.0, 0.0]",146,180,691
26_30,2234,27,0.0042329453863203526,0.00848494004458189,-0.004251992795616388,"[""fixed_close"", -0.02, 0.0]",478,500,692
21_25,3278,25,0.004228493198752403,0.008903790265321732,-0.004675297997891903,"[""time_fail"", 0.0, 0.0]",77,119,693
21_25,3278,21,0.004201890435069799,0.008571169339120388,-0.004369280766695738,"[""fixed_close"", -0.02, 0.0]",77,119,694
31_35,2190,35,0.004181498195976019,0.029826022684574127,-0.02564452402293682,"[""fixed_close"", -0.06, 0.0]",378,297,695
21_25,592,22,0.004135881084948778,0.01535608246922493,-0.011220201849937439,"[""fixed_close"", -0.02, 0.0]",205,236,696
21_25,2274,25,0.003928613383322954,0.003928613383322954,0.0,"[""hold"", 0.0, 0.0]",149,291,697
26_30,954,30,0.0038696560077369213,0.0069822994992136955,-0.003112643491476774,"[""fixed_close"", -0.06, 0.0]",249,500,698
31_35,2190,31,0.0038545560091733932,0.03412475064396858,-0.03027019463479519,"[""fixed_close"", -0.04, 0.0]",384,297,699
26_30,312,30,0.003697990905493498,-0.024285688996315002,0.02798367477953434,"[""time_fail"", 0.0, 0.0]",34,154,700
31_35,954,31,0.003555922070518136,0.008705361746251583,-0.00514944177120924,"[""fixed_close"", -0.06, 0.0]",249,500,701
56_60,1708,60,0.00346555863507092,0.08568338304758072,-0.08221781998872757,"[""fixed_close"", -0.02, 0.0]",62,117,702
26_30,2572,28,0.00336999143473804,0.03543616458773613,-0.03206617012619972,"[""fixed_close"", -0.02, 0.0]",229,396,703
31_35,1998,35,0.0033459386322647333,0.00539576169103384,-0.002049827016890049,"[""time_fail"", 0.0, 0.0]",144,180,704
26_30,954,28,0.003340646391734481,0.0038033523596823215,-0.0004627065500244498,"[""fixed_close"", -0.02, 0.0]",249,500,705
26_30,954,27,0.0033277422189712524,0.0016874768771231174,0.0016402647597715259,"[""fixed_close"", -0.02, 0.0]",249,500,706
41_45,574,45,0.003306777449324727,0.061569035053253174,-0.05826225504279137,"[""fixed_close"", -0.02, 0.0]",500,500,707
41_45,574,42,0.0032661790028214455,0.057511020451784134,-0.054244834929704666,"[""fixed_close"", -0.02, 0.0]",500,500,708
26_30,2234,30,0.003262866986915469,0.007385529577732086,-0.0041226609610021114,"[""fixed_close"", -0.02, 0.0]",474,500,709
21_25,1082,21,0.0032455523032695055,0.018351305276155472,-0.015105750411748886,"[""fixed_close"", -0.02, 0.0]",457,250,710
26_30,1034,26,0.003112773410975933,0.035597484558820724,-0.03248471021652222,"[""trailing_close"", 0.0, 0.025]",500,500,711
31_35,954,34,0.0030656391754746437,0.01512853056192398,-0.012062889523804188,"[""fixed_close"", -0.06, 0.0]",247,500,712
41_45,3202,45,0.0029960209503769875,0.027648983523249626,-0.024652963504195213,"[""fixed_close"", -0.06, 0.0]",59,500,713
26_30,2234,29,0.002848283387720585,0.006861555390059948,-0.004013271536678076,"[""fixed_close"", -0.02, 0.0]",475,500,714
41_45,3202,44,0.0028093745931982994,0.02466043084859848,-0.021851053461432457,"[""fixed_close"", -0.06, 0.0]",59,500,715
31_35,2234,31,0.0027744267135858536,0.011548365466296673,-0.00877393875271082,"[""fixed_close"", -0.02, 0.0]",474,500,716
31_35,954,33,0.0027463382575660944,0.01282633375376463,-0.010079996660351753,"[""fixed_close"", -0.06, 0.0]",247,500,717
26_30,2234,28,0.0027203820645809174,0.005996898282319307,-0.0032765138894319534,"[""fixed_close"", -0.02, 0.0]",476,500,718
26_30,1034,29,0.002678926568478346,0.050344280898571014,-0.04766535013914108,"[""trailing_close"", 0.0, 0.025]",500,500,719
56_60,3828,60,0.0026488956063985825,0.06707821041345596,-0.06442931294441223,"[""trailing_close"", 0.0, 0.05]",254,167,720
31_35,954,32,0.0024959177244454622,0.010275373235344887,-0.007779452949762344,"[""fixed_close"", -0.06, 0.0]",247,500,721
31_35,626,31,0.002337914891541004,0.02393564023077488,-0.0215977244079113,"[""time_fail"", 0.0, 0.0]",500,500,722
26_30,954,26,0.0023328785318881273,-0.0016575121553614736,0.003990388475358486,"[""fixed_close"", -0.02, 0.0]",250,500,723
36_40,1122,37,0.002239375840872526,0.014997542835772038,-0.012758170254528522,"[""fixed_close"", -0.06, 0.0]",66,113,724
26_30,954,29,0.0022370682563632727,0.005300105549395084,-0.0030630372930318117,"[""fixed_close"", -0.02, 0.0]",249,500,725
46_50,974,49,0.0021386677399277687,0.0021386677399277687,0.0,"[""hold"", 0.0, 0.0]",81,72,726
31_35,4298,32,0.0018858814146369696,-0.008211459964513779,0.010097341611981392,"[""fixed_close"", -0.02, 0.0]",54,176,727
31_35,2234,32,0.0017492700135335326,0.013016685843467712,-0.011267411522567272,"[""fixed_close"", -0.02, 0.0]",472,500,728
26_30,1034,27,0.0017134809168055654,0.04269718751311302,-0.04098371043801308,"[""trailing_close"", 0.0, 0.025]",500,500,729
21_25,394,24,0.0014834910398349166,0.014189890585839748,-0.012706398963928223,"[""fixed_close"", -0.06, 0.0]",82,140,730
26_30,540,26,0.0013534638565033674,0.03764756768941879,-0.036294106394052505,"[""trailing_close"", 0.0, 0.025]",500,500,731
51_55,756,51,0.0012957893777638674,0.04458516836166382,-0.04328938573598862,"[""time_fail"", 0.0, 0.0]",128,123,732
61_65,3202,65,0.0012790830805897713,0.0437735915184021,-0.0424945130944252,"[""fixed_close"", -0.06, 0.0]",45,500,733
21_25,3662,23,0.0012720637023448944,0.016486434265971184,-0.01521437056362629,"[""fixed_close"", -0.02, 0.0]",72,149,734
51_55,756,52,0.001265388447791338,0.047144126147031784,-0.04587873816490173,"[""time_fail"", 0.0, 0.0]",128,123,735
31_35,3278,35,0.0011740296613425016,0.0011740296613425016,0.0,"[""hold"", 0.0, 0.0]",74,119,736
31_35,3278,34,0.0011524847941473126,0.0011524847941473126,0.0,"[""hold"", 0.0, 0.0]",74,119,737
21_25,756,25,0.0011321906931698322,0.0011321906931698322,0.0,"[""hold"", 0.0, 0.0]",141,123,738
31_35,2234,35,0.0010113599710166454,0.01896623894572258,-0.017954878509044647,"[""fixed_close"", -0.02, 0.0]",469,500,739
31_35,2234,33,0.0009895614348351955,0.015056852251291275,-0.014067290350794792,"[""fixed_close"", -0.02, 0.0]",470,500,740
46_50,936,50,0.0009212863515131176,0.013512942008674145,-0.012591655366122723,"[""trailing_close"", 0.0, 0.025]",448,500,741
46_50,936,49,0.0009015934192575514,0.014198295772075653,-0.013296701945364475,"[""trailing_close"", 0.0, 0.025]",448,500,742
46_50,936,48,0.0008833167375996709,0.014792092144489288,-0.013908774591982365,"[""trailing_close"", 0.0, 0.025]",448,500,743
46_50,936,47,0.0008615193073637784,0.015685701742768288,-0.01482417993247509,"[""trailing_close"", 0.0, 0.025]",448,500,744
46_50,936,46,0.0008069291361607611,0.015116505324840546,-0.014309577643871307,"[""trailing_close"", 0.0, 0.025]",448,500,745
26_30,540,30,0.0007003326318226755,0.04824976995587349,-0.04754943773150444,"[""trailing_close"", 0.0, 0.025]",500,500,746
36_40,3874,37,0.0006002503214403987,0.03203965350985527,-0.031439408659935,"[""fixed_close"", -0.06, 0.0]",370,474,747
31_35,2252,35,0.0005668227677233517,-0.01045974250882864,0.011026563122868538,"[""time_fail"", 0.0, 0.0]",185,228,748
26_30,540,27,0.0004050095158163458,0.034971557557582855,-0.03456655144691467,"[""trailing_close"", 0.0, 0.025]",500,500,749
31_35,2252,31,0.00039282074430957437,-0.007045395206660032,0.007438214495778084,"[""time_fail"", 0.0, 0.0]",187,228,750
26_30,3202,30,0.0003887711791321635,0.010641341097652912,-0.0102525744587183,"[""fixed_close"", -0.04, 0.0]",59,500,751
31_35,2252,32,0.0003604670928325504,-0.006201413460075855,0.006561880931258202,"[""time_fail"", 0.0, 0.0]",186,228,752
31_35,2234,34,0.00034526720992289484,0.0159563310444355,-0.01561106275767088,"[""fixed_close"", -0.02, 0.0]",469,500,753
56_60,1708,59,0.0003253469185438007,0.07695148885250092,-0.07662612944841385,"[""fixed_close"", -0.02, 0.0]",62,117,754
31_35,2252,34,0.0002471086918376386,-0.00831521674990654,0.008562322705984116,"[""time_fail"", 0.0, 0.0]",186,228,755
31_35,4298,31,0.0002092420036206022,-0.0074419849552214146,0.007651225663721561,"[""fixed_close"", -0.02, 0.0]",54,176,756
31_35,592,31,2.248229066026397e-05,-0.01051738765090704,0.010539869777858257,"[""time_fail"", 0.0, 0.0]",205,236,757
31_35,2252,33,-6.556510925292969e-07,-0.0071678864769637585,0.007167231757193804,"[""time_fail"", 0.0, 0.0]",186,228,758
36_40,3874,40,-1.4593149899155833e-05,0.03286334499716759,-0.032877933233976364,"[""fixed_close"", -0.06, 0.0]",370,474,759
36_40,3874,39,-0.00011293372517684475,0.03191635385155678,-0.03202928975224495,"[""fixed_close"", -0.06, 0.0]",370,474,760
21_25,592,23,-0.00028387512429617345,0.009806987829506397,-0.010090864263474941,"[""fixed_close"", -0.02, 0.0]",205,236,761
26_30,1034,30,-0.0005686673102900386,0.03660420700907707,-0.03717287629842758,"[""trailing_close"", 0.0, 0.025]",500,500,762
61_65,3202,62,-0.0006007964257150888,0.03936159610748291,-0.03996238112449646,"[""fixed_close"", -0.06, 0.0]",47,500,763
36_40,3874,38,-0.0007087861886247993,0.02949775569140911,-0.03020654432475567,"[""fixed_close"", -0.06, 0.0]",370,474,764
31_35,3278,31,-0.000877962913364172,0.003684360533952713,-0.004562323447316885,"[""time_fail"", 0.0, 0.0]",74,119,765
26_30,540,28,-0.0011488544987514615,0.0378330834209919,-0.03898194059729576,"[""trailing_close"", 0.0, 0.025]",500,500,766
31_35,4298,33,-0.0011722161434590816,-0.009930861182510853,0.008758646436035633,"[""fixed_close"", -0.02, 0.0]",54,176,767
26_30,2572,30,-0.0012804336147382855,0.03469032421708107,-0.03597075864672661,"[""fixed_close"", -0.02, 0.0]",229,396,768
61_65,3202,63,-0.0015215591993182898,0.03836819902062416,-0.039889752864837646,"[""fixed_close"", -0.06, 0.0]",46,500,769
21_25,592,25,-0.0016112057492136955,0.01159678678959608,-0.013207991607487202,"[""fixed_close"", -0.02, 0.0]",205,236,770
36_40,3802,36,-0.001653744955547154,0.04763760045170784,-0.04929134249687195,"[""trailing_close"", 0.0, 0.025]",66,500,771
36_40,3802,37,-0.001757851685397327,0.05041221156716347,-0.05217006057500839,"[""trailing_close"", 0.0, 0.025]",66,500,772
31_35,954,35,-0.0018076790729537606,0.011033548973500729,-0.012841228395700455,"[""fixed_close"", -0.06, 0.0]",244,500,773
56_60,1708,57,-0.0018747879657894373,0.07131940871477127,-0.07319419831037521,"[""fixed_close"", -0.02, 0.0]",62,117,774
31_35,2412,32,-0.0019170275190845132,0.008533075451850891,-0.010450102388858795,"[""fixed_close"", -0.04, 0.0]",500,500,775
36_40,3802,39,-0.00195489008910954,0.051403388381004333,-0.05335826799273491,"[""trailing_close"", 0.0, 0.025]",66,500,776
36_40,3802,40,-0.00195489008910954,0.05291150137782097,-0.05486638844013214,"[""trailing_close"", 0.0, 0.025]",66,500,777
51_55,3138,52,-0.001983309630304575,0.007977663539350033,-0.00996097270399332,"[""trailing_close"", 0.0, 0.05]",500,500,778
51_55,3138,51,-0.0019939683843404055,0.006850807927548885,-0.008844777941703796,"[""trailing_close"", 0.0, 0.05]",500,500,779
36_40,3802,38,-0.002012184588238597,0.05045019090175629,-0.0524623766541481,"[""trailing_close"", 0.0, 0.025]",66,500,780
36_40,3874,36,-0.002115038223564625,0.02908039093017578,-0.03119543194770813,"[""fixed_close"", -0.06, 0.0]",370,474,781
51_55,3138,53,-0.002150068525224924,0.008778976276516914,-0.010929044336080551,"[""trailing_close"", 0.0, 0.05]",500,500,782
51_55,3138,54,-0.002186540514230728,0.008285644464194775,-0.010472186841070652,"[""trailing_close"", 0.0, 0.05]",500,500,783
26_30,540,29,-0.002226080046966672,0.04930055886507034,-0.051526643335819244,"[""trailing_close"", 0.0, 0.025]",500,500,784
51_55,3138,55,-0.002423039870336652,0.007557237520813942,-0.009980276226997375,"[""trailing_close"", 0.0, 0.05]",500,500,785
46_50,974,48,-0.0024412560742348433,-0.0024412560742348433,0.0,"[""hold"", 0.0, 0.0]",81,72,786
21_25,592,24,-0.002482364187017083,0.00683484086766839,-0.009317205287516117,"[""fixed_close"", -0.02, 0.0]",205,236,787
61_65,3202,64,-0.002557039028033614,0.037345029413700104,-0.03990206867456436,"[""fixed_close"", -0.06, 0.0]",46,500,788
56_60,1708,58,-0.0026723844930529594,0.06425148993730545,-0.06692387163639069,"[""fixed_close"", -0.02, 0.0]",62,117,789
26_30,3202,28,-0.0026753454003483057,0.009430297650396824,-0.012105646543204784,"[""fixed_close"", -0.04, 0.0]",59,500,790
31_35,1224,35,-0.0028646045830100775,0.005699910223484039,-0.008564514108002186,"[""fixed_close"", -0.04, 0.0]",500,500,791
21_25,452,25,-0.00296015408821404,0.004511787090450525,-0.007471940014511347,"[""fixed_close"", -0.02, 0.0]",500,500,792
21_25,756,24,-0.0029797181487083435,-0.0029797181487083435,0.0,"[""hold"", 0.0, 0.0]",141,123,793
36_40,1122,36,-0.0031412530224770308,0.00693933293223381,-0.01008058525621891,"[""fixed_close"", -0.06, 0.0]",66,113,794
31_35,3278,33,-0.003188200993463397,0.0010221308330073953,-0.0042103310115635395,"[""time_fail"", 0.0, 0.0]",74,119,795
31_35,4298,35,-0.003272603964433074,0.0007310244254767895,-0.004003629088401794,"[""fixed_close"", -0.02, 0.0]",54,176,796
21_25,452,24,-0.0033502383157610893,0.004619208630174398,-0.0079694464802742,"[""fixed_close"", -0.02, 0.0]",500,500,797
46_50,1698,47,-0.0033506257459521294,0.025893574580550194,-0.029244201257824898,"[""fixed_close"", -0.02, 0.0]",339,365,798
21_25,3662,25,-0.0035411666613072157,0.01026710495352745,-0.01380827184766531,"[""fixed_close"", -0.02, 0.0]",72,149,799
46_50,1698,49,-0.003561090910807252,0.02434828132390976,-0.027909372001886368,"[""fixed_close"", -0.02, 0.0]",339,365,800
46_50,1698,48,-0.003636455861851573,0.02384532429277897,-0.02748177759349346,"[""fixed_close"", -0.02, 0.0]",339,365,801
46_50,1698,50,-0.00378250190988183,0.024621862918138504,-0.028404364362359047,"[""fixed_close"", -0.02, 0.0]",339,365,802
31_35,2412,31,-0.0038438518531620502,0.006764486897736788,-0.010608337819576263,"[""fixed_close"", -0.04, 0.0]",500,500,803
36_40,1698,40,-0.0038455729372799397,0.024470973759889603,-0.028316546231508255,"[""fixed_close"", -0.02, 0.0]",339,365,804
26_30,3202,29,-0.003914778586477041,0.011169109493494034,-0.015083886682987213,"[""fixed_close"", -0.04, 0.0]",59,500,805
31_35,1224,34,-0.003971773665398359,0.003117274260148406,-0.007089046761393547,"[""fixed_close"", -0.04, 0.0]",500,500,806
31_35,2412,35,-0.0040414887480437756,0.0077269840985536575,-0.011768472380936146,"[""fixed_close"", -0.04, 0.0]",500,500,807
46_50,1698,46,-0.004044733941555023,0.024518262594938278,-0.02856299839913845,"[""fixed_close"", -0.02, 0.0]",339,365,808
56_60,1708,56,-0.004119763616472483,0.06558340787887573,-0.06970316916704178,"[""fixed_close"", -0.02, 0.0]",62,117,809
41_45,574,43,-0.0041701230220496655,0.04872985556721687,-0.05289997532963753,"[""fixed_close"", -0.02, 0.0]",500,500,810
31_35,3278,32,-0.004212906118482351,0.0018567213555797935,-0.006069628521800041,"[""time_fail"", 0.0, 0.0]",74,119,811
21_25,452,22,-0.004329781047999859,-0.00042517425026744604,-0.0039046071469783783,"[""fixed_close"", -0.02, 0.0]",500,500,812
31_35,4298,34,-0.004428284242749214,-0.006845128256827593,0.0024168447125703096,"[""fixed_close"", -0.02, 0.0]",54,176,813
36_40,1698,38,-0.00442950613796711,0.023087477311491966,-0.027516981586813927,"[""fixed_close"", -0.02, 0.0]",339,365,814
56_60,3828,59,-0.004621913190931082,0.061280831694602966,-0.06590274721384048,"[""trailing_close"", 0.0, 0.025]",257,167,815
31_35,1224,33,-0.004702411126345396,-0.00016264153236988932,-0.004539769142866135,"[""fixed_close"", -0.04, 0.0]",500,500,816
36_40,1698,37,-0.004705676808953285,0.0232660211622715,-0.027971696108579636,"[""fixed_close"", -0.02, 0.0]",339,365,817
36_40,1698,39,-0.004749196115881205,0.023210544139146805,-0.02795974165201187,"[""fixed_close"", -0.02, 0.0]",339,365,818
31_35,2412,33,-0.0047559598460793495,0.004489088896661997,-0.009245047345757484,"[""fixed_close"", -0.04, 0.0]",500,500,819
21_25,452,23,-0.004870677832514048,0.010242188349366188,-0.015112865716218948,"[""fixed_close"", -0.02, 0.0]",500,500,820
36_40,1698,36,-0.005078714340925217,0.02396942861378193,-0.029048142954707146,"[""fixed_close"", -0.02, 0.0]",339,365,821
46_50,828,46,-0.0051272218115627766,-0.00026910373708233237,-0.004858117550611496,"[""trailing_close"", 0.0, 0.025]",81,156,822
31_35,1224,31,-0.005180689971894026,-0.0014049654128029943,-0.0037757239770144224,"[""time_fail"", 0.0, 0.0]",500,500,823
56_60,3828,58,-0.005431434139609337,0.059988100081682205,-0.06541953235864639,"[""trailing_close"", 0.0, 0.025]",260,167,824
56_60,3828,57,-0.005460498854517937,0.05767529085278511,-0.0631357952952385,"[""trailing_close"", 0.0, 0.025]",261,167,825
46_50,974,50,-0.005608547478914261,-0.005608547478914261,0.0,"[""hold"", 0.0, 0.0]",81,72,826
56_60,3828,56,-0.005730871576815844,0.05745379999279976,-0.06318466365337372,"[""trailing_close"", 0.0, 0.025]",262,167,827
46_50,828,47,-0.006209561135619879,-0.006209561135619879,0.0,"[""hold"", 0.0, 0.0]",81,156,828
31_35,1224,32,-0.006271847523748875,-0.0006901865126565099,-0.005581662058830261,"[""time_fail"", 0.0, 0.0]",500,500,829
26_30,3202,26,-0.006380717735737562,0.009069089777767658,-0.015449807047843933,"[""fixed_close"", -0.06, 0.0]",59,500,830
21_25,756,23,-0.006589602213352919,-0.006589602213352919,0.0,"[""hold"", 0.0, 0.0]",141,123,831
21_25,452,21,-0.006592972204089165,-0.0023545336443930864,-0.004238437861204147,"[""fixed_close"", -0.02, 0.0]",500,500,832
36_40,1478,37,-0.006846898701041937,0.03918999806046486,-0.04603689908981323,"[""time_fail"", 0.0, 0.0]",48,108,833
31_35,2412,34,-0.007042336743324995,0.0074069746769964695,-0.01444931235164404,"[""fixed_close"", -0.04, 0.0]",500,500,834
21_25,756,21,-0.007093335036188364,-0.007093335036188364,0.0,"[""hold"", 0.0, 0.0]",141,123,835
21_25,2144,21,-0.007330949883908033,-0.003019023220986128,-0.004311925731599331,"[""time_fail"", 0.0, 0.0]",215,278,836
46_50,2912,49,-0.00742674944922328,-0.0003003010351676494,-0.007126448210328817,"[""trailing_close"", 0.0, 0.025]",94,84,837
46_50,2912,50,-0.007448280695825815,0.001341541763395071,-0.00878982339054346,"[""trailing_close"", 0.0, 0.025]",94,84,838
46_50,2912,47,-0.007677444256842136,0.0023928664159029722,-0.010070309974253178,"[""trailing_close"", 0.0, 0.025]",94,84,839
46_50,2912,48,-0.007692847400903702,0.0011786666000261903,-0.008871513418853283,"[""trailing_close"", 0.0, 0.025]",94,84,840
46_50,2912,46,-0.007927722297608852,0.0008009529556147754,-0.008728675544261932,"[""trailing_close"", 0.0, 0.025]",94,84,841
21_25,756,22,-0.009200444445014,-0.009200444445014,0.0,"[""hold"", 0.0, 0.0]",141,123,842
31_35,626,35,-0.009232868440449238,0.02494116500020027,-0.034174032509326935,"[""fixed_close"", -0.04, 0.0]",500,500,843
26_30,3202,27,-0.009522424079477787,0.006717281881719828,-0.016239702701568604,"[""fixed_close"", -0.06, 0.0]",59,500,844
21_25,2144,22,-0.009754869155585766,-0.004636794328689575,-0.005118073429912329,"[""time_fail"", 0.0, 0.0]",215,278,845
61_65,1478,65,-0.00977467093616724,0.019138500094413757,-0.028913171961903572,"[""fixed_close"", -0.04, 0.0]",46,108,846
21_25,2144,24,-0.009845993481576443,-0.00796702690422535,-0.0018789657624438405,"[""time_fail"", 0.0, 0.0]",215,278,847
26_30,312,26,-0.010022163391113281,-0.010022163391113281,0.0,"[""hold"", 0.0, 0.0]",34,154,848
21_25,2144,23,-0.010537322610616684,-0.0059868767857551575,-0.004550446756184101,"[""time_fail"", 0.0, 0.0]",215,278,849
31_35,592,32,-0.01059633307158947,-0.015277054160833359,0.0046807220205664635,"[""fixed_close"", -0.02, 0.0]",205,236,850
36_40,1478,36,-0.010653783567249775,0.030913323163986206,-0.041567105799913406,"[""time_fail"", 0.0, 0.0]",48,108,851
21_25,2144,25,-0.010689455084502697,-0.010044454596936703,-0.0006450001383200288,"[""time_fail"", 0.0, 0.0]",215,278,852
46_50,828,48,-0.01070686150342226,-0.01070686150342226,0.0,"[""hold"", 0.0, 0.0]",81,156,853
36_40,1478,40,-0.010715569369494915,0.040520329028367996,-0.051235903054475784,"[""time_fail"", 0.0, 0.0]",48,108,854
36_40,1478,39,-0.010778185911476612,0.039222437888383865,-0.0500006265938282,"[""time_fail"", 0.0, 0.0]",48,108,855
21_25,3212,21,-0.011035600677132607,-0.012181755155324936,0.0011461531976237893,"[""fixed_close"", -0.06, 0.0]",73,318,856
61_65,1478,64,-0.011128965765237808,0.024571038782596588,-0.0357000008225441,"[""fixed_close"", -0.04, 0.0]",47,108,857
36_40,974,37,-0.011631974019110203,-0.011631974019110203,0.0,"[""hold"", 0.0, 0.0]",82,72,858
61_65,1478,62,-0.011646467261016369,0.018494978547096252,-0.030141444876790047,"[""fixed_close"", -0.04, 0.0]",47,108,859
36_40,1478,38,-0.011687072925269604,0.03488025441765785,-0.04656733199954033,"[""time_fail"", 0.0, 0.0]",48,108,860
21_25,3212,23,-0.011738375760614872,-0.01317860372364521,0.0014402311062440276,"[""fixed_close"", -0.06, 0.0]",73,318,861
31_35,592,33,-0.01198632549494505,-0.020095355808734894,0.008109030313789845,"[""fixed_close"", -0.02, 0.0]",205,236,862
31_35,592,35,-0.01208784244954586,-0.01850268617272377,0.006414840929210186,"[""fixed_close"", -0.02, 0.0]",205,236,863
31_35,180,31,-0.012365936301648617,-0.004901324864476919,-0.00746461097151041,"[""fixed_close"", -0.04, 0.0]",500,500,864
36_40,974,36,-0.012606927193701267,-0.012606927193701267,0.0,"[""hold"", 0.0, 0.0]",82,72,865
21_25,3212,22,-0.01282854750752449,-0.01282854750752449,0.0,"[""hold"", 0.0, 0.0]",73,318,866
31_35,180,33,-0.013010405004024506,-0.0012792835477739573,-0.011731120757758617,"[""fixed_close"", -0.04, 0.0]",500,500,867
61_65,1478,63,-0.01304643601179123,0.021553343161940575,-0.034599777311086655,"[""fixed_close"", -0.04, 0.0]",47,108,868
31_35,180,32,-0.013669505715370178,-0.0029385348316282034,-0.01073097437620163,"[""fixed_close"", -0.04, 0.0]",500,500,869
31_35,592,34,-0.013709026388823986,-0.022320954129099846,0.008611929602921009,"[""fixed_close"", -0.02, 0.0]",205,236,870
61_65,1478,61,-0.014205574989318848,0.024644430726766586,-0.038850001990795135,"[""fixed_close"", -0.04, 0.0]",47,108,871
31_35,626,32,-0.014345001429319382,0.023224258795380592,-0.037569258362054825,"[""fixed_close"", -0.06, 0.0]",500,500,872
31_35,180,35,-0.014372474513947964,0.009566400200128555,-0.023938877508044243,"[""fixed_close"", -0.04, 0.0]",500,500,873
31_35,626,34,-0.014424609020352364,0.02264551632106304,-0.03707012161612511,"[""fixed_close"", -0.06, 0.0]",500,500,874
31_35,180,34,-0.015526015311479568,0.006505265366286039,-0.022031281143426895,"[""fixed_close"", -0.04, 0.0]",500,500,875
31_35,626,33,-0.015768995508551598,0.01397699024528265,-0.029745984822511673,"[""fixed_close"", -0.06, 0.0]",500,500,876
51_55,2280,55,-0.016041433438658714,-0.028107652440667152,0.012066224589943886,"[""fixed_close"", -0.06, 0.0]",99,161,877
56_60,394,60,-0.01628178358078003,0.029798831790685654,-0.04608061909675598,"[""fixed_close"", -0.06, 0.0]",70,140,878
21_25,2164,22,-0.016381200402975082,0.008729527704417706,-0.025110729038715363,"[""trailing_close"", 0.0, 0.05]",158,124,879
51_55,838,53,-0.01654047518968582,-0.021225471049547195,0.004684994462877512,"[""fixed_close"", -0.02, 0.0]",83,112,880
31_35,1500,33,-0.016691280528903008,-0.014348842203617096,-0.0023424383252859116,"[""fixed_close"", -0.06, 0.0]",444,500,881
51_55,2280,54,-0.01709746941924095,-0.029995359480381012,0.012897890992462635,"[""fixed_close"", -0.06, 0.0]",99,161,882
21_25,2164,21,-0.01710343360900879,0.006185062695294619,-0.02328849956393242,"[""trailing_close"", 0.0, 0.05]",158,124,883
46_50,828,49,-0.018058113753795624,-0.018058113753795624,0.0,"[""hold"", 0.0, 0.0]",81,156,884
31_35,1610,35,-0.018210627138614655,-0.011193563230335712,-0.007017065305262804,"[""time_fail"", 0.0, 0.0]",247,500,885
31_35,1610,33,-0.01823408715426922,-0.013122547417879105,-0.005111536011099815,"[""time_fail"", 0.0, 0.0]",247,500,886
21_25,3212,24,-0.018339674919843674,-0.013118365779519081,-0.005221307277679443,"[""time_fail"", 0.0, 0.0]",73,318,887
31_35,1500,32,-0.018492717295885086,-0.017803607508540154,-0.0006891103694215417,"[""fixed_close"", -0.06, 0.0]",444,500,888
51_55,2280,53,-0.018603244796395302,-0.031099991872906685,0.012496748007833958,"[""fixed_close"", -0.06, 0.0]",99,161,889
51_55,838,52,-0.018841424956917763,-0.023511499166488647,0.004670074675232172,"[""fixed_close"", -0.02, 0.0]",83,112,890
31_35,1500,31,-0.018888993188738823,-0.01888207532465458,-6.9181483013380785e-06,"[""fixed_close"", -0.06, 0.0]",446,500,891
56_60,394,59,-0.018970349803566933,0.027390632778406143,-0.046360984444618225,"[""fixed_close"", -0.06, 0.0]",70,140,892
51_55,2280,52,-0.01901528611779213,-0.03489977866411209,0.015884490683674812,"[""fixed_close"", -0.06, 0.0]",99,161,893
26_30,312,27,-0.019028568640351295,-0.019028568640351295,0.0,"[""hold"", 0.0, 0.0]",34,154,894
51_55,838,54,-0.019167572259902954,-0.024479029700160027,0.005311455577611923,"[""fixed_close"", -0.02, 0.0]",83,112,895
31_35,1500,34,-0.01933734491467476,-0.018061267212033272,-0.0012760779354721308,"[""fixed_close"", -0.06, 0.0]",444,500,896
51_55,838,55,-0.01934998296201229,-0.02046995982527733,0.0011199741857126355,"[""fixed_close"", -0.02, 0.0]",83,112,897
21_25,3212,25,-0.01941700093448162,-0.01389280240982771,-0.0055241952650249004,"[""time_fail"", 0.0, 0.0]",73,318,898
51_55,838,51,-0.01957527920603752,-0.02620566636323929,0.006630385294556618,"[""fixed_close"", -0.02, 0.0]",83,112,899
56_60,394,58,-0.01990874856710434,0.021275635808706284,-0.04118438437581062,"[""fixed_close"", -0.06, 0.0]",70,140,900
31_35,1610,32,-0.020004453137516975,-0.01674800179898739,-0.0032564580906182528,"[""time_fail"", 0.0, 0.0]",247,500,901
31_35,1610,34,-0.020054666325449944,-0.013051360845565796,-0.007003304548561573,"[""time_fail"", 0.0, 0.0]",247,500,902
31_35,1610,31,-0.020320001989603043,-0.01181806717067957,-0.008501936681568623,"[""time_fail"", 0.0, 0.0]",247,500,903
51_55,2280,51,-0.02058691903948784,-0.03688013553619385,0.016293218359351158,"[""fixed_close"", -0.06, 0.0]",99,161,904
46_50,828,50,-0.02157992124557495,-0.02157992124557495,0.0,"[""hold"", 0.0, 0.0]",81,156,905
51_55,2008,53,-0.02195308916270733,0.005572782829403877,-0.027525870129466057,"[""time_fail"", 0.0, 0.0]",45,164,906
51_55,2008,52,-0.02208293229341507,0.003962021786719561,-0.026044953614473343,"[""time_fail"", 0.0, 0.0]",45,164,907
51_55,2008,51,-0.02239535190165043,0.002577424980700016,-0.02497277781367302,"[""time_fail"", 0.0, 0.0]",45,164,908
56_60,394,57,-0.02240387722849846,0.022486213594675064,-0.04489009454846382,"[""fixed_close"", -0.06, 0.0]",70,140,909
36_40,1732,36,-0.022654611617326736,-0.0011551117058843374,-0.02149949036538601,"[""fixed_close"", -0.06, 0.0]",407,500,910
31_35,1500,35,-0.02270304225385189,-0.022533554583787918,-0.00016948940174188465,"[""fixed_close"", -0.06, 0.0]",444,500,911
56_60,394,56,-0.023337820544838905,0.022852562367916107,-0.04619038477540016,"[""fixed_close"", -0.06, 0.0]",70,140,912
36_40,1732,39,-0.023378819227218628,0.0026820884086191654,-0.026060909032821655,"[""fixed_close"", -0.06, 0.0]",405,500,913
36_40,1732,40,-0.02345266379415989,0.005677851848304272,-0.029130518436431885,"[""fixed_close"", -0.06, 0.0]",405,500,914
36_40,1732,37,-0.023452864959836006,-0.00018068986537400633,-0.02327217534184456,"[""fixed_close"", -0.06, 0.0]",406,500,915
46_50,2376,50,-0.024388303980231285,-0.009591988287866116,-0.014796320348978043,"[""trailing_close"", 0.0, 0.05]",75,171,916
36_40,1732,38,-0.024408625438809395,-0.0004743384779430926,-0.023934291675686836,"[""fixed_close"", -0.06, 0.0]",405,500,917
51_55,2008,54,-0.024454312399029732,0.0050469934940338135,-0.029501302167773247,"[""time_fail"", 0.0, 0.0]",45,164,918
36_40,2376,37,-0.024656830355525017,-0.027399057522416115,0.002742225304245949,"[""trailing_close"", 0.0, 0.05]",75,171,919
36_40,2376,36,-0.02474181540310383,-0.029685502871870995,0.004943684674799442,"[""trailing_close"", 0.0, 0.05]",75,171,920
26_30,312,28,-0.02484239637851715,-0.02484239637851715,0.0,"[""hold"", 0.0, 0.0]",34,154,921
41_45,312,41,-0.02515549771487713,-0.004477040842175484,-0.020678451284766197,"[""time_fail"", 0.0, 0.0]",34,154,922
36_40,2376,38,-0.025310777127742767,-0.028034836053848267,0.0027240565977990627,"[""trailing_close"", 0.0, 0.05]",75,171,923
46_50,2376,46,-0.025997057557106018,-0.023218568414449692,-0.0027784884441643953,"[""trailing_close"", 0.0, 0.05]",75,171,924
36_40,2376,39,-0.02607535757124424,-0.027514571323990822,0.0014392101438716054,"[""trailing_close"", 0.0, 0.05]",75,171,925
36_40,2376,40,-0.026159029453992844,-0.030437549576163292,0.004278520122170448,"[""trailing_close"", 0.0, 0.05]",75,171,926
46_50,2376,48,-0.02637598291039467,-0.013464956544339657,-0.01291103009134531,"[""trailing_close"", 0.0, 0.05]",75,171,927
46_50,2250,46,-0.026437923312187195,-0.009806214831769466,-0.016631711274385452,"[""trailing_close"", 0.0, 0.08]",99,497,928
46_50,2376,49,-0.026462847366929054,-0.010928425937891006,-0.015534426085650921,"[""trailing_close"", 0.0, 0.05]",75,171,929
36_40,974,38,-0.026473719626665115,-0.010150810703635216,-0.01632291078567505,"[""fixed_close"", -0.04, 0.0]",81,72,930
46_50,2376,47,-0.026585591956973076,-0.018556810915470123,-0.0080287866294384,"[""trailing_close"", 0.0, 0.05]",75,171,931
51_55,2008,55,-0.02669670805335045,0.0030739426147192717,-0.02977065183222294,"[""time_fail"", 0.0, 0.0]",45,164,932
46_50,2250,48,-0.02744913101196289,-0.008817184716463089,-0.0186319500207901,"[""trailing_close"", 0.0, 0.08]",99,497,933
36_40,974,40,-0.027769265696406364,7.636716327397153e-05,-0.027845630422234535,"[""fixed_close"", -0.04, 0.0]",81,72,934
36_40,974,39,-0.027955155819654465,-0.006333816796541214,-0.0216213371604681,"[""fixed_close"", -0.04, 0.0]",81,72,935
46_50,2250,50,-0.02812928706407547,-0.00909427460283041,-0.019035013392567635,"[""trailing_close"", 0.0, 0.08]",99,497,936
26_30,1732,26,-0.02833201363682747,-0.010798835195600986,-0.017533177509903908,"[""fixed_close"", -0.04, 0.0]",418,500,937
46_50,2250,49,-0.02868424914777279,-0.009103306569159031,-0.019580941647291183,"[""trailing_close"", 0.0, 0.08]",99,497,938
26_30,1732,27,-0.029332080855965614,-0.009979527443647385,-0.01935255341231823,"[""fixed_close"", -0.06, 0.0]",417,500,939
26_30,1732,28,-0.03041600063443184,-0.009631145745515823,-0.020784853026270866,"[""fixed_close"", -0.06, 0.0]",417,500,940
46_50,2250,47,-0.030425772070884705,-0.010138892568647861,-0.020286882296204567,"[""trailing_close"", 0.0, 0.025]",99,497,941
26_30,1732,30,-0.03050304390490055,-0.013994853012263775,-0.0165081899613142,"[""fixed_close"", -0.04, 0.0]",416,500,942
46_50,974,47,-0.030520014464855194,-0.003993485122919083,-0.026526527479290962,"[""fixed_close"", -0.04, 0.0]",81,72,943
46_50,974,46,-0.030714917927980423,-0.003162810578942299,-0.027552107349038124,"[""fixed_close"", -0.04, 0.0]",81,72,944
26_30,312,29,-0.030889268964529037,-0.030889268964529037,0.0,"[""hold"", 0.0, 0.0]",34,154,945
26_30,1732,29,-0.03134467825293541,-0.012553544715046883,-0.018791131675243378,"[""fixed_close"", -0.04, 0.0]",416,500,946
41_45,312,43,-0.031658776104450226,1.2462191989470739e-05,-0.03167124092578888,"[""time_fail"", 0.0, 0.0]",34,154,947
41_45,312,42,-0.03280790150165558,-0.001957253087311983,-0.030850648880004883,"[""time_fail"", 0.0, 0.0]",34,154,948
61_65,1732,61,-0.03394755721092224,0.006157251540571451,-0.040104806423187256,"[""fixed_close"", -0.06, 0.0]",396,500,949
56_60,312,58,-0.03457071632146835,-0.03457071632146835,0.0,"[""hold"", 0.0, 0.0]",34,154,950
41_45,312,44,-0.03583310544490814,-0.0018534933915361762,-0.033979613333940506,"[""time_fail"", 0.0, 0.0]",34,154,951
56_60,312,60,-0.036840975284576416,-0.036840975284576416,0.0,"[""hold"", 0.0, 0.0]",33,154,952
61_65,1732,62,-0.03727313131093979,0.008933302946388721,-0.046206433326005936,"[""fixed_close"", -0.04, 0.0]",395,500,953
61_65,1732,65,-0.037701670080423355,0.009993416257202625,-0.047695092856884,"[""fixed_close"", -0.06, 0.0]",395,500,954
61_65,1732,64,-0.038171105086803436,0.009488810785114765,-0.047659918665885925,"[""fixed_close"", -0.04, 0.0]",395,500,955
61_65,1732,63,-0.03825343772768974,0.009330688044428825,-0.04758412390947342,"[""fixed_close"", -0.04, 0.0]",395,500,956
56_60,312,59,-0.038641780614852905,-0.038641780614852905,0.0,"[""hold"", 0.0, 0.0]",34,154,957
46_50,2158,50,-0.039175812155008316,-0.039175812155008316,0.0,"[""hold"", 0.0, 0.0]",77,79,958
41_45,312,45,-0.04317765682935715,-0.016665391623973846,-0.026512261480093002,"[""time_fail"", 0.0, 0.0]",34,154,959
36_40,1366,36,-0.04855030030012131,0.08628786355257034,-0.13483816385269165,"[""trailing_close"", 0.0, 0.025]",64,115,960
36_40,1366,37,-0.04855030030012131,0.08947595953941345,-0.13802625238895416,"[""trailing_close"", 0.0, 0.025]",64,115,961
36_40,1366,38,-0.04855030030012131,0.09080996364355087,-0.13936026394367218,"[""trailing_close"", 0.0, 0.025]",64,115,962
36_40,1366,39,-0.04855030030012131,0.08814456313848495,-0.13669487833976746,"[""trailing_close"", 0.0, 0.025]",64,115,963
36_40,1366,40,-0.04855030030012131,0.09859129041433334,-0.14714159071445465,"[""trailing_close"", 0.0, 0.025]",64,115,964
46_50,2158,49,-0.04878704994916916,-0.04878704994916916,0.0,"[""hold"", 0.0, 0.0]",77,79,965
56_60,3690,60,-0.04967375099658966,-0.04967375099658966,0.0,"[""hold"", 0.0, 0.0]",36,54,966
46_50,2158,48,-0.05086461454629898,-0.05086461454629898,0.0,"[""hold"", 0.0, 0.0]",77,79,967
56_60,3690,58,-0.053235139697790146,-0.053235139697790146,0.0,"[""hold"", 0.0, 0.0]",36,54,968
56_60,3690,59,-0.05553504079580307,-0.05553504079580307,0.0,"[""hold"", 0.0, 0.0]",36,54,969
56_60,312,56,-0.05578577518463135,-0.03496561944484711,-0.02082015573978424,"[""time_fail"", 0.0, 0.0]",34,154,970
46_50,2158,47,-0.06084992736577988,-0.06084992736577988,0.0,"[""hold"", 0.0, 0.0]",77,79,971
56_60,312,57,-0.062461040914058685,-0.04190826788544655,-0.02055276930332184,"[""time_fail"", 0.0, 0.0]",34,154,972
46_50,2158,46,-0.06274524331092834,-0.06274524331092834,0.0,"[""hold"", 0.0, 0.0]",77,79,973
56_60,3690,57,-0.07722602784633636,-0.060973867774009705,-0.016252148896455765,"[""fixed_close"", -0.06, 0.0]",36,54,974
56_60,3690,56,-0.07839392125606537,-0.05939949303865433,-0.018994424492120743,"[""fixed_close"", -0.06, 0.0]",36,54,975
