overall_priority,index,side,families,pareto_front,ev_net,lcb95,effective_n,best_horizon,positive_fraction,positive_run,positive_count,horizon_count,median_positive_ev,genome_sha256,shortlist_150,shortlist_200
1,1660,LONG,"['MEAN_REVERSION', 'VOLATILITY', 'RELATIVE_CROSS_SECTIONAL']",1,0.43833890557289124,0.19253053935874073,58,63,1.0,9,9,9,0.07649620622396469,0a16afd75c667d8672dd278ab8c4903061efd61c9135e8ad7bf5ee2aa329e970,True,True
2,3202,LONG,"['MEAN_REVERSION', 'VOLUME_LIQUIDITY', 'RELATIVE_CROSS_SECTIONAL', 'MARKET_REGIME_STRUCTURE']",2,0.16745580732822418,0.093547676119126,119,63,0.8888888888888888,8,8,9,0.04314573481678963,743197681306195d97291074e9e594318dfa9f2c2ffa9a6f75ee8b50d1d771c4,True,True
3,1006,LONG,"['MOMENTUM', 'MEAN_REVERSION', 'MARKET_REGIME_STRUCTURE']",2,0.16143369674682617,0.11963393534287894,111,63,0.8888888888888888,8,8,9,0.03054729290306568,318f35cf13f3141c2991bcc5d137a7a05c110e92864d3ea1511024c3c3c82ac9,True,True
4,312,LONG,"['BREAKOUT', 'TREND']",2,0.17545877397060394,0.009569845270647609,67,63,0.8888888888888888,8,8,9,0.04252602905035019,2d307257989d053cde55e4c0236c8a07a8f7f20961b25651fc53dbc6557d84ff,True,True
5,2574,LONG,"['BREAKOUT', 'TREND', 'MEAN_REVERSION', 'VOLUME_LIQUIDITY']",2,0.1772063970565796,0.04717810145075002,168,63,0.7777777777777778,7,7,9,0.008686565794050694,1a60d5c6d7fb9e9315b9f8185ebe54b5532e5279c02fe3c02e530532e5247089,True,True
6,2340,LONG,"['MOMENTUM', 'MEAN_REVERSION', 'VOLATILITY', 'VOLUME_LIQUIDITY']",3,0.09812495112419128,0.026242767328369138,158,63,0.8888888888888888,8,8,9,0.010876764543354511,09dc9603de5573991f1706ef049d81464a9d9c2e18652c2c11f45601212f56bb,True,True
7,2992,LONG,"['TREND', 'MEAN_REVERSION', 'VOLATILITY', 'MARKET_REGIME_STRUCTURE']",3,0.11624925583600998,0.08067967436686749,353,63,0.7777777777777778,7,7,9,0.00749440211802721,53847924abd9a117a557649f28ca9714a5563b15cfc1f3c077c7890320aa1dfb,True,True
8,1732,LONG,"['MEAN_REVERSION', 'VOLUME_LIQUIDITY', 'MARKET_REGIME_STRUCTURE']",3,0.12140214443206787,0.05654923715533211,145,63,0.7777777777777778,7,7,9,0.031811606138944626,df44b2061709f9e35be34c3a2ea4c4cec4b960d2877b397faf1d0bd46306178e,True,True
9,1482,LONG,"['TREND', 'MEAN_REVERSION', 'RELATIVE_CROSS_SECTIONAL']",3,0.16019096970558167,0.09637814581894803,224,63,0.6666666666666666,6,6,9,0.026584690436720848,11a6b7f81c8e21ce170a9eda8e8171a09457e8e36e71102be96a288c8b73bb6a,True,True
10,540,LONG,"['MEAN_REVERSION', 'VOLUME_LIQUIDITY']",4,0.10996558517217636,0.07841814823133056,967,63,0.7777777777777778,7,7,9,0.009230774827301502,c6cd2cf581060cc0f79b330599082fdc881828beffa72feb6a3f8e61c32f8a2b,True,True
11,558,LONG,"['MEAN_REVERSION', 'VOLUME_LIQUIDITY']",4,0.10755832493305206,0.08156309925151965,679,63,0.6666666666666666,6,6,9,0.01805856265127659,ed6fafa1ea2b2517cc14477f84b57ca55fc357f761f9e9fdc49147bb695a77dd,True,True
12,1952,LONG,"['MOMENTUM', 'BREAKOUT', 'MEAN_REVERSION', 'VOLATILITY']",4,0.11508181691169739,0.04681853553007122,92,63,0.6666666666666666,6,6,9,0.03490201756358147,14e3149f2f0aa0f24e3901aaa38e47a203065b35555893249109004e86ad722f,True,True
13,394,LONG,"['BREAKOUT', 'RELATIVE_CROSS_SECTIONAL']",4,0.12172340601682663,0.06061254843570934,85,63,0.5555555555555556,5,5,9,0.020349033176898956,a06143de73ea83fd6a3a58e233ac7a9fe880426508b51e2dacc4c306cf4e1d00,True,True
14,458,LONG,"['TREND', 'VOLATILITY']",4,0.12172118574380875,0.07821450814571733,270,63,0.4444444444444444,4,4,9,0.025100240483880043,8151691d5bfe0bad8186051b73ed884cd4881c89604fd5727d780046a7e5c4b2,True,True
15,1576,LONG,"['TREND', 'VOLATILITY', 'MARKET_REGIME_STRUCTURE']",4,0.1312878578901291,0.07363191836977215,120,63,0.4444444444444444,4,4,9,0.0281487088650465,859f278d89ff4f4485fe6a5dedc3d716cd25075b6c76aeb96f8a7f769e6257ea,True,True
16,586,LONG,"['MEAN_REVERSION', 'MARKET_REGIME_STRUCTURE']",5,0.09181196987628937,0.06918843339776491,520,63,0.7777777777777778,7,7,9,0.021998029202222824,cfac1daa7cf00b8423843e5d843bcc979cb34b58d2bfc5ba3ce785818dfdc41f,True,True
17,2254,LONG,"['MOMENTUM', 'TREND', 'VOLATILITY', 'RELATIVE_CROSS_SECTIONAL']",5,0.09826215356588364,0.04599758909371893,101,63,0.7777777777777778,7,7,9,0.006852294318377972,2a792579244e4f78b16d6cd955987cb33a5d2e75fab11091d62371471fd3bd26,True,True
18,4320,LONG,"['TREND', 'VOLATILITY', 'VOLUME_LIQUIDITY', 'RELATIVE_CROSS_SECTIONAL', 'MARKET_REGIME_STRUCTURE']",5,0.10952793806791306,0.07287873617105725,300,63,0.6666666666666666,6,6,9,0.027182133868336678,dbafe490f2eda2aad4ea7a857cf900e82d2f22cc68c86202fc38619466210d17,True,True
19,1478,LONG,"['TREND', 'MEAN_REVERSION', 'VOLUME_LIQUIDITY']",5,0.1102042868733406,0.00707289628242859,109,63,0.6666666666666666,6,6,9,0.033845677971839905,f6e919a5948e9da52f6bf461f729830d57fcfc94c6adaf69d38bb41b113d2a86,True,True
20,3874,LONG,"['MOMENTUM', 'MEAN_REVERSION', 'VOLATILITY', 'VOLUME_LIQUIDITY', 'MARKET_REGIME_STRUCTURE']",5,0.11021305620670319,0.07659229485932187,285,63,0.4444444444444444,4,4,9,0.017413321882486343,f4e760191e69fa1c6319a7966db6c821b8e0d1420296822f873423397892bf17,True,True
21,3168,LONG,"['MEAN_REVERSION', 'VOLATILITY', 'VOLUME_LIQUIDITY', 'MARKET_REGIME_STRUCTURE']",5,0.11066089570522308,0.06531707828982736,135,63,0.4444444444444444,4,4,9,0.004913607612252235,607be2ae852e3ef7a4cd3d75796890a5a60261f47a10b939b0b81a8f81441c53,True,True
22,2100,LONG,"['MOMENTUM', 'BREAKOUT', 'VOLUME_LIQUIDITY', 'MARKET_REGIME_STRUCTURE']",5,0.11096269637346268,0.04258411809535652,70,63,0.4444444444444444,4,4,9,0.028373057022690773,ea8019582e1a349e801f2b425c2923d386b771ae6b433809d24ae8b596514804,True,True
23,2234,LONG,"['MOMENTUM', 'TREND', 'VOLATILITY', 'VOLUME_LIQUIDITY']",6,0.07087614387273788,0.04107664713040633,518,63,0.7777777777777778,7,7,9,0.020342357456684113,18bafb3340792562068b0e1debf9259b3e04995911870f21b412a6ed5531b25a,True,True
24,1998,LONG,"['MOMENTUM', 'BREAKOUT', 'MEAN_REVERSION', 'RELATIVE_CROSS_SECTIONAL']",6,0.07110758870840073,0.004349969175951415,91,63,0.7777777777777778,7,7,9,0.0074632479809224606,4d5111513df8ab72c5325b295c1465a39cfa57e8c032e95577844d0bebbecf12,True,True
25,426,LONG,"['TREND', 'MEAN_REVERSION']",6,0.09548705071210861,0.07281228250697387,684,63,0.6666666666666666,6,6,9,0.017059512436389923,0c1df3cda7d95e1c09cfc1abc85e96d1be4bba980221d8bf7940543c8fa4d479,True,True
26,1644,LONG,"['MEAN_REVERSION', 'VOLATILITY', 'VOLUME_LIQUIDITY']",6,0.10327910631895065,0.053252712141759986,167,63,0.6666666666666666,6,6,9,0.01630488783121109,0d3b737dc4d2e1014f68eaeaf679d880c7a436aa479084764b229d79854c8049,True,True
27,574,LONG,"['MEAN_REVERSION', 'RELATIVE_CROSS_SECTIONAL']",6,0.09988430142402649,0.06182285116060858,477,63,0.5555555555555556,5,5,9,0.012516438029706478,a58393e6bc84f69d7bfe83ef4b9fcddb3b6c2f9ff969a34254fef2ca1291fab7,True,True
28,1044,LONG,"['MOMENTUM', 'VOLATILITY', 'RELATIVE_CROSS_SECTIONAL']",6,0.09700466692447662,0.06301067817197815,467,63,0.5555555555555556,5,5,9,0.0161590538918972,3df804e0e9ab986ec57237c06ce6e2231909e3b4ef0e48018bc3264b67462c15,True,True
29,706,LONG,"['RELATIVE_CROSS_SECTIONAL', 'MARKET_REGIME_STRUCTURE']",6,0.10055826604366302,0.05982511563486077,169,63,0.5555555555555556,5,5,9,0.03719354793429375,efb85b72f0cc2b7ca3dc0e51ecf8c8f9e867830e66f0adf159f28bc9f2618fec,True,True
30,1010,LONG,"['MOMENTUM', 'MEAN_REVERSION', 'MARKET_REGIME_STRUCTURE']",6,0.10603597015142441,0.04565225680084066,84,63,0.5555555555555556,4,5,9,0.021029753610491753,298fb130f22d2871d65b7ff95d81f05890efc3c13df820a03d3f325881b095b5,True,True
31,1392,LONG,"['BREAKOUT', 'VOLUME_LIQUIDITY', 'RELATIVE_CROSS_SECTIONAL']",6,0.0957222580909729,0.07315568419529675,293,63,0.4444444444444444,4,4,9,0.03262007236480713,214fd30e8f35e36fb963a8709a32b16c0f4c099b282b4c505db24f459bc75d76,True,True
32,1008,LONG,"['MOMENTUM', 'MEAN_REVERSION', 'MARKET_REGIME_STRUCTURE']",6,0.10942963510751724,0.03895151398044776,158,63,0.4444444444444444,4,4,9,0.059832774102687836,209970243ace57298941d846015233816052645720d0da8593981c4373cd3c8e,True,True
33,3926,LONG,"['MOMENTUM', 'VOLATILITY', 'VOLUME_LIQUIDITY', 'RELATIVE_CROSS_SECTIONAL', 'MARKET_REGIME_STRUCTURE']",6,0.09999661147594452,0.06214051602115767,101,63,0.3333333333333333,3,3,9,0.027627596631646156,6ac1e8a18a945b635343c0453133caf1cab95ac254864036fbb9a7365d9acfef,True,True
34,2182,LONG,"['MOMENTUM', 'TREND', 'MEAN_REVERSION', 'RELATIVE_CROSS_SECTIONAL']",7,0.0706971287727356,0.030855976701950012,191,63,0.7777777777777778,7,7,9,0.012879320420324802,01de990caa6cafbe075b1d60655d197539b79ee59bdde7bd8fd781c9377e8346,True,True
35,1034,LONG,"['MOMENTUM', 'VOLATILITY', 'VOLUME_LIQUIDITY']",7,0.07646805047988892,0.05095156165043167,638,63,0.6666666666666666,6,6,9,0.02493358589708805,97fd91d7717dea0963c2611efa56a914fef7ba9c7e7c0fd126b179841b7ec4fa,True,True
36,2800,LONG,"['BREAKOUT', 'MEAN_REVERSION', 'VOLUME_LIQUIDITY', 'RELATIVE_CROSS_SECTIONAL']",7,0.07536591589450836,0.05996525499096146,629,63,0.6666666666666666,6,6,9,0.02131996676325798,e000e17abb384a88d07282c113d971498363830213182dbbddcca7d3eb729298,True,True
37,3820,LONG,"['MOMENTUM', 'TREND', 'VOLUME_LIQUIDITY', 'RELATIVE_CROSS_SECTIONAL', 'MARKET_REGIME_STRUCTURE']",7,0.08475155383348465,0.04346564396697216,118,63,0.6666666666666666,6,6,9,0.0390339232981205,a1c71a969497aa832ead37d3c48a89cb0d7b79366fbc970aa6552e78ca91d006,True,True
38,2488,LONG,"['MOMENTUM', 'VOLATILITY', 'VOLUME_LIQUIDITY', 'MARKET_REGIME_STRUCTURE']",7,0.10314365476369858,0.019110294054143523,22,63,0.6666666666666666,6,6,9,0.0293886736035347,ff5a0910a7d9c50bbb8e0f3608bf2947acb1139d06c687f1d1f87a31df90be50,True,True
39,438,LONG,"['TREND', 'MEAN_REVERSION']",7,0.07814878225326538,0.055291180974927884,619,63,0.5555555555555556,5,5,9,0.016837378963828087,49e17b0955486c8072c46eee9b1e4da490bdd0c0b5a7e178be2cec00eff81a05,True,True
40,3656,LONG,"['MOMENTUM', 'TREND', 'MEAN_REVERSION', 'VOLATILITY', 'VOLUME_LIQUIDITY']",7,0.09961928427219391,0.05527319988530753,120,63,0.5555555555555556,5,5,9,0.011644242331385612,2ea581d27c8e062a2e188f0c7309844e4b8cdbc223786e3a922490a1b8460989,True,True
41,272,LONG,"['MOMENTUM', 'RELATIVE_CROSS_SECTIONAL']",7,0.08940295875072479,0.06528405980909636,503,63,0.4444444444444444,4,4,9,0.01951553300023079,c7e53dfa28c006c13122e4a0bdc6c8fe14116ed14027841ec05267fae1fa0c2f,True,True
42,2620,LONG,"['BREAKOUT', 'TREND', 'VOLATILITY', 'VOLUME_LIQUIDITY']",7,0.10203926265239716,0.052299471623411635,147,63,0.4444444444444444,4,4,9,0.037475861608982086,098767e3e28febfae62b50e830c054ec570b1009907d59ed7f63b333837a0b16,True,True
43,4174,LONG,"['BREAKOUT', 'MEAN_REVERSION', 'VOLATILITY', 'VOLUME_LIQUIDITY', 'MARKET_REGIME_STRUCTURE']",7,0.09091757982969284,0.05641344273411219,131,63,0.2222222222222222,2,2,9,0.09091757982969284,74f1594433c8c42b0676c854157c73e00252de3e37422124ca0fb06e38b4fb50,True,True
44,180,LONG,"['MOMENTUM', 'TREND']",8,0.0662771686911583,0.02804480872127839,355,63,0.7777777777777778,7,7,9,0.01836334727704525,fbd2c6e12936ac0e8ddae6b50f29947c0b03f3d90d90bb733f90b94f323745b2,True,True
45,1734,LONG,"['MEAN_REVERSION', 'VOLUME_LIQUIDITY', 'MARKET_REGIME_STRUCTURE']",8,0.07320000231266022,0.053240727637989226,406,63,0.6666666666666666,6,6,9,0.01585015095770359,fbfd23b8cc82ed06055d4e39723e0a3a08299c0a546603bf14b0c06a1b93361b,True,True
46,1570,LONG,"['TREND', 'VOLATILITY', 'MARKET_REGIME_STRUCTURE']",8,0.07556340843439102,0.03869864459191673,247,63,0.6666666666666666,6,6,9,0.0379820354282856,d3ea2629407f624e1fa0cb3eb8cf2856da612b16835f8981ca95ca281f70923e,True,True
47,2160,LONG,"['MOMENTUM', 'TREND', 'MEAN_REVERSION', 'VOLUME_LIQUIDITY']",8,0.08114003390073776,0.029511161745684945,226,63,0.6666666666666666,6,6,9,0.005304788704961538,505ab2b30ffaf890fb91d3850d60b18a662e10995eb55344804bd7c290110d27,True,True
48,1648,LONG,"['MEAN_REVERSION', 'VOLATILITY', 'VOLUME_LIQUIDITY']",8,0.07859160006046295,0.05477098135665478,422,63,0.5555555555555556,5,5,9,0.01588125340640545,e0125048cf0d368b9fc30e99b483eb275abd26eb27cadd2737cf165693dd0522,True,True
49,54,LONG,['TREND'],8,0.08837614208459854,0.04888435415704379,307,63,0.5555555555555556,5,5,9,0.02014986053109169,1de9a8b36ff05b465946b2dfaf03c0542593d09e32a6b81ec2cb3bbb6587557f,True,True
50,1426,LONG,"['BREAKOUT', 'RELATIVE_CROSS_SECTIONAL', 'MARKET_REGIME_STRUCTURE']",8,0.09113719314336777,0.042194503368746604,92,63,0.5555555555555556,5,5,9,0.026256659999489784,e1d1ff73b3951dcadc9f668b1b165708e6172d01b66d06544840a6ac23dacf6f,True,True
51,522,LONG,"['MEAN_REVERSION', 'VOLATILITY']",8,0.08811672031879425,0.055691633959769456,705,63,0.4444444444444444,4,4,9,0.015796629711985588,41a0be70c1ba351cdaa266f56b6e7166553416713882e31fc85ad89497408adb,True,True
52,668,LONG,"['VOLUME_LIQUIDITY', 'RELATIVE_CROSS_SECTIONAL']",8,0.0802493765950203,0.05839050038490951,634,63,0.4444444444444444,4,4,9,0.02337827906012535,24237f554e891e2624c33b18dfc5d3c0f92daf6d853a9b3e5c69a81d4b3982fd,True,True
53,1692,LONG,"['MEAN_REVERSION', 'VOLATILITY', 'MARKET_REGIME_STRUCTURE']",8,0.09698689728975296,0.031983367863217566,210,63,0.4444444444444444,4,4,9,0.02408294752240181,cf85337e89362ee3ecdfe04c8b81a7fe1bdc199530330d9ea5f1be6e35c92288,True,True
54,2906,LONG,"['BREAKOUT', 'VOLATILITY', 'RELATIVE_CROSS_SECTIONAL', 'MARKET_REGIME_STRUCTURE']",8,0.1007707417011261,0.029605100860410224,184,63,0.4444444444444444,4,4,9,0.025774594396352768,4c42622f0d8c9c6bc0b46eca59135b381ed9eb54d0b131119787221897ded6df,True,True
55,802,LONG,"['MOMENTUM', 'BREAKOUT', 'RELATIVE_CROSS_SECTIONAL']",8,0.09680373966693878,0.049530344033595984,128,63,0.4444444444444444,4,4,9,0.02335631474852562,606926b0aa6cf008513408b45dea8c94fe1bf52d7f9ea09496094b9fd3486fd7,True,True
56,3662,LONG,"['MOMENTUM', 'TREND', 'MEAN_REVERSION', 'VOLATILITY', 'RELATIVE_CROSS_SECTIONAL']",8,0.09711384028196335,0.05045725430560074,85,63,0.2222222222222222,2,2,9,0.09711384028196335,57b310143fa5e25d2ce8119742859d01c1eb9c7846fa7e3de9c11a42d87cac24,True,True
57,1922,LONG,"['MOMENTUM', 'BREAKOUT', 'TREND', 'MARKET_REGIME_STRUCTURE']",9,0.0636332780122757,0.020626981229753656,121,63,0.7777777777777778,7,7,9,0.011538770981132984,cb4ed71f7c9050b2f19638269e50b792b7fb496b12e47ddbffe8bc12594fca49,True,True
58,1140,LONG,"['BREAKOUT', 'TREND', 'MEAN_REVERSION']",9,0.06911823153495789,0.047558902228817486,163,63,0.6666666666666666,6,6,9,0.018584057688713074,9b4e526dd210d3e38bfd1e4410e3fd731013fdaa80b5c7c583c4a8f2580c7916,True,True
59,1490,LONG,"['TREND', 'MEAN_REVERSION', 'RELATIVE_CROSS_SECTIONAL']",9,0.07307080179452896,0.020518174133547465,150,63,0.6666666666666666,6,6,9,0.01946420408785343,ee9e6052e98dded9500fa03762042b2d3da6d828d96dd6789fe89831143988c7,True,True
60,988,LONG,"['MOMENTUM', 'MEAN_REVERSION', 'RELATIVE_CROSS_SECTIONAL']",9,0.06512587517499924,0.049921366223428784,656,63,0.5555555555555556,5,5,9,0.012489056214690208,006e8c95d34799d7e5e8f59a51ce27642892c1668f5cffb872a9b61578dc6dc3,True,True
61,992,LONG,"['MOMENTUM', 'MEAN_REVERSION', 'RELATIVE_CROSS_SECTIONAL']",9,0.07054772973060608,0.049281635251769235,474,63,0.5555555555555556,5,5,9,0.014407134614884853,4c578526769e72edcaa53ece91c2db7407a48a9c8a9b4639068b977fd7100764,True,True
62,1562,LONG,"['TREND', 'VOLATILITY', 'MARKET_REGIME_STRUCTURE']",9,0.07665295153856277,0.048487600853779574,354,63,0.5555555555555556,5,5,9,0.012078426778316498,74a798353f0d917518f6c32b63aedbd48b25032f00583e8c7e84c8905e059f3b,True,True
63,250,LONG,"['MOMENTUM', 'VOLUME_LIQUIDITY']",9,0.08748707920312881,0.0474405347298411,178,63,0.5555555555555556,5,5,9,0.01304672658443451,5d4d65074ea14e16966f44bbe1936af6acc546f5164851e9e14c7b5403dd4525,True,True
64,4298,LONG,"['TREND', 'MEAN_REVERSION', 'VOLATILITY', 'RELATIVE_CROSS_SECTIONAL', 'MARKET_REGIME_STRUCTURE']",9,0.08884231746196747,0.04105470666094287,149,63,0.5555555555555556,4,5,9,0.01873379573225975,867adbaf001887eae5b45f0cea64dd2a1e6992c334ddc673983c16b18e0e2f68,True,True
65,68,LONG,['MEAN_REVERSION'],9,0.07371639460325241,0.05652248064631944,790,63,0.4444444444444444,4,4,9,0.01646485924720764,b523c5370c433490e4086bd281410aa973a982c0ed80529cc36b7fc97cbb754b,True,True
66,2202,LONG,"['MOMENTUM', 'TREND', 'MEAN_REVERSION', 'MARKET_REGIME_STRUCTURE']",9,0.08557646721601486,0.05055028588952053,383,63,0.4444444444444444,4,4,9,0.022412722930312157,d623f5b261445ea83d3ec189fe2a19d2bbf9d2f35c6b3123132264e3a4ee348e,True,True
67,2720,LONG,"['BREAKOUT', 'TREND', 'RELATIVE_CROSS_SECTIONAL', 'MARKET_REGIME_STRUCTURE']",9,0.07887351512908936,0.053463966928532905,377,63,0.4444444444444444,4,4,9,0.015810353681445122,1f24903158eff524b8b785cf5622f27afe989026806987193ddab88757405877,True,True
68,3572,LONG,"['MOMENTUM', 'BREAKOUT', 'VOLATILITY', 'VOLUME_LIQUIDITY', 'RELATIVE_CROSS_SECTIONAL']",9,0.09424199908971786,0.04686884409007986,110,63,0.4444444444444444,4,4,9,0.014457657001912594,e419ab04543123014c63fae100b8c24913a6c4a0ee59f7c038fdd332434e9571,True,True
69,692,LONG,"['VOLUME_LIQUIDITY', 'MARKET_REGIME_STRUCTURE']",9,0.0776214599609375,0.05786695187515091,558,63,0.3333333333333333,3,3,9,0.00827399268746376,df8fe32c0e3d091255c4a440733267fe44d4a51b57abe10b838cb1854864d727,True,True
70,1014,LONG,"['MOMENTUM', 'MEAN_REVERSION', 'MARKET_REGIME_STRUCTURE']",10,0.053745198994874954,0.019169137757349762,259,63,0.7777777777777778,7,7,9,0.009236438199877739,f67fe84f409ee509d44635b5ecf03a03884cbdbca6ac5891f3c8337645734aa2,True,True
71,1584,LONG,"['TREND', 'VOLUME_LIQUIDITY', 'RELATIVE_CROSS_SECTIONAL']",10,0.06733226031064987,0.037226528910479575,364,63,0.6666666666666666,6,6,9,0.019894862547516823,4997df5682e2e9937ccef387eb88c609eb805ea9801de0e65c9676d8c2ff5400,True,True
72,2124,LONG,"['MOMENTUM', 'BREAKOUT', 'RELATIVE_CROSS_SECTIONAL', 'MARKET_REGIME_STRUCTURE']",10,0.06606367975473404,0.04576095171623728,285,63,0.6666666666666666,6,6,9,0.028837090358138084,b099ff769402aecb71004d85e2743a07b579df9c39ebdabe5a042ffd9430afc9,True,True
73,3002,LONG,"['TREND', 'MEAN_REVERSION', 'VOLUME_LIQUIDITY', 'RELATIVE_CROSS_SECTIONAL']",10,0.06549803167581558,0.04719486389041943,705,63,0.5555555555555556,5,5,9,0.015786726027727127,53cefb3f01563a42f65097623b9e384a103ae3f216d8bff4efac3a921961868c,True,True
74,474,LONG,"['TREND', 'VOLUME_LIQUIDITY']",10,0.06859879940748215,0.044666398305112584,670,63,0.5555555555555556,5,5,9,0.01775764487683773,e469d9af90ab839d54301de495f25b759922744ef1b401a98b180c2e95b9024c,True,True
75,1030,LONG,"['MOMENTUM', 'VOLATILITY', 'VOLUME_LIQUIDITY']",10,0.07459309697151184,0.04286402959941092,453,63,0.5555555555555556,5,5,9,0.01609262079000473,f9539ffd3f171ffab91468971247c816baddb064995a35ebe51203e0ed578896,True,True
76,638,LONG,"['VOLATILITY', 'RELATIVE_CROSS_SECTIONAL']",10,0.08471231907606125,0.042151962352996064,357,63,0.5555555555555556,5,5,9,0.016622910276055336,fdb26d56c19f3d7a58d8db23eaf2dc8190eddc1fb7cadce224ac6a629b734326,True,True
77,330,LONG,"['BREAKOUT', 'MEAN_REVERSION']",10,0.07521472126245499,0.05208217244843703,1060,63,0.4444444444444444,4,4,9,0.012765299528837204,e2011b8d6ce3840e923c1238ea9c093471293204fcd3a90b76b368501253bfea,True,True
78,3952,LONG,"['BREAKOUT', 'TREND', 'MEAN_REVERSION', 'VOLATILITY', 'VOLUME_LIQUIDITY']",10,0.07760626822710037,0.050992679355650716,352,63,0.4444444444444444,4,4,9,0.014233240857720375,cb9a14096393c748ae6886ba618c25dc09866428fe441ec7a413f4d0753b9bc3,True,True
79,1326,LONG,"['BREAKOUT', 'VOLATILITY', 'VOLUME_LIQUIDITY']",10,0.07998497039079666,0.048952936700163124,321,63,0.4444444444444444,4,4,9,0.020194709300994873,db2a70573be80fc61004f992dcf60d7fe91ec0a273ce8281363ea66b5f9b3ed7,True,True
80,296,LONG,"['MOMENTUM', 'MARKET_REGIME_STRUCTURE']",10,0.08481323719024658,0.04526475309144255,226,63,0.4444444444444444,4,4,9,0.01837809570133686,5922e7a30eb07d5ef6a0ccfa051eb742f35cdd4f9733deb6d9e606cca77abe46,True,True
81,898,LONG,"['MOMENTUM', 'TREND', 'VOLUME_LIQUIDITY']",10,0.09189307689666748,0.037538557704642386,98,63,0.4444444444444444,4,4,9,0.02417212538421154,0f91563386c909b31762f4834ec91bf690ee5a24d56f246d2502e329ac5f6ff4,True,True
82,172,LONG,"['MOMENTUM', 'BREAKOUT']",10,0.08988144248723984,0.04100350998163124,146,63,0.3333333333333333,3,3,9,0.041687916964292526,74bcd0847c72eddec7e58110f5d36532491723b495d8160fa1fe1de0b9e8acbe,True,True
83,974,LONG,"['MOMENTUM', 'MEAN_REVERSION', 'VOLUME_LIQUIDITY']",11,0.03787937015295029,0.004778647759284736,173,63,0.7777777777777778,7,7,9,0.0032466112170368433,0b4a30c68e351d5a5c95550dfe4c56f28ddb9c95cc7ea0d9596fd994fb24b3b3,True,True
84,756,LONG,"['MOMENTUM', 'BREAKOUT', 'MEAN_REVERSION']",11,0.046509455889463425,-0.021385342123049267,65,63,0.7777777777777778,7,7,9,0.014712604694068432,3f752878c8f00adab41f4deac051637c1fd0f1c8efd595530d2b5fcf2164961e,True,True
85,996,LONG,"['MOMENTUM', 'MEAN_REVERSION', 'RELATIVE_CROSS_SECTIONAL']",11,0.04752563312649727,0.03422949500682424,586,63,0.6666666666666666,6,6,9,0.017292005941271782,2934edc71c06f170070c1fa0082fd8e1155c9278d52a3718e8d173e8a673dae2,True,True
86,352,LONG,"['BREAKOUT', 'VOLATILITY']",11,0.05200181528925896,0.015327390193073588,118,63,0.6666666666666666,6,6,9,0.012326296418905258,893a80c6ce309ea628a0a24f2cd840ce19a3683cefc325c211935dc015f4b30a,True,True
87,1420,LONG,"['BREAKOUT', 'RELATIVE_CROSS_SECTIONAL', 'MARKET_REGIME_STRUCTURE']",11,0.0656769871711731,0.011399927060565272,57,63,0.6666666666666666,6,6,9,0.018559223040938377,37dd794f1cb7012f0b13ac8fed353dabd486eed31c22e2f2f97b014e120809d6,True,True
88,980,LONG,"['MOMENTUM', 'MEAN_REVERSION', 'RELATIVE_CROSS_SECTIONAL']",11,0.06753591448068619,0.04122661978426577,526,63,0.5555555555555556,5,5,9,0.0102183623239398,4f4a2f100830df26ef47e10f2fb9ba23aba7af92501e1b9fdfab5bda96a89108,True,True
89,938,LONG,"['MOMENTUM', 'TREND', 'MARKET_REGIME_STRUCTURE']",11,0.07234644144773483,0.037460336759194475,316,63,0.5555555555555556,5,5,9,0.020681962370872498,a235d303e115ed1b7f4337351a9ff31f6716b82dd08f5a5c81e3f453b2ecc176,True,True
90,2962,LONG,"['TREND', 'MEAN_REVERSION', 'VOLATILITY', 'RELATIVE_CROSS_SECTIONAL']",11,0.06798559427261353,0.04040823224509073,250,63,0.5555555555555556,5,5,9,0.004726961720734835,286bb54537a6c80f86c32ca2343fde004af41c292567063a5e966377cda328ab,True,True
91,1544,LONG,"['TREND', 'VOLATILITY', 'RELATIVE_CROSS_SECTIONAL']",11,0.07206375151872635,0.0397325319822397,175,63,0.5555555555555556,5,5,9,0.014194945804774761,2d479c3ac18c55566a5e9168e9221054d44edce766e122e9688ca34584368079,True,True
92,1522,LONG,"['TREND', 'VOLATILITY', 'VOLUME_LIQUIDITY']",11,0.07875847071409225,0.03192057365876436,118,63,0.5555555555555556,5,5,9,0.016755636781454086,ee782a5024eeb40771a934fc82f2cff8e5258be854c62460bc37833ed4fb4527,True,True
93,48,LONG,['TREND'],11,0.0787980854511261,0.02027869221972805,94,63,0.5555555555555556,5,5,9,0.027198275551199913,22c4135d9761a3bd18ecd7bbf21e4390330c833a69263cdcdda4cbd891757b46,True,True
94,564,LONG,"['MEAN_REVERSION', 'RELATIVE_CROSS_SECTIONAL']",11,0.05926613137125969,0.05147531959612173,1305,63,0.4444444444444444,4,4,9,0.01673765853047371,a1d79044706a8a3375d349601997fee42453ab0fe08e8b432947dbf92794756f,True,True
95,1454,LONG,"['TREND', 'MEAN_REVERSION', 'VOLATILITY']",11,0.06301300972700119,0.051030878212467504,1268,63,0.4444444444444444,4,4,9,0.015557218343019485,fcc24d1f03d01262597040ab6b339cfa345360a17395ee44db8617ec836c00c4,True,True
96,652,LONG,"['VOLATILITY', 'MARKET_REGIME_STRUCTURE']",11,0.06457822769880295,0.050159011444075335,1083,63,0.4444444444444444,4,4,9,0.013994473032653332,f1788aa4368d47b5bff4432f5944958ebda8ac861ed6ff602c9ebc1f5e0e09ff,True,True
97,704,LONG,"['RELATIVE_CROSS_SECTIONAL', 'MARKET_REGIME_STRUCTURE']",11,0.07099267095327377,0.04923497931492396,726,63,0.4444444444444444,4,4,9,0.01743997633457184,dd2a793e3936efd7aa59cdaabb5813f14972a5a0433125ff5ab6b01fa3e389cc,True,True
98,946,LONG,"['MOMENTUM', 'MEAN_REVERSION', 'VOLATILITY']",11,0.07648608088493347,0.04168777315335578,382,63,0.4444444444444444,4,4,9,0.019381338730454445,f40ff1894788e6be7058c74c1ed1b7ac95055a0ff36dfa92c8834ab996838e95,True,True
99,1322,LONG,"['BREAKOUT', 'VOLATILITY', 'VOLUME_LIQUIDITY']",11,0.0748339369893074,0.0446402510198271,374,63,0.4444444444444444,4,4,9,0.018356148153543472,d064ae91641a2b8bc73ba36d501d444250993f1a10079a2b9f240944375e2f5e,True,True
100,3912,LONG,"['MOMENTUM', 'MEAN_REVERSION', 'VOLUME_LIQUIDITY', 'RELATIVE_CROSS_SECTIONAL', 'MARKET_REGIME_STRUCTURE']",11,0.0908646434545517,0.03508850251674271,115,63,0.4444444444444444,4,4,9,0.022563597187399864,04dbb40522c91d20f9e7e380127d953e73b6db5f33a74ffbecca981828c2a450,True,True
101,602,LONG,"['VOLATILITY', 'VOLUME_LIQUIDITY']",11,0.07505221664905548,0.04597571298513521,348,63,0.3333333333333333,3,3,9,0.012608088552951813,6c07c5aa25194f686669ed33634cbd3918aebb5310849f4983b343e4f3550fc6,True,True
102,432,LONG,"['TREND', 'MEAN_REVERSION']",11,0.07990995049476624,0.03931383396364053,276,63,0.3333333333333333,3,3,9,0.028840458020567894,3e593839aaee32d33b24e890ee29f9a054bd2190fee8c29d9394c163e7d23075,True,True
103,1398,LONG,"['BREAKOUT', 'VOLUME_LIQUIDITY', 'RELATIVE_CROSS_SECTIONAL']",11,0.07350217550992966,0.04989312095044679,253,63,0.3333333333333333,3,3,9,0.011145319789648056,a8965d103e3db8915665ddc47a010486f2c897ad60529cd337a2437aee876bae,True,True
104,3476,LONG,"['MOMENTUM', 'BREAKOUT', 'MEAN_REVERSION', 'VOLATILITY', 'RELATIVE_CROSS_SECTIONAL']",11,0.08162339776754379,0.039090245394367513,95,63,0.3333333333333333,3,3,9,0.011120972223579884,4fd5881278869ca4df8ebd54cadad70ae68cf3556dbeaeda2dc7b44e62219292,True,True
105,2074,LONG,"['MOMENTUM', 'BREAKOUT', 'VOLATILITY', 'MARKET_REGIME_STRUCTURE']",12,0.0456615649163723,0.023222474978949484,292,63,0.6666666666666666,6,6,9,0.014533760957419872,e16576d224d2e9516978ebcdfb40a66f3c0689bde65915377311d90c7faac681,True,True
106,1366,LONG,"['BREAKOUT', 'VOLATILITY', 'MARKET_REGIME_STRUCTURE']",12,0.060892608016729355,-0.029768533891120774,79,63,0.6666666666666666,6,6,9,0.014969113282859325,252aece202e1c6c44b83166a170ea4db1a438b45a9a4a90a0051aead60bb0a5e,True,True
107,2356,LONG,"['MOMENTUM', 'MEAN_REVERSION', 'VOLATILITY', 'VOLUME_LIQUIDITY']",12,0.04932376369833946,-0.0099430422858489,46,63,0.6666666666666666,6,6,9,0.025042986497282982,866bc9bd63da8c31976e550c3c15369b0d9545bbad1da66f345288ffe94dc349,True,True
108,870,LONG,"['MOMENTUM', 'TREND', 'VOLATILITY']",12,0.05844460055232048,0.04011053163016992,643,63,0.5555555555555556,5,5,9,0.014526786282658577,b12a65d10b54dac365a16cccc650cff8dd83d2dad39a77799c4c9abb804f54f8,True,True
109,2572,LONG,"['BREAKOUT', 'TREND', 'MEAN_REVERSION', 'VOLUME_LIQUIDITY']",12,0.0683489665389061,0.031008003593338197,347,63,0.5555555555555556,5,5,9,0.020861869677901268,d105e2f6304e00c67e16ff60e0b1e2ee18c061d60916b914e1080ce06527f53e,True,True
110,2272,LONG,"['MOMENTUM', 'TREND', 'VOLATILITY', 'MARKET_REGIME_STRUCTURE']",12,0.06027619168162346,0.03809270135146586,333,63,0.5555555555555556,5,5,9,0.011153570376336575,85108f0374304b7875464c491654194e9df65e6cbaa66e8bfb1fd0eb3ade1879,True,True
111,954,LONG,"['MOMENTUM', 'MEAN_REVERSION', 'VOLATILITY']",12,0.068142831325531,0.03236672973839767,238,63,0.5555555555555556,5,5,9,0.015701845288276672,35b2aa4b271a95a7df9d12b37c471836881165edf4c4f2ff11604992fb7b3011,True,True
112,428,LONG,"['TREND', 'MEAN_REVERSION']",12,0.06173853948712349,0.05070920974464451,1283,63,0.4444444444444444,4,4,9,0.012539859861135483,df2fd309e6a010ad976510afffe42150c24111c5e1943a19ad9ccaba6894911d,True,True
113,214,LONG,"['MOMENTUM', 'MEAN_REVERSION']",12,0.07041060924530029,0.04881731284239861,544,63,0.4444444444444444,4,4,9,0.015674158930778503,8c30fceaae2e4ee49a68ad7a4164ffaf1ed5237ce751d913b8a076ccaadfeb19,True,True
114,3328,LONG,"['MOMENTUM', 'BREAKOUT', 'TREND', 'VOLATILITY', 'VOLUME_LIQUIDITY']",12,0.07713749259710312,0.030371969176616345,269,63,0.4444444444444444,4,4,9,0.01708921417593956,0e0b89c170853419a1161f360b9659d84cc433da0b2ab9db9a73c897bf165ac0,True,True
115,1878,LONG,"['MOMENTUM', 'BREAKOUT', 'TREND', 'VOLATILITY']",12,0.08996926993131638,0.023330748138294333,116,63,0.4444444444444444,4,4,9,0.02557222731411457,475f483c16729046ca09664cf7524d0e721628cea86e4acb4450b87a989a0de0,True,True
116,772,LONG,"['MOMENTUM', 'BREAKOUT', 'VOLATILITY']",12,0.07056679576635361,0.04028668467840078,336,63,0.3333333333333333,3,3,9,0.00877820048481226,fefbf101c766db425c89ac20a8112c33897970df03a840e7bdaa725867bee318,True,True
117,4078,LONG,"['BREAKOUT', 'TREND', 'VOLATILITY', 'VOLUME_LIQUIDITY', 'RELATIVE_CROSS_SECTIONAL']",12,0.07431391626596451,0.03986991657629902,214,63,0.3333333333333333,3,3,9,0.009984015487134457,a1d70dc3f37c71a3b5a5e7f4f93daa6344be503c4aca5db4e2cd1e1c1d77e2d0,True,True
118,2642,LONG,"['BREAKOUT', 'TREND', 'VOLATILITY', 'RELATIVE_CROSS_SECTIONAL']",12,0.07770688831806183,0.0351335817058835,130,63,0.2222222222222222,2,2,9,0.07770688831806183,16835bae3f5f4f3ae9d705ef3c6c1710f78f34a0fe7d517b657a90a5b0c5658c,True,True
119,1120,LONG,"['MOMENTUM', 'RELATIVE_CROSS_SECTIONAL', 'MARKET_REGIME_STRUCTURE']",13,0.03301439434289932,0.00871914060317876,498,63,0.6666666666666666,6,6,9,0.0052901627495884895,79629b5e97a06dc276b9dfdd1ee6c589cb1383d558a9378b723930ab1166c893,True,True
120,2770,LONG,"['BREAKOUT', 'MEAN_REVERSION', 'VOLATILITY', 'RELATIVE_CROSS_SECTIONAL']",13,0.04363175481557846,0.0028803640773291256,79,63,0.6666666666666666,6,6,9,0.006758257746696472,2df4697dfa7a9924df0939df451db30ad1ea19520b4fe68112d8a5765e019ba4,True,True
121,482,LONG,"['TREND', 'RELATIVE_CROSS_SECTIONAL']",13,0.05787365511059761,0.03810731348521715,605,63,0.5555555555555556,5,5,9,0.018944457173347473,253ef4a0759b7f88bb4c5e2a55d08f7dec100908a4b0973949b31f969d1f32c1,True,True
122,526,LONG,"['MEAN_REVERSION', 'VOLATILITY']",13,0.05968038737773895,0.03347352105956088,487,63,0.5555555555555556,5,5,9,0.005077920854091644,1eec2ca48406b585e655ae3ffd35c65855741e235d9d3367ada4d0960a0c239d,True,True
123,454,LONG,"['TREND', 'VOLATILITY']",13,0.05829683318734169,0.03685597930822192,364,63,0.5555555555555556,5,5,9,0.008148428983986378,2fdd5946cc3767962c40b74bac2a21c6b760548c2f97a902fcd24c55b69abe2d,True,True
124,430,LONG,"['TREND', 'MEAN_REVERSION']",13,0.06462182849645615,0.028413606757355415,175,63,0.5555555555555556,5,5,9,0.009078887291252613,ae00faa465292c28e1630d63fbf4135421c4f9a086a7a296f8592a61d29c3be2,True,True
125,2076,LONG,"['MOMENTUM', 'BREAKOUT', 'VOLATILITY', 'MARKET_REGIME_STRUCTURE']",13,0.06513211876153946,0.021749626478918628,121,63,0.5555555555555556,5,5,9,0.02622952312231064,29d1f18fb2c3eb43c72f7284b2116137a488a0b0a60263bf415f94a16a59dee2,True,True
126,1798,LONG,"['VOLATILITY', 'VOLUME_LIQUIDITY', 'MARKET_REGIME_STRUCTURE']",13,0.06603146344423294,0.019075310372588167,76,63,0.5555555555555556,5,5,9,0.011322946287691593,e4665eb17f4dc3fe10444960d8bb172c75582ee6ee9971319e1925ed1997c971,True,True
127,1440,LONG,"['TREND', 'MEAN_REVERSION', 'VOLATILITY']",13,0.06203072518110275,0.04797195816095598,1210,63,0.4444444444444444,4,4,9,0.014532160945236683,4847356224c95bfbf57765cea07c0ca3a3bb4434a306448f388efe9856d27015,True,True
128,472,LONG,"['TREND', 'VOLUME_LIQUIDITY']",13,0.06739634275436401,0.04777612044922999,1191,63,0.4444444444444444,4,4,9,0.010364091955125332,eb959c86c9d62e3287674730603939a73d31fc7058b7f74825798a74da47e62a,True,True
129,1272,LONG,"['BREAKOUT', 'MEAN_REVERSION', 'VOLUME_LIQUIDITY']",13,0.05987142398953438,0.048477114677430516,937,63,0.4444444444444444,4,4,9,0.011360343545675278,ee395897bd3983d3e2922bc337b6901914e7259cbe3f63b1c0c92af14010fbb5,True,True
130,368,LONG,"['BREAKOUT', 'VOLUME_LIQUIDITY']",13,0.06743418425321579,0.04597945562381266,564,63,0.4444444444444444,4,4,9,0.011002151295542717,0fae99b8de15f377f0daacc41fcf9a1454ed2651d80cff708f642ab55539fef5,True,True
131,1036,LONG,"['MOMENTUM', 'VOLATILITY', 'VOLUME_LIQUIDITY']",13,0.0753585547208786,0.02230303198875047,429,63,0.4444444444444444,4,4,9,0.016935359686613083,2b24855f5585125cc49e7ea059f167d454f53f3fc315de003d788af6168fef78,True,True
132,1654,LONG,"['MEAN_REVERSION', 'VOLATILITY', 'VOLUME_LIQUIDITY']",13,0.07303012162446976,0.028798073301060684,359,63,0.4444444444444444,4,4,9,0.00750953983515501,69afa8f8fac681bf2c7966e7de45b31446fab95bd6071abe91954db6a4a5eb50,True,True
133,506,LONG,"['TREND', 'MARKET_REGIME_STRUCTURE']",13,0.069478839635849,0.0421457859240572,342,63,0.4444444444444444,4,4,9,0.01224365085363388,b42abc67d15594d94c5cd6108f4d03120ed5f46d18fcf9ae204e8c7712299539,True,True
134,972,LONG,"['MOMENTUM', 'MEAN_REVERSION', 'VOLUME_LIQUIDITY']",13,0.08324138075113297,0.01647420138122868,132,63,0.4444444444444444,4,4,9,0.029576653614640236,ac1660ceec5a90cf089d406c42c74156f61b80645db5590f251be894ebb5fd25,True,True
135,2630,LONG,"['BREAKOUT', 'TREND', 'VOLATILITY', 'VOLUME_LIQUIDITY']",13,0.08351612091064453,-0.036276529808106125,42,63,0.4444444444444444,4,4,9,0.0026591296773403883,7f8efa0dc6cdf5e68445145b1734e58310d019b02faa92ebd72d28004a2d4ab9,True,True
136,1096,LONG,"['MOMENTUM', 'VOLUME_LIQUIDITY', 'RELATIVE_CROSS_SECTIONAL']",13,0.0795055478811264,0.018613919111635076,41,63,0.4444444444444444,4,4,9,0.01965518668293953,a1eee35f927e7bad85ddb715ab1baab05de554389882f8424eec76697d04a8a3,True,True
137,2508,LONG,"['MOMENTUM', 'VOLATILITY', 'RELATIVE_CROSS_SECTIONAL', 'MARKET_REGIME_STRUCTURE']",13,0.06987293064594269,0.030787222833327292,231,63,0.3333333333333333,3,3,9,0.003158258507028222,2386253fc7e2daa2cead715448f52c6c53e2776811180f661121b0610554b1ad,True,True
138,1854,LONG,"['MOMENTUM', 'BREAKOUT', 'TREND', 'MEAN_REVERSION']",13,0.07723215967416763,0.034033418910616925,174,63,0.2222222222222222,2,2,9,0.07723215967416763,3c8f923d4b412921083ce3bd326374625349adef1f3fb4babd32d2571a72862f,True,True
139,2733,SHORT,"['BREAKOUT', 'TREND', 'RELATIVE_CROSS_SECTIONAL', 'MARKET_REGIME_STRUCTURE']",14,0.011779800057411194,-0.004867266462130201,142,10,0.6666666666666666,6,6,9,0.005101791117340326,058df03f710778da88bca48751356eedb21ce6daa89ff5fed2108caf52e23681,True,True
140,2376,LONG,"['MOMENTUM', 'MEAN_REVERSION', 'VOLATILITY', 'RELATIVE_CROSS_SECTIONAL']",14,0.019212208688259125,-0.01203209983550466,80,15,0.6666666666666666,6,6,9,0.016388466581702232,3fca5baadd9cfe8d665f6e0c42fbef5628fbba5375101f34a3e84ac49a778ca8,True,True
141,3010,LONG,"['TREND', 'MEAN_REVERSION', 'VOLUME_LIQUIDITY', 'RELATIVE_CROSS_SECTIONAL']",14,0.03136737644672394,0.0025696430850588557,95,20,0.625,5,5,8,0.008098400197923183,d7ea3d7b5ffbcc3d8e9d9a0c884e68316bd74a785cd3b0a7f68ae78b9ba98cab,True,True
142,590,LONG,"['MEAN_REVERSION', 'MARKET_REGIME_STRUCTURE']",14,0.0529899075627327,0.03724288276637348,790,63,0.5555555555555556,5,5,9,0.011057302355766296,861ec0fc2d5ab3fad06c93f0ce153e1b75b67165bd3c4453a042dbac8e201498,True,True
143,2412,LONG,"['MOMENTUM', 'MEAN_REVERSION', 'VOLUME_LIQUIDITY', 'RELATIVE_CROSS_SECTIONAL']",14,0.0576322078704834,0.03244233168455078,585,63,0.5555555555555556,5,5,9,0.011149097234010696,3d5cb75b78fed18645d2331b29f83ef42cae22b16cac9ec4962022beffe3d482,True,True
144,2236,LONG,"['MOMENTUM', 'TREND', 'VOLATILITY', 'VOLUME_LIQUIDITY']",14,0.05679885670542717,0.03407667556759329,579,63,0.5555555555555556,5,5,9,0.014053159393370152,33f2561860bc45abac6fe17243ab2d99150b328113a6630fce1714fb6ba46c43,True,True
145,1018,LONG,"['MOMENTUM', 'MEAN_REVERSION', 'MARKET_REGIME_STRUCTURE']",14,0.06111200898885727,0.024503257637396643,188,63,0.5555555555555556,5,5,9,0.008815722540020943,04f50cbfb8439f167b6b45de75ef563437c62f17a702abff3df734a4a504162f,True,True
146,2510,LONG,"['MOMENTUM', 'VOLATILITY', 'RELATIVE_CROSS_SECTIONAL', 'MARKET_REGIME_STRUCTURE']",14,0.058075178414583206,0.028818108444526782,165,63,0.5555555555555556,5,5,9,0.01116369478404522,e4a000675e48edaf97ed6fa70e7b7de7bf14cff2230f1d932134390546140370,True,True
147,164,LONG,"['MOMENTUM', 'BREAKOUT']",14,0.05926262214779854,0.04752685530039966,1373,63,0.4444444444444444,4,4,9,0.01284201443195343,c9f47dea3981396b19ee79f038a7ddb7ff837325d70e8b7fe4c2f5328d8f2425,True,True
148,70,LONG,['MEAN_REVERSION'],14,0.06510596722364426,0.04656936111752829,627,63,0.4444444444444444,4,4,9,0.015232615172863007,dc06db612609d840b7c689d3dc50e9033799910930e07375eb64f5eadf23ddf6,True,True
149,1610,LONG,"['TREND', 'VOLUME_LIQUIDITY', 'MARKET_REGIME_STRUCTURE']",14,0.06822379678487778,0.0359246786307485,474,63,0.4444444444444444,4,4,9,0.0231552105396986,17b871f5cc8a943682d2fb7b449287e666b10ac179e8574ee18eb843d21a639c,True,True
150,844,LONG,"['MOMENTUM', 'TREND', 'MEAN_REVERSION']",14,0.06803236901760101,0.03832624328568074,208,63,0.4444444444444444,4,4,9,0.00914468988776207,072433eb22b71c425148046ee213d0ee746a69c425673a59956be839c2cdbb4d,True,True
151,2358,LONG,"['MOMENTUM', 'MEAN_REVERSION', 'VOLATILITY', 'VOLUME_LIQUIDITY']",14,0.07128264755010605,0.02813744189539008,161,63,0.4444444444444444,4,4,9,0.0204028133302927,d9297cfd782e9ba083efc85c0edee31b31b0fd2411674722ed152a65764a23c9,False,True
152,3286,LONG,"['MOMENTUM', 'BREAKOUT', 'TREND', 'MEAN_REVERSION', 'RELATIVE_CROSS_SECTIONAL']",14,0.06679391860961914,0.045552974636413335,554,63,0.3333333333333333,3,3,9,0.0060259210877120495,b71b12f8d7f1959869fa2c29641e48916bc70fb4dd8720125f3bab14fef7530c,False,True
153,766,LONG,"['MOMENTUM', 'BREAKOUT', 'VOLATILITY']",14,0.06771029531955719,0.04211700664055235,410,63,0.3333333333333333,3,3,9,0.003866689745336771,d95fc05db69801d47a5848d1c9166f465ea875ed306ff8464a25bf9c5fc3c5e4,False,True
154,888,LONG,"['MOMENTUM', 'TREND', 'VOLUME_LIQUIDITY']",14,0.06931133568286896,0.03210655433174693,333,63,0.3333333333333333,3,3,9,0.012330985628068447,33441a974b16d0341af1fdab0b85b283113a11ef370310a8627028296cb6e614,False,True
155,2170,LONG,"['MOMENTUM', 'TREND', 'MEAN_REVERSION', 'VOLUME_LIQUIDITY']",14,0.06914453953504562,0.03845392559017381,269,63,0.3333333333333333,3,3,9,0.006106902379542589,eb8b02da8277beddecce4b56c6106d121ac0a87667f0a772c34ee2bd0c194963,False,True
156,2408,LONG,"['MOMENTUM', 'MEAN_REVERSION', 'VOLUME_LIQUIDITY', 'RELATIVE_CROSS_SECTIONAL']",14,0.06907709687948227,0.04046724480000392,262,63,0.3333333333333333,3,3,9,0.01278778538107872,8eda3d8c176604a363a38bc59e80613ac3af76e474749d35b11e1fd233a037fb,False,True
157,1410,LONG,"['BREAKOUT', 'VOLUME_LIQUIDITY', 'MARKET_REGIME_STRUCTURE']",14,0.07005912065505981,0.029571936087581546,318,63,0.2222222222222222,2,2,9,0.07005912065505981,e267a042eb1da8e864ea53655ab468b25e08f3a220db856e9c4e9f5d2b99d10b,False,True
158,2262,LONG,"['MOMENTUM', 'TREND', 'VOLATILITY', 'MARKET_REGIME_STRUCTURE']",14,0.07239044457674026,0.02687492195908877,64,63,0.1111111111111111,1,1,9,0.07239044457674026,52e02a8f88910be4b78db55dabd7180d0087e7d7411dae4bc617415af2e1790c,False,True
159,1460,LONG,"['TREND', 'MEAN_REVERSION', 'VOLUME_LIQUIDITY']",15,0.048728641122579575,0.03600732357310325,846,63,0.5555555555555556,5,5,9,0.009875020943582058,e5a5219fca4a329af55a270b3b9c9497ea3874123621f116e90342683e38a027,False,True
160,1224,LONG,"['BREAKOUT', 'TREND', 'MARKET_REGIME_STRUCTURE']",15,0.054362598806619644,0.03176889893396452,438,63,0.5555555555555556,5,5,9,0.01574600115418434,e581ae32144d82a597021c291d11e4e2b1a6a3c91d62e6f29dcc8a4e1a0efd1d,False,True
161,1432,LONG,"['BREAKOUT', 'RELATIVE_CROSS_SECTIONAL', 'MARKET_REGIME_STRUCTURE']",15,0.05040347948670387,0.03270088479069933,410,63,0.5555555555555556,5,5,9,0.00998364482074976,933cd897fc911f0615f13a6dddf53efd23f6866f46110a19b32e11581a108fea,False,True
162,626,LONG,"['VOLATILITY', 'RELATIVE_CROSS_SECTIONAL']",15,0.06072834134101868,0.019693834709329817,262,63,0.5555555555555556,5,5,9,0.015064473263919353,761cb5ea40a4d7c93658b1380429eb2da54810a045e94e019a95a8c9cfbe1270,False,True
163,976,LONG,"['MOMENTUM', 'MEAN_REVERSION', 'VOLUME_LIQUIDITY']",15,0.05651399493217468,0.030675857661060967,250,63,0.5555555555555556,5,5,9,0.017308099195361137,7637774d885946c6b0d38889f62a8eea2664bce6744e1f63cd2b891238076aee,False,True
164,568,LONG,"['MEAN_REVERSION', 'RELATIVE_CROSS_SECTIONAL']",15,0.05707305297255516,0.045274826625686805,748,63,0.4444444444444444,4,4,9,0.013425545766949654,b2a7488279dbac3f414071f778f0fa749f3e9ab86fa80569568a65ff5bd2dff2,False,True
165,216,LONG,"['MOMENTUM', 'MEAN_REVERSION']",15,0.06334074586629868,0.045072295819007895,706,63,0.4444444444444444,4,4,9,0.011702395975589752,c72f551dadfbea26ab599cd8d27368235fe436d4a52b2fed80ed18346ab77b60,False,True
166,1130,LONG,"['MOMENTUM', 'RELATIVE_CROSS_SECTIONAL', 'MARKET_REGIME_STRUCTURE']",15,0.0677577331662178,0.03642198980887988,454,63,0.4444444444444444,4,4,9,0.015158301219344139,a92289256009a5831f2218e577a0b91636d773e0c0a9c3e0a350f312b8a21c92,False,True
167,1348,LONG,"['BREAKOUT', 'VOLATILITY', 'RELATIVE_CROSS_SECTIONAL']",15,0.06807045638561249,0.03370473947748739,196,63,0.4444444444444444,4,4,9,0.014579614624381065,69139e90ee1f31421a11366592c5bf5dad647acf9a83ca0d8e732b1ed64821a1,False,True
168,3200,LONG,"['MEAN_REVERSION', 'VOLUME_LIQUIDITY', 'RELATIVE_CROSS_SECTIONAL', 'MARKET_REGIME_STRUCTURE']",15,0.07113108783960342,0.0270830750751102,55,63,0.4444444444444444,4,4,9,0.00888351071625948,c507d261f5ee7c1664584738dae77e627674f351b7a3189891a6b04f05d1d8f0,False,True
169,3158,LONG,"['MEAN_REVERSION', 'VOLATILITY', 'VOLUME_LIQUIDITY', 'RELATIVE_CROSS_SECTIONAL']",15,0.06120459735393524,0.045308885649277986,803,63,0.3333333333333333,3,3,9,0.010107411071658134,df60733a1883319bbb7a36b8a7d532af85bdffec330a831f62a85d4f2eaa6434,False,True
170,858,LONG,"['MOMENTUM', 'TREND', 'MEAN_REVERSION']",15,0.0605856291949749,0.04570485897302599,744,63,0.3333333333333333,3,3,9,0.008442127145826817,933964fdf4b1f552fc653caa4f2b3f9ccd480de3222679ceef37b9161234dbf8,False,True
171,854,LONG,"['MOMENTUM', 'TREND', 'MEAN_REVERSION']",15,0.06620895862579346,0.04464298252401051,420,63,0.3333333333333333,3,3,9,0.008182575926184654,8626a2d2edc0f19b9ff82da93f2a26dda322eff6a5ffe6f6fd4158138675c606,False,True
172,1704,LONG,"['MEAN_REVERSION', 'VOLUME_LIQUIDITY', 'RELATIVE_CROSS_SECTIONAL']",15,0.06899592280387878,0.030791321634826743,417,63,0.3333333333333333,3,3,9,0.013192630372941494,69907672ed03453e4587ca4652e351c999fa878b7caf7a2139e72f053236a1bb,False,True
173,694,LONG,"['VOLUME_LIQUIDITY', 'MARKET_REGIME_STRUCTURE']",15,0.06856134533882141,0.032436420545932,393,63,0.3333333333333333,3,3,9,0.019535476341843605,4fdfba4d25763b36a331f435f0e309dea00948f42e09b7525de2850f8891bfa7,False,True
174,1294,LONG,"['BREAKOUT', 'MEAN_REVERSION', 'RELATIVE_CROSS_SECTIONAL']",15,0.06847718358039856,0.03338766658356746,249,63,0.3333333333333333,3,3,9,0.011786878108978271,7b293d862478e94f474cac73ca7413caaa31562f3d9bd64bd911fd15d3b39c53,False,True
175,2982,LONG,"['TREND', 'MEAN_REVERSION', 'VOLATILITY', 'MARKET_REGIME_STRUCTURE']",15,0.0712958350777626,0.017285964546168604,204,63,0.1111111111111111,1,1,9,0.0712958350777626,6a03b146982d4e8308630dd4387fa21510ff4dcfbce4efcbade2dd182af531b3,False,True
176,624,LONG,"['VOLATILITY', 'RELATIVE_CROSS_SECTIONAL']",16,0.05089869722723961,0.028576387817307317,581,63,0.5555555555555556,5,5,9,0.00910780020058155,f6dc02bd06490c2fff51e932a6eaf3f219f787764134f83f7f0c5f761ed1ca21,False,True
177,1970,LONG,"['MOMENTUM', 'BREAKOUT', 'MEAN_REVERSION', 'VOLUME_LIQUIDITY']",16,0.04719291254878044,0.033658295561709496,482,63,0.5555555555555556,5,5,9,0.009725780226290226,1f2642bb91a27c97d3da0a9a03ceabf214261be1cb1ceb4f76859c37084b044b,False,True
178,1082,LONG,"['MOMENTUM', 'VOLUME_LIQUIDITY', 'RELATIVE_CROSS_SECTIONAL']",16,0.05782368779182434,0.014229447210671785,308,63,0.5555555555555556,5,5,9,0.011434432119131088,87334b54e59b1ab4846aeb819406ad3af05f39853411e553c2ee58127ee28037,False,True
179,198,LONG,"['MOMENTUM', 'TREND']",16,0.05423157662153244,0.027607079919518836,244,63,0.5555555555555556,5,5,9,0.010420502163469791,87484d215e2900d7a0e08f941ad50ab867216f340d0212a50e7e717d87b04a69,False,True
180,548,LONG,"['MEAN_REVERSION', 'VOLUME_LIQUIDITY']",16,0.05314174294471741,0.045151998545571836,1417,63,0.4444444444444444,4,4,9,0.01212423574179411,1cf6785062a6b50037a5110bf8c9b11d5e28045d89223c3a8ff9c045d51fd027,False,True
181,64,LONG,['MEAN_REVERSION'],16,0.05747135356068611,0.04415691256325,920,63,0.4444444444444444,4,4,9,0.013696743175387383,8e0e85039e6bca4650f8770a90f12a905964e65d5823a8e0e0dc6e62d0137851,False,True
182,1532,LONG,"['TREND', 'VOLATILITY', 'VOLUME_LIQUIDITY']",16,0.059676703065633774,0.04258883343385446,724,63,0.4444444444444444,4,4,9,0.009923015721142292,d26ba3fb31ef0df9971aa0a5eba58cbd3705b07ed65f3e088726a2c175e79a6e,False,True
183,182,LONG,"['MOMENTUM', 'TREND']",16,0.06475019454956055,0.03485929438417409,524,63,0.4444444444444444,4,4,9,0.013196127489209175,f05ff54b682b2e17bab9c4b62e6bed578622892c7a23d42e003f0703caf52286,False,True
184,4250,LONG,"['TREND', 'MEAN_REVERSION', 'VOLATILITY', 'VOLUME_LIQUIDITY', 'RELATIVE_CROSS_SECTIONAL']",16,0.06007750704884529,0.0370069748438496,464,63,0.4444444444444444,4,4,9,0.012952815741300583,dd18d63b193ba255bd8b9cfdc60b8ec062606f9336f7678539381569534f55f4,False,True
185,184,LONG,"['MOMENTUM', 'TREND']",16,0.061404380947351456,0.036282275693788654,410,63,0.4444444444444444,4,4,9,0.014404084533452988,6aec89c725c46b02cf5acd4a2db7e297bdb099ffd01491b7d895c770fd15ab6f,False,True
186,700,LONG,"['RELATIVE_CROSS_SECTIONAL', 'MARKET_REGIME_STRUCTURE']",16,0.061179693788290024,0.036811632927281325,362,63,0.4444444444444444,4,4,9,0.013630758970975876,2193358cf14c20fe560a8d5fa28d54d9469e472f92c1e729432a8008e479c6ca,False,True
187,2434,LONG,"['MOMENTUM', 'MEAN_REVERSION', 'VOLUME_LIQUIDITY', 'MARKET_REGIME_STRUCTURE']",16,0.06162174046039581,0.03551475970399681,338,63,0.4444444444444444,4,4,9,0.014455584809184074,8aa24ceab7b9dfff2b97d884895de4b671f69a2c1552c5337e6d15bbb72ed56b,False,True
188,2872,LONG,"['BREAKOUT', 'VOLATILITY', 'VOLUME_LIQUIDITY', 'RELATIVE_CROSS_SECTIONAL']",16,0.058310166001319885,0.04319284368408077,674,63,0.3333333333333333,3,3,9,0.00878339447081089,536cbfae68afeb959c5f9ad16deb4fca8cea7aba5842b812e507e8127337ee52,False,True
189,610,LONG,"['VOLATILITY', 'VOLUME_LIQUIDITY']",16,0.06553713977336884,0.0344176757623412,643,63,0.3333333333333333,3,3,9,0.007150124758481979,25a0cb7e49c6810a222467b060a25be66b2cce8978dd610607ac47ec2e0379fd,False,True
190,310,LONG,"['BREAKOUT', 'TREND']",16,0.06289587169885635,0.036907579168679594,638,63,0.3333333333333333,3,3,9,0.008305704221129417,215f2923858f6a5ab4dcb8756f2f498a61c95a87f0a5421cf9f70cea6a8809ee,False,True
191,166,LONG,"['MOMENTUM', 'BREAKOUT']",16,0.0679081454873085,0.03096013722609548,217,63,0.3333333333333333,3,3,9,0.003920187707990408,4b0c291a0c13aa2be28e13dd9e553db8cf89af5beaca116330b85f808a6ef72e,False,True
192,2286,LONG,"['MOMENTUM', 'TREND', 'VOLUME_LIQUIDITY', 'RELATIVE_CROSS_SECTIONAL']",16,0.0676875039935112,0.03139859542754496,179,63,0.3333333333333333,3,3,9,0.00801581796258688,77097963facac5c75cae1f06e6db93e1142a933ca1b511f91e9658fd38ddd71a,False,True
193,3484,LONG,"['MOMENTUM', 'BREAKOUT', 'MEAN_REVERSION', 'VOLATILITY', 'MARKET_REGIME_STRUCTURE']",16,0.06824677437543869,0.022376846840155958,90,63,0.2222222222222222,2,2,9,0.06824677437543869,7d4ce020d2ebb2d443dcc8b9adf22feb46422a3aaae15e54ff986e5535f616e5,False,True
194,3012,LONG,"['TREND', 'MEAN_REVERSION', 'VOLUME_LIQUIDITY', 'RELATIVE_CROSS_SECTIONAL']",17,0.04633450135588646,0.03018048109085008,888,63,0.5555555555555556,5,5,9,0.007969890721142292,55732c31961f71112e0566af9099039dfd7ed66223f64116deec8554fa404a23,False,True
195,646,LONG,"['VOLATILITY', 'MARKET_REGIME_STRUCTURE']",17,0.04494969919323921,0.03279561112727674,586,63,0.5555555555555556,5,5,9,0.011393013410270214,d17a42ca68fa707f5bcd8900cb6bff5fc7066dd6b4147ba1bc1bce98b6cd9adf,False,True
196,1550,LONG,"['TREND', 'VOLATILITY', 'RELATIVE_CROSS_SECTIONAL']",17,0.046903062611818314,0.02286154376594337,334,63,0.5555555555555556,5,5,9,0.00415016757324338,5247d2fe1f87e68e084b754071c7e5b375646333f3121062b9ec61622e70b987,False,True
197,1672,LONG,"['MEAN_REVERSION', 'VOLATILITY', 'RELATIVE_CROSS_SECTIONAL']",17,0.05597982928156853,0.009475423689890392,144,63,0.5555555555555556,5,5,9,0.014532079920172691,12cf53e852898a54ea0a8c3a6415b1c0b9281d61c4ada735430a5aa4a532093b,False,True
198,3798,LONG,"['MOMENTUM', 'TREND', 'VOLATILITY', 'VOLUME_LIQUIDITY', 'MARKET_REGIME_STRUCTURE']",17,0.05119381472468376,0.017804573745769443,142,63,0.5555555555555556,5,5,9,0.009436295367777348,b0e027157b63ffaab173774ccf21ba3086f240391c288844b62910b1740182d9,False,True
199,798,LONG,"['MOMENTUM', 'BREAKOUT', 'VOLUME_LIQUIDITY']",17,0.04970734566450119,0.020979580246065874,141,63,0.5555555555555556,4,5,9,0.0023223282769322395,ad9b1f79e0d0c64d011aeefab569ba620faa88b718ef86bda5495e5e83d75704,False,True
200,1026,LONG,"['MOMENTUM', 'VOLATILITY', 'VOLUME_LIQUIDITY']",17,0.05595772713422775,0.04340515971378842,823,63,0.4444444444444444,4,4,9,0.013286687433719635,db43f2394151dc67058b6e57adcf89c53fa5710f521908d3348650fdf9e59fd1,False,True
201,3122,LONG,"['TREND', 'VOLUME_LIQUIDITY', 'RELATIVE_CROSS_SECTIONAL', 'MARKET_REGIME_STRUCTURE']",17,0.05749870836734772,0.03978271100836869,656,63,0.4444444444444444,4,4,9,0.013651158660650253,149840ad289eaaca0c13dae177c3eb0e01a739b3a2d6dd8653e99006e404bfcd,False,False
202,2752,LONG,"['BREAKOUT', 'MEAN_REVERSION', 'VOLATILITY', 'VOLUME_LIQUIDITY']",17,0.05814753472805023,0.03802944640025871,607,63,0.4444444444444444,4,4,9,0.01221146434545517,067678e639f6d68b200b62bc5c1d966c4430cc2ae9e2752efaee4136daa12460,False,False
203,396,LONG,"['BREAKOUT', 'RELATIVE_CROSS_SECTIONAL']",17,0.06310036778450012,0.023456064651133444,227,63,0.4444444444444444,4,4,9,0.01194897759705782,5cb96f25b36f43d2bb4d72e61183366de53ba9fcc5d5711561afd457d8b2321e,False,False
204,340,LONG,"['BREAKOUT', 'VOLATILITY']",17,0.05637076869606972,0.042991946024741615,1016,63,0.3333333333333333,3,3,9,0.006281811743974686,6791f708584368640719386425acf32f157ff1fd4d2728384307e4f5f1ea9353,False,False
205,2632,LONG,"['BREAKOUT', 'TREND', 'VOLATILITY', 'VOLUME_LIQUIDITY']",17,0.05687408894300461,0.040063729351713165,619,63,0.3333333333333333,3,3,9,0.009777982719242573,004602b1cba81c836edf8d2c0e0e50d06bfe80f8ebf8f6433f5a768d2098c247,False,False
206,3078,LONG,"['TREND', 'VOLATILITY', 'VOLUME_LIQUIDITY', 'RELATIVE_CROSS_SECTIONAL']",17,0.0653330460190773,0.015009828133797774,539,63,0.3333333333333333,3,3,9,0.008660418912768364,bda5d072ad596ee51fd4a06a24ea5943b4da09296202ce0a147273902dd3a098,False,False
207,3756,LONG,"['MOMENTUM', 'TREND', 'MEAN_REVERSION', 'RELATIVE_CROSS_SECTIONAL', 'MARKET_REGIME_STRUCTURE']",17,0.06326383352279663,0.031364596207133236,423,63,0.3333333333333333,3,3,9,0.011265981942415237,92fe1e8b5d8e2fb7a5cca2bb22f4da6cd5ffe18c8f6ddd90364ed1f3aa6a004b,False,False
208,1296,LONG,"['BREAKOUT', 'MEAN_REVERSION', 'RELATIVE_CROSS_SECTIONAL']",17,0.058504052460193634,0.03409913226930268,379,63,0.3333333333333333,3,3,9,0.009752877987921238,eda400dba209d77fe33e90d24c7cee8c7ee827b9b41aeaa78c02e296a08ebf16,False,False
209,1516,LONG,"['TREND', 'MEAN_REVERSION', 'MARKET_REGIME_STRUCTURE']",17,0.06299769133329391,0.03310316993277468,262,63,0.3333333333333333,3,3,9,0.013232004828751087,a6ca1b2144807f18b3321ce8f7de1e706f3a49b29e67f19afcd8eea0929dbbd8,False,False
210,374,LONG,"['BREAKOUT', 'VOLUME_LIQUIDITY']",17,0.06457138061523438,0.024172043617036704,252,63,0.3333333333333333,3,3,9,0.00845413003116846,ad74f4cf7ad2bf73bf81502ce74b560dade06c68f28d7bad121a5373ee168f4d,False,False
211,1468,LONG,"['TREND', 'MEAN_REVERSION', 'VOLUME_LIQUIDITY']",17,0.06714465469121933,0.024736645280409274,52,63,0.2222222222222222,2,2,9,0.06714465469121933,da306dea84f6af94c0cc4e97d4ff71e504165a863c3a5c3b25ad0a60fdb9d81d,False,False
212,2732,LONG,"['BREAKOUT', 'TREND', 'RELATIVE_CROSS_SECTIONAL', 'MARKET_REGIME_STRUCTURE']",17,0.06744962930679321,4.215932661941202e-05,142,63,0.1111111111111111,1,1,9,0.06744962930679321,058df03f710778da88bca48751356eedb21ce6daa89ff5fed2108caf52e23681,False,False
213,684,LONG,"['VOLUME_LIQUIDITY', 'MARKET_REGIME_STRUCTURE']",18,0.04507368430495262,0.024767910552215413,764,63,0.5555555555555556,5,5,9,0.007221865933388472,91c6515faac5d95cf8882e1d26cd545128d84a5e3580ac1d1364ea5ac68971e4,False,False
214,2840,LONG,"['BREAKOUT', 'MEAN_REVERSION', 'RELATIVE_CROSS_SECTIONAL', 'MARKET_REGIME_STRUCTURE']",18,0.04322309419512749,0.03139568308298433,573,63,0.5555555555555556,5,5,9,0.007306658197194338,332fae28e867365204a0ed9495679fc4b2ff2ea2fdd764ec9b70dd62386d786d,False,False
215,2298,LONG,"['MOMENTUM', 'TREND', 'VOLUME_LIQUIDITY', 'RELATIVE_CROSS_SECTIONAL']",18,0.053005725145339966,0.007242784104909417,85,63,0.5555555555555556,5,5,9,0.03370514139533043,d9aeac45dd027c2241522b4f9b805680371964731a671f2c72004456bae4b215,False,False
216,1108,LONG,"['MOMENTUM', 'VOLUME_LIQUIDITY', 'MARKET_REGIME_STRUCTURE']",18,0.05524635314941406,0.037441001996840084,575,63,0.4444444444444444,4,4,9,0.010036233812570572,e2b485367d659d80ce47094414af53ec3782a544db5b9a1801cb91c97e076d85,False,False
217,4,LONG,['MOMENTUM'],18,0.05633092671632767,0.03626960824993075,489,63,0.4444444444444444,4,4,9,0.011873127892613411,7348af54be0e192a74669f18851cf2ddeb375dedc5f7e1fef707cdc8ce3bc845,False,False
218,2910,LONG,"['BREAKOUT', 'VOLATILITY', 'RELATIVE_CROSS_SECTIONAL', 'MARKET_REGIME_STRUCTURE']",18,0.05366705730557442,0.04106857170156028,430,63,0.4444444444444444,4,4,9,0.019848277792334557,56401703dff213a1a61bd858989a2f1ea6cb2651af67a81c2c6a6f1233beb1cd,False,False
219,338,LONG,"['BREAKOUT', 'MEAN_REVERSION']",18,0.057958658784627914,0.034573080636942796,422,63,0.4444444444444444,4,4,9,0.014589106664061546,469c5de8df4d93eab48d4b32079fff57034a5f40648cc0e121cdf4784a1c97cb,False,False
220,190,LONG,"['MOMENTUM', 'TREND']",18,0.05950048565864563,0.014437763027751994,244,63,0.4444444444444444,4,4,9,0.01222997810691595,11a575b637693c8d038047f04da865001a6464b13799d4bf8198c061c3b9b101,False,False
221,4082,LONG,"['BREAKOUT', 'TREND', 'VOLATILITY', 'VOLUME_LIQUIDITY', 'MARKET_REGIME_STRUCTURE']",18,0.0590461902320385,0.015279099660789677,191,63,0.4444444444444444,4,4,9,0.024231472983956337,94fbbbf4fa9e8716fd93d3376c0a1e5ea80f4eedc8da06ab81a06a78b27b33c7,False,False
222,580,LONG,"['MEAN_REVERSION', 'MARKET_REGIME_STRUCTURE']",18,0.05490662902593613,0.04308582574692604,1203,63,0.3333333333333333,3,3,9,0.010864957235753536,c4cd44f693427c8fcbdb2fa4088f622de45211ba97472a1fe42d16eae77dcd0b,False,False
223,1580,LONG,"['TREND', 'VOLUME_LIQUIDITY', 'RELATIVE_CROSS_SECTIONAL']",18,0.054972756654024124,0.04000582473700514,869,63,0.3333333333333333,3,3,9,0.009618394076824188,642f7ba2dd9728eea8b92a37d57f4efbe3c3731800bfaecc5b7c39626f292bb0,False,False
224,536,LONG,"['MEAN_REVERSION', 'VOLATILITY']",18,0.05520342290401459,0.039068800549403974,587,63,0.3333333333333333,3,3,9,0.012015440501272678,da6eef07d3f8a7b62eaba86cd28f37a4971e506ab5c737de00dc8412734de845,False,False
225,1528,LONG,"['TREND', 'VOLATILITY', 'VOLUME_LIQUIDITY']",18,0.05857865512371063,0.03197871033641197,439,63,0.3333333333333333,3,3,9,0.014683954417705536,d11898d4110b1614a87acf6875e9f28dada57961bd7673df8b443586f2c96c85,False,False
226,1488,LONG,"['TREND', 'MEAN_REVERSION', 'RELATIVE_CROSS_SECTIONAL']",18,0.06302647292613983,0.029314230882305774,190,63,0.3333333333333333,3,3,9,0.010502811521291733,4a8deae701452bfd3eb4440e0e0ad8036b9100ef3dd6976ee2e9667f63044ed8,False,False
227,1778,LONG,"['VOLATILITY', 'VOLUME_LIQUIDITY', 'RELATIVE_CROSS_SECTIONAL']",18,0.06348700076341629,0.016526835880378947,85,63,0.3333333333333333,3,3,9,0.005490574520081282,ae3f14b38af9462b42b5d23cd7dc324dc43f54726b6980124e8cd42fad19453b,False,False
228,452,LONG,"['TREND', 'VOLATILITY']",19,0.041224632412195206,0.02127071624177808,978,63,0.5555555555555556,5,5,9,0.008122098632156849,05874f98f84b4481e3a3e868cba9c6eca40741a5b77dc73ce4628d448e0c59ea,False,False
229,890,LONG,"['MOMENTUM', 'TREND', 'VOLUME_LIQUIDITY']",19,0.03621463105082512,0.022356466699227938,885,63,0.5555555555555556,5,5,9,0.006319780834019184,536995cfc8abd286066a29353c5f1133aab17bad0da8bf87651ce9e67e6aecf1,False,False
230,256,LONG,"['MOMENTUM', 'VOLUME_LIQUIDITY']",19,0.04462787136435509,0.018650992889609332,256,63,0.5555555555555556,5,5,9,0.007288007065653801,38d32cee0a28c5d353b328961f6bcd571b1f13df8808b3b650138d269650b41c,False,False
231,316,LONG,"['BREAKOUT', 'TREND']",19,0.048897936940193176,0.04098048376648558,1547,63,0.4444444444444444,4,4,9,0.010513266548514366,9de97459cdbf732c687c51ab1498bb5c9582230f435af29608a6685fd8ce8adb,False,False
232,1836,LONG,"['VOLUME_LIQUIDITY', 'RELATIVE_CROSS_SECTIONAL', 'MARKET_REGIME_STRUCTURE']",19,0.051195528358221054,0.04043737565479642,1044,63,0.4444444444444444,4,4,9,0.013388351537287235,28dc284140722badff8bd9443e98a0237a0631ef420a2df8c17b8075cfab606c,False,False
233,644,LONG,"['VOLATILITY', 'MARKET_REGIME_STRUCTURE']",19,0.05221763253211975,0.040228406680123854,932,63,0.4444444444444444,4,4,9,0.009188404306769371,b0abcb2f2ec547000c96a25c64141991b3a0b158635d93974a852c5135b6252d,False,False
234,1590,LONG,"['TREND', 'VOLUME_LIQUIDITY', 'RELATIVE_CROSS_SECTIONAL']",19,0.057653460651636124,0.034281491294272576,162,63,0.4444444444444444,4,4,9,0.01103216502815485,f032a2189f7a878eee1543aa4c43c80d226c7b58bda43a1b823b1f6ad128f286,False,False
235,78,LONG,['MEAN_REVERSION'],19,0.048837896436452866,0.04280440021623831,1537,63,0.3333333333333333,3,3,9,0.008582811802625656,79e93173ddab083dbc6cf033878c3c231d86ff3c83e220bcb3b12e82ba05ad37,False,False
236,108,LONG,['VOLUME_LIQUIDITY'],19,0.04998212680220604,0.04194780982468304,1534,63,0.3333333333333333,3,3,9,0.01043708249926567,a94aadf08f3d67a3294c511287e55a10a86d5315d26785f2bf458712621ae5ff,False,False
237,26,LONG,['BREAKOUT'],19,0.054454024881124496,0.04170574422096168,962,63,0.3333333333333333,3,3,9,0.008167507126927376,617a10569c079cda54a47888057a7c8670b2594a8c79fbd1be3d769f40d9311f,False,False
238,470,LONG,"['TREND', 'VOLUME_LIQUIDITY']",19,0.0587942861020565,0.026330044297384766,475,63,0.3333333333333333,3,3,9,0.009453504346311092,1bc79639dbc59e77130c4896a48acb71b8160dbaca07351bb74bd6df540409f2,False,False
239,2232,LONG,"['MOMENTUM', 'TREND', 'VOLATILITY', 'VOLUME_LIQUIDITY']",19,0.05561286583542824,0.03611361228697169,447,63,0.3333333333333333,3,3,9,0.009477222338318825,aa0325419ed77b2207401fcdcec629acaad6c3ba2dae8a8da6574a198d281d3c,False,False
240,2366,LONG,"['MOMENTUM', 'MEAN_REVERSION', 'VOLATILITY', 'RELATIVE_CROSS_SECTIONAL']",19,0.06190510466694832,0.024866574762635346,181,63,0.3333333333333333,3,3,9,0.013929711654782295,757570ea9ea1cf12e0efa9237e888ba617db420587d9afc374f1cb379b0354db,False,False
241,2220,LONG,"['MOMENTUM', 'TREND', 'VOLATILITY', 'VOLUME_LIQUIDITY']",19,0.06005636975169182,0.02815024140175478,275,63,0.2222222222222222,2,2,9,0.06005636975169182,5c55a95c668de6d6b9e22fa2a9f7f79d26040125dd383dbe086ad4b1debc638c,False,False
242,162,LONG,"['MOMENTUM', 'BREAKOUT']",20,0.03719256818294525,0.019593375589838372,284,63,0.5555555555555556,5,5,9,0.013294808566570282,f2f4578ab641198ac6ccfee36e6e171878fb2291c059618c292a53960bfc8524,False,False
243,1498,LONG,"['TREND', 'MEAN_REVERSION', 'RELATIVE_CROSS_SECTIONAL']",20,0.03957235440611839,0.014712253069509486,184,63,0.5555555555555556,5,5,9,0.008655290119349957,92d1553148f60097035003a4b822a1c54c6c260f51e2e673d04994dc359fcca5,False,False
244,3914,LONG,"['MOMENTUM', 'MEAN_REVERSION', 'VOLUME_LIQUIDITY', 'RELATIVE_CROSS_SECTIONAL', 'MARKET_REGIME_STRUCTURE']",20,0.03978225216269493,0.01095400240855646,129,63,0.5555555555555556,5,5,9,0.006221223622560501,e13ceb68e0c825d8fe7a4a72707031bb908ddc7e22d73210d6fd9ccc3704b1fd,False,False
245,1554,LONG,"['TREND', 'VOLATILITY', 'RELATIVE_CROSS_SECTIONAL']",20,0.0492820143699646,0.039910526958422204,1354,63,0.4444444444444444,4,4,9,0.012030154466629028,e019e12067f5db3db2a00c446aa9b117f1d0169af0cf087a46ce82b31ebe709a,False,False
246,1824,LONG,"['VOLUME_LIQUIDITY', 'RELATIVE_CROSS_SECTIONAL', 'MARKET_REGIME_STRUCTURE']",20,0.050463173538446426,0.03422488105479364,857,63,0.4444444444444444,4,4,9,0.014015906490385532,947002447fcbb8985a38ebc5cee64b9beba8a2dc79a84eecf3fef1783f63ca5d,False,False
247,294,LONG,"['MOMENTUM', 'MARKET_REGIME_STRUCTURE']",20,0.05025925487279892,0.03756325779436482,810,63,0.4444444444444444,4,4,9,0.010423915460705757,5ebf3e40d6c8952f9216a9e4de57272daa5fbe23dc108140f51b659450e7e782,False,False
248,1716,LONG,"['MEAN_REVERSION', 'VOLUME_LIQUIDITY', 'RELATIVE_CROSS_SECTIONAL']",20,0.05193499103188515,0.03240651771514935,731,63,0.4444444444444444,4,4,9,0.010747128166258335,77f46d8d2001af3033cbec2a95ac19e4ccca0b9df689cfaf6dcb29f7b46f1c00,False,False
249,170,LONG,"['MOMENTUM', 'BREAKOUT']",20,0.05188627913594246,0.033793682715255915,451,63,0.4444444444444444,4,4,9,0.015719501301646233,981eab7c05a80218b0ee563e95f8c27070cf549285f564717b80784c9a69abca,False,False
250,902,LONG,"['MOMENTUM', 'TREND', 'RELATIVE_CROSS_SECTIONAL']",20,0.05661521852016449,0.024890351981028645,250,63,0.4444444444444444,4,4,9,0.030402451753616333,7f79ae9162865f11a9fe62c56ad3c54cd4a3d3698da42c95de9127a579496046,False,False
251,3144,LONG,"['MEAN_REVERSION', 'VOLATILITY', 'VOLUME_LIQUIDITY', 'RELATIVE_CROSS_SECTIONAL']",20,0.055072490125894547,0.028928510703872,243,63,0.4444444444444444,4,4,9,0.01481613703072071,0dd9e019b3d12f58ed0b0c25587f8ec427a3d59d5912b2c7f06f91ced5a2815d,False,False
252,2190,LONG,"['MOMENTUM', 'TREND', 'MEAN_REVERSION', 'RELATIVE_CROSS_SECTIONAL']",20,0.05649388208985329,0.027173184863080048,235,63,0.4444444444444444,4,4,9,0.027609439566731453,87bc7c4454b3f29179da6a8eae9ff741c2d24dad4ca73ee51d2841d82de6f6ed,False,False
253,864,LONG,"['MOMENTUM', 'TREND', 'VOLATILITY']",20,0.054426636546850204,0.04049500632304355,982,63,0.3333333333333333,3,3,9,0.006820493843406439,00e1f65f98986bae77cd64ff5ccd6937dbbf944e12c182f474fb21797f5498fb,False,False
254,58,LONG,['TREND'],20,0.05265340581536293,0.04079642562054495,978,63,0.3333333333333333,3,3,9,0.007488737348467112,3cbf36dd33cc675b404d9b6e2d4b57729ed228e705ead37be5cb94c2be9a288f,False,False
255,1054,LONG,"['MOMENTUM', 'VOLATILITY', 'RELATIVE_CROSS_SECTIONAL']",20,0.06024623662233353,0.01888938430895535,176,63,0.3333333333333333,3,3,9,0.003000020980834961,596a1eba99be6af0abb838d9a97e808b4c66d06eb703d1bdbb03e618bda947f6,False,False
256,2528,LONG,"['MOMENTUM', 'VOLUME_LIQUIDITY', 'RELATIVE_CROSS_SECTIONAL', 'MARKET_REGIME_STRUCTURE']",20,0.05559235438704491,0.031946065757516864,359,63,0.2222222222222222,2,2,9,0.05559235438704491,00049617dcfa76f65d4d98db4b978546e617e1415859b152a750471c73c88126,False,False
257,1814,LONG,"['VOLATILITY', 'RELATIVE_CROSS_SECTIONAL', 'MARKET_REGIME_STRUCTURE']",21,0.03231584280729294,0.01656255191308584,389,63,0.5555555555555556,5,5,9,0.013215663842856884,e721a9fb83e791fedc08fed1e7c7d3803ac32925e0dfbe58475db9b8e8d9da75,False,False
258,2990,LONG,"['TREND', 'MEAN_REVERSION', 'VOLATILITY', 'MARKET_REGIME_STRUCTURE']",21,0.03552845120429993,0.01647418854411317,351,63,0.5555555555555556,5,5,9,0.023523719981312752,7b8216dc7cf8e83c7732f8b69d75b948dc551d5cb5c8f2376d8de169775271ef,False,False
259,1568,LONG,"['TREND', 'VOLATILITY', 'MARKET_REGIME_STRUCTURE']",21,0.026336222887039185,0.018366400787609323,347,20,0.5555555555555556,5,5,9,0.01761891506612301,b04a8a0c26c81593d5759e365598b3f8a2d4a18e3afda84cc78ac7bb6e49d6f9,False,False
260,106,LONG,['VOLUME_LIQUIDITY'],21,0.04719723016023636,0.03960333544356996,1544,63,0.4444444444444444,4,4,9,0.011117164976894855,075cff3f0b4da9db5096630c844c18a6f0f4d74b6862b7b55d7ad75b8c389eeb,False,False
261,518,LONG,"['TREND', 'MARKET_REGIME_STRUCTURE']",21,0.047936007380485535,0.036723904519745464,1123,63,0.4444444444444444,4,4,9,0.011880103498697281,4512f803795c96bdc76a287791dae74daeec0b4798ded3d652b6c5ba8d90b666,False,False
262,1052,LONG,"['MOMENTUM', 'VOLATILITY', 'RELATIVE_CROSS_SECTIONAL']",21,0.04874095320701599,0.034830323693761406,869,63,0.4444444444444444,4,4,9,0.010080886073410511,b0b1b3986d56e9b5a769e373ecc0d7487fd5ef949b4d841e4132131e8dab033b,False,False
263,892,LONG,"['MOMENTUM', 'TREND', 'VOLUME_LIQUIDITY']",21,0.05461981147527695,0.025040333344717156,523,63,0.4444444444444444,4,4,9,0.018515633419156075,10584274dd69b2fff2f3744dd4a32bd3e060e35ae2fbd2090af70c7a5aafeb3f,False,False
264,342,LONG,"['BREAKOUT', 'VOLATILITY']",21,0.052241384983062744,0.02569942514997151,439,63,0.4444444444444444,4,4,9,0.012933788821101189,6de250e49222332de9acd0d51a72768be6758fbadc921943615aae8a9155ffb8,False,False
265,556,LONG,"['MEAN_REVERSION', 'VOLUME_LIQUIDITY']",21,0.05653980374336243,0.024825002267307786,359,63,0.4444444444444444,4,4,9,0.011061156168580055,ad992ce9cd8f91324b25330abc9550fb0940891977fc6b14fe89d36a00c38701,False,False
266,3014,LONG,"['TREND', 'MEAN_REVERSION', 'VOLUME_LIQUIDITY', 'RELATIVE_CROSS_SECTIONAL']",21,0.05369490385055542,0.02519871389351637,136,63,0.4444444444444444,4,4,9,0.016515610739588737,0bfc0dff934a40ab13d1858bd460b808c8fbba6de0f82ceb52cafc1b1c26e4cf,False,False
267,176,LONG,"['MOMENTUM', 'BREAKOUT']",21,0.04834723100066185,0.03770902328196493,1397,63,0.3333333333333333,3,3,9,0.0070269471034407616,ec3fbccd9ca37bcfefa6bab999d2c3eeae5886586e31acdecf967fb60c742c69,False,False
268,1786,LONG,"['VOLATILITY', 'VOLUME_LIQUIDITY', 'MARKET_REGIME_STRUCTURE']",21,0.05239330232143402,0.03745668730724716,581,63,0.3333333333333333,3,3,9,0.01086441520601511,21fb53f0b87c42ed5b4ce91e10b503e0bb1ec4f17b4fd2f1ad878a36075a4494,False,False
269,940,LONG,"['MOMENTUM', 'MEAN_REVERSION', 'VOLATILITY']",21,0.0542900525033474,0.031909526518211676,486,63,0.3333333333333333,3,3,9,0.009353500790894032,ae69a5f86a7719f45aab871de58728248d5878a3a543319e553e86b789159623,False,False
270,1412,LONG,"['BREAKOUT', 'VOLUME_LIQUIDITY', 'MARKET_REGIME_STRUCTURE']",21,0.05550049990415573,0.027151843598210833,235,63,0.3333333333333333,3,3,9,0.004443750251084566,0d42ccc5c88dccfca0c7a38138c3802af49848f0a8a3518bf1b9b3227bf435d1,False,False
271,3832,LONG,"['MOMENTUM', 'TREND', 'VOLUME_LIQUIDITY', 'RELATIVE_CROSS_SECTIONAL', 'MARKET_REGIME_STRUCTURE']",21,0.05570347234606743,0.025422846328912965,123,63,0.1111111111111111,1,1,9,0.05570347234606743,d9ecfe2ee98639aa4a5b3e68948a39807ff8ed3009ab7da953290c7a7510e681,False,False
272,1042,LONG,"['MOMENTUM', 'VOLATILITY', 'RELATIVE_CROSS_SECTIONAL']",21,0.06001447141170502,0.009538434806282983,97,63,0.1111111111111111,1,1,9,0.06001447141170502,520f6e75bf39b14e5f37fbb15e3c4151bbc52daa552aaae952d89051f09c5097,False,False
273,1232,LONG,"['BREAKOUT', 'TREND', 'MARKET_REGIME_STRUCTURE']",22,0.030505424365401268,0.014746038576793845,319,63,0.5555555555555556,5,5,9,0.01130618341267109,6e1c728d4dc5f9e9850a5f38060718e5ef5b09fa60fafbac0670e32891625485,False,False
274,1614,LONG,"['TREND', 'VOLUME_LIQUIDITY', 'MARKET_REGIME_STRUCTURE']",22,0.04746191203594208,0.03655632015644658,639,63,0.4444444444444444,4,4,9,0.006525922100991011,c5fe6a103217bb8b8f8961d8be36236b607353fd4eb0590960f23cc512d1eaa8,False,False
275,3230,LONG,"['VOLATILITY', 'VOLUME_LIQUIDITY', 'RELATIVE_CROSS_SECTIONAL', 'MARKET_REGIME_STRUCTURE']",22,0.05185398459434509,0.025106088069629356,473,63,0.4444444444444444,4,4,9,0.005175047554075718,7a0bda89e36aa7a2279e93a4337a94e5d475d69e522077b5ce2a7c0b7d930279,False,False
276,2378,LONG,"['MOMENTUM', 'MEAN_REVERSION', 'VOLATILITY', 'RELATIVE_CROSS_SECTIONAL']",22,0.047550883144140244,0.02532576969120214,357,63,0.4444444444444444,4,4,9,0.007698903325945139,bac4f863988216722432f27349268d9968af1dd07769e6685f9c15744a2c71c2,False,False
277,1390,LONG,"['BREAKOUT', 'VOLUME_LIQUIDITY', 'RELATIVE_CROSS_SECTIONAL']",22,0.052918385714292526,0.021895950281969567,190,63,0.4444444444444444,4,4,9,0.01644257828593254,ed30ae004b450de738a514d7e24dc607ca95e7c21e50bb42333b9d6079d93aac,False,False
278,676,LONG,"['VOLUME_LIQUIDITY', 'RELATIVE_CROSS_SECTIONAL']",22,0.044773634523153305,0.03890393954581841,1537,63,0.3333333333333333,3,3,9,0.009853345341980457,74fc99f48269f53e633fd57c5a2240eb813fac22fff8df47c166d9017bc5db37,False,False
279,1194,LONG,"['BREAKOUT', 'TREND', 'VOLUME_LIQUIDITY']",22,0.044903893023729324,0.03861600831368068,1519,63,0.3333333333333333,3,3,9,0.007930472493171692,8b5bb3c922993922f5191a9a6ab59cf506648a0c0da05c960e5cdc3f2da80184,False,False
280,786,LONG,"['MOMENTUM', 'BREAKOUT', 'VOLUME_LIQUIDITY']",22,0.04674307629466057,0.0384122157713646,1281,63,0.3333333333333333,3,3,9,0.008572109043598175,255c0aa39a7d28b3fcae9cd4582268fe99ab0b2cd9f49114ff12cb947689046b,False,False
281,2536,LONG,"['MOMENTUM', 'VOLUME_LIQUIDITY', 'RELATIVE_CROSS_SECTIONAL', 'MARKET_REGIME_STRUCTURE']",22,0.050085291266441345,0.03367540336999344,643,63,0.3333333333333333,3,3,9,0.006293510086834431,ff19519c28bf560f58bf7a9287343d68eed4930777095b857c5cfb8ba9f54bce,False,False
282,112,LONG,['VOLUME_LIQUIDITY'],22,0.04942622780799866,0.03598950564084763,571,63,0.3333333333333333,3,3,9,0.008940091356635094,672a86d45ab48d9937064064d468f5f805bef8289e6fc28f840045a7e696422b,False,False
283,3140,LONG,"['MEAN_REVERSION', 'VOLATILITY', 'VOLUME_LIQUIDITY', 'RELATIVE_CROSS_SECTIONAL']",22,0.05327659845352173,0.026114640841621083,420,63,0.3333333333333333,3,3,9,0.006982949562370777,9607713bbdd5c569595ca073cfad53189e6e5ac6f127a8d80dbb579ed551e0a2,False,False
284,836,LONG,"['MOMENTUM', 'BREAKOUT', 'MARKET_REGIME_STRUCTURE']",22,0.05207693204283714,0.029528204294053596,285,63,0.3333333333333333,3,3,9,0.0101265674456954,a9b4fa8df4d6878aaf181ff9f2e5c48ee3ce16152f2b96ce198c12b45a6b0bf1,False,False
285,1220,LONG,"['BREAKOUT', 'TREND', 'MARKET_REGIME_STRUCTURE']",22,0.05583854764699936,-0.013565749632607108,99,63,0.3333333333333333,3,3,9,0.014527585357427597,37e116e831d32e34f4d68d46501422067db17c80b64c3f798bb7a10f4d4c7302,False,False
286,1000,LONG,"['MOMENTUM', 'MEAN_REVERSION', 'MARKET_REGIME_STRUCTURE']",22,0.055601816624403,0.023508574825169486,233,63,0.2222222222222222,2,2,9,0.055601816624403,bceb587ef34ec610ffd782b0716c1d1c05b4c8c36361cd0237a6c4c5ce3fb767,False,False
287,1198,LONG,"['BREAKOUT', 'TREND', 'VOLUME_LIQUIDITY']",22,0.0548335425555706,0.02686297481953291,172,63,0.2222222222222222,2,2,9,0.0548335425555706,42ab28162507558d28431df596d9b7b396c538dca7615bd352d20f62cfd3ef1e,False,False
288,2228,LONG,"['MOMENTUM', 'TREND', 'VOLATILITY', 'VOLUME_LIQUIDITY']",22,0.052179720252752304,0.029955857364366508,294,63,0.1111111111111111,1,1,9,0.052179720252752304,daed5b4a96a0708a40f189c9b8f571bf1dbcf78fee3defcf896373a899d03b4e,False,False
289,990,LONG,"['MOMENTUM', 'MEAN_REVERSION', 'RELATIVE_CROSS_SECTIONAL']",22,0.05727630853652954,-0.002736799610796245,86,63,0.1111111111111111,1,1,9,0.05727630853652954,bf88e383539322c068be2ad39be62c085efaae01bd11789ff0bb33085461772d,False,False
290,3124,LONG,"['TREND', 'VOLUME_LIQUIDITY', 'RELATIVE_CROSS_SECTIONAL', 'MARKET_REGIME_STRUCTURE']",23,0.028857113793492317,0.006359930734606552,46,20,0.5555555555555556,5,5,9,0.01716105081140995,3205b19fbc667bc5b074e9c795a541329a24c51c382f9e40209dbbcad1849f6f,False,False
291,460,LONG,"['TREND', 'VOLUME_LIQUIDITY']",23,0.045204635709524155,0.0360143839025755,1242,63,0.4444444444444444,4,4,9,0.008882192894816399,08e7e1c357f3d771307c011b063f814a7b311cd092f35de4a68eccac499193a2,False,False
292,1502,LONG,"['TREND', 'MEAN_REVERSION', 'MARKET_REGIME_STRUCTURE']",23,0.04553431645035744,0.03438983438230833,545,63,0.4444444444444444,4,4,9,0.009343327023088932,f75d6990fa49ff799b1185b49532bc717af14b54cfef436c455cc11583890817,False,False
293,1802,LONG,"['VOLATILITY', 'RELATIVE_CROSS_SECTIONAL', 'MARKET_REGIME_STRUCTURE']",23,0.04638560861349106,0.02935185937527404,516,63,0.4444444444444444,4,4,9,0.0104640768840909,7aae9f83c5c937d35dea8cdda2bcbb9f194f8e4b17af45b393fdfbc78da48d7b,False,False
294,1114,LONG,"['MOMENTUM', 'VOLUME_LIQUIDITY', 'MARKET_REGIME_STRUCTURE']",23,0.045537933707237244,0.03113850273414371,493,63,0.4444444444444444,4,4,9,0.01029107067734003,7151b8f3edc7e04e4e59cd95285ff08c2641790f4531302fc536c94cc051bb9f,False,False
295,872,LONG,"['MOMENTUM', 'TREND', 'VOLATILITY']",23,0.04809577018022537,0.022460393734301216,452,63,0.4444444444444444,4,4,9,0.0055679501965641975,3aa7ec992bf98d1030837ae7f424c31a0b24d040390502982f29b66c3e5e91b0,False,False
296,2276,LONG,"['MOMENTUM', 'TREND', 'VOLATILITY', 'MARKET_REGIME_STRUCTURE']",23,0.047284070402383804,0.02538513252194006,361,63,0.4444444444444444,4,4,9,0.01848597079515457,56787e2aa9e71231a450f6c23a154cee1a8a6625c5ce88c111389adc4ea6efa7,False,False
297,1064,LONG,"['MOMENTUM', 'VOLATILITY', 'MARKET_REGIME_STRUCTURE']",23,0.04886337369680405,0.01866107262095916,270,63,0.4444444444444444,4,4,9,0.012759626843035221,263e9c55ce953575b848071ebb4b5183f197ecd9f5a049ca7966b424024a73cf,False,False
298,2304,LONG,"['MOMENTUM', 'TREND', 'VOLUME_LIQUIDITY', 'MARKET_REGIME_STRUCTURE']",23,0.052162155508995056,0.014985331756931612,225,63,0.4444444444444444,4,4,9,0.01889965683221817,67faa35f8fb8b6cc86b446959dd38b077e0eb3e174b394b0e7a0e3fff2ed2253,False,False
299,2040,LONG,"['MOMENTUM', 'BREAKOUT', 'VOLATILITY', 'RELATIVE_CROSS_SECTIONAL']",23,0.04819149523973465,0.02183406465599391,170,63,0.4444444444444444,4,4,9,0.008720943704247475,b01666e09f86dfc0fb2a5179a3a63cdf5af22c51754de16f440792a5a09ee173,False,False
300,1818,LONG,"['VOLATILITY', 'RELATIVE_CROSS_SECTIONAL', 'MARKET_REGIME_STRUCTURE']",23,0.044483475387096405,0.03835015249437232,1440,63,0.3333333333333333,3,3,9,0.009271858260035515,9f2211c760d6a54a43317416a9465d64b4dbc53b83b7d4557efee575d22275a3,False,False
301,2464,LONG,"['MOMENTUM', 'VOLATILITY', 'VOLUME_LIQUIDITY', 'RELATIVE_CROSS_SECTIONAL']",23,0.04691869020462036,0.034642694934991156,954,63,0.3333333333333333,3,3,9,0.009124807082116604,13db632fb8430b637cbc20e308a63dcb1658be0d1f4c626b33514c7c0acc6739,False,False
302,1416,LONG,"['BREAKOUT', 'VOLUME_LIQUIDITY', 'MARKET_REGIME_STRUCTURE']",23,0.047600436955690384,0.03249252073315673,930,63,0.3333333333333333,3,3,9,0.008478828705847263,1e6b22ef9098d253266e633f1ab5ffef18a09ac09385d5ce9be4bc2753d2b823,False,False
303,456,LONG,"['TREND', 'VOLATILITY']",23,0.04766383022069931,0.031480525779976704,781,63,0.3333333333333333,3,3,9,0.006723372731357813,edfd7c94f4664f859c8cace55916a2ab69ae56b5cf5ab6444362f4e17bccdf4c,False,False
304,420,LONG,"['TREND', 'MEAN_REVERSION']",23,0.04722170531749725,0.03256643171406785,653,63,0.3333333333333333,3,3,9,0.008575025014579296,eb047f7ec325c1766eadbf054af6bfdd63a16f2044733bb5748dfb482ebc8471,False,False
305,286,LONG,"['MOMENTUM', 'MARKET_REGIME_STRUCTURE']",23,0.04847375303506851,0.026501027018578906,570,63,0.3333333333333333,3,3,9,0.0065398686565458775,a9ecbb6f65a5145d62dbb8910ebe84d15a10e7b8eddf57f6c0fbe6abab4e48ab,False,False
306,3128,LONG,"['TREND', 'VOLUME_LIQUIDITY', 'RELATIVE_CROSS_SECTIONAL', 'MARKET_REGIME_STRUCTURE']",23,0.0519515797495842,0.023821312076822733,414,63,0.3333333333333333,3,3,9,0.006944816093891859,4b8888d3f3cebaad7431ffc803b02d28257f0657d64b8a1be4b93e2b9eb6a28f,False,False
307,3492,LONG,"['MOMENTUM', 'BREAKOUT', 'MEAN_REVERSION', 'VOLATILITY', 'MARKET_REGIME_STRUCTURE']",23,0.04852667823433876,0.028249594673586873,350,63,0.1111111111111111,1,1,9,0.04852667823433876,1dc84f1ca6aaaa772072d96f252596d1fbbb1d7f536d8110d6e9f6befb707543,False,False
308,1708,LONG,"['MEAN_REVERSION', 'VOLUME_LIQUIDITY', 'RELATIVE_CROSS_SECTIONAL']",23,0.05416383221745491,0.004145808643785165,145,63,0.1111111111111111,1,1,9,0.05416383221745491,43c9ed84871e702b906ae8f135a9e043436c52d210391ff36a27c7cb75570e5e,False,False
309,4300,LONG,"['TREND', 'MEAN_REVERSION', 'VOLUME_LIQUIDITY', 'RELATIVE_CROSS_SECTIONAL', 'MARKET_REGIME_STRUCTURE']",23,0.049242597073316574,0.023904629785567656,63,63,0.1111111111111111,1,1,9,0.049242597073316574,486d4b965af61658be50902c88d3bea96d7527ead5922ff08ccc8d472cbf8ced,False,False
310,274,LONG,"['MOMENTUM', 'RELATIVE_CROSS_SECTIONAL']",24,0.022350793704390526,0.005623325057502099,166,20,0.5555555555555556,5,5,9,0.013498715125024319,4de9b49a4c37f097b2e6ef6298019993acb29b500f0c08595d0eb8d3e660ee85,False,False
311,3822,LONG,"['MOMENTUM', 'TREND', 'VOLUME_LIQUIDITY', 'RELATIVE_CROSS_SECTIONAL', 'MARKET_REGIME_STRUCTURE']",24,0.028446407988667488,-0.006682885238073824,149,63,0.5555555555555556,5,5,9,0.00431410875171423,5365cdf653da1a3d80c503747f372cce46de13f9b172808c1cdd5cc17a5be6ee,False,False
312,192,LONG,"['MOMENTUM', 'TREND']",24,0.04448556900024414,0.03593654579513115,1187,63,0.4444444444444444,4,4,9,0.010362171567976475,78699ca3ff19b2f82b1cc6d494049d1815bd32711fb11cdfbc80493df7d5fcb6,False,False
313,480,LONG,"['TREND', 'RELATIVE_CROSS_SECTIONAL']",24,0.04590008035302162,0.025676308119254046,674,63,0.4444444444444444,4,4,9,0.012081670574843884,ddc563d1704e6517ab6d3cd455b028d829209ee20fa4c5a9b3aac600e704a928,False,False
314,3070,LONG,"['TREND', 'VOLATILITY', 'VOLUME_LIQUIDITY', 'RELATIVE_CROSS_SECTIONAL']",24,0.046486787497997284,0.023218013535803064,454,63,0.4444444444444444,4,4,9,0.008917413651943207,4c0c7b70a54dd87847523b16977df7c0ad00463caf88d2e5faa99310c3fd100f,False,False
315,130,LONG,['RELATIVE_CROSS_SECTIONAL'],24,0.04373792186379433,0.03790658142410311,1580,63,0.3333333333333333,3,3,9,0.009731766767799854,24239b98919bbbe9379312981689c7df255d2d72b833121d12df22f685f34048,False,False
316,1112,LONG,"['MOMENTUM', 'VOLUME_LIQUIDITY', 'MARKET_REGIME_STRUCTURE']",24,0.04566172510385513,0.031158517155529218,1127,63,0.3333333333333333,3,3,9,0.007377914618700743,c3874567f5f59eccca3d863e633a37cd180b25b1d130e861eb8f75e8ecd503c8,False,False
317,196,LONG,"['MOMENTUM', 'TREND']",24,0.04471740499138832,0.03255407602255769,999,63,0.3333333333333333,3,3,9,0.009784810245037079,f21a9f8bcea911a03b4ce37b40cf7f6d983d60b88025ba163e41cb2d74e97b92,False,False
318,486,LONG,"['TREND', 'RELATIVE_CROSS_SECTIONAL']",24,0.048255763947963715,0.025074445361386585,681,63,0.3333333333333333,3,3,9,0.007934950292110443,6098034b2ea32b1c24a864770435921c8539d53ff1ec732e670ff91193f22638,False,False
319,1386,LONG,"['BREAKOUT', 'VOLUME_LIQUIDITY', 'RELATIVE_CROSS_SECTIONAL']",24,0.04748654365539551,0.03089180597142166,511,63,0.3333333333333333,3,3,9,0.004830110352486372,f3bc7c41a7f6b855c87ac652af9f6b359668b1aa1b7d29eaefb5da675f0af66d,False,False
320,3660,LONG,"['MOMENTUM', 'TREND', 'MEAN_REVERSION', 'VOLATILITY', 'RELATIVE_CROSS_SECTIONAL']",24,0.04920683428645134,0.02146229143211464,266,63,0.3333333333333333,3,3,9,0.005593042820692062,d43d2362ddfed565fa1f79a8c0aaaa8d4e3dab7a031311113256f09dd1966ac9,False,False
321,4036,LONG,"['BREAKOUT', 'TREND', 'MEAN_REVERSION', 'VOLUME_LIQUIDITY', 'MARKET_REGIME_STRUCTURE']",24,0.05098625272512436,0.003968951479847264,114,63,0.3333333333333333,3,3,9,0.0050123948603868484,cc187b39eaa8e981f3224e780147eb80da4094dbf70326f3ee847fb23d3acf10,False,False
322,1122,LONG,"['MOMENTUM', 'RELATIVE_CROSS_SECTIONAL', 'MARKET_REGIME_STRUCTURE']",24,0.04971669986844063,0.007833361056764729,74,63,0.3333333333333333,3,3,9,0.01370228547602892,2130cac46acb2dd06b77ec160b77f751ef0d786259715e73566ad217b9baad0e,False,False
323,1582,LONG,"['TREND', 'VOLUME_LIQUIDITY', 'RELATIVE_CROSS_SECTIONAL']",24,0.045475177466869354,0.031748347078177835,628,63,0.2222222222222222,2,2,9,0.045475177466869354,9241cdfd1a431e959a55a7682934f77bc968cccd733321d77fe90743ddcb378b,False,False
324,2240,LONG,"['MOMENTUM', 'TREND', 'VOLATILITY', 'RELATIVE_CROSS_SECTIONAL']",24,0.050891630351543427,0.006607144516898027,209,63,0.1111111111111111,1,1,9,0.050891630351543427,a1be540c1558d01d1c2b596536feca97e7ea99fc9a5a61b88a7363ad84399a8e,False,False
325,2066,LONG,"['MOMENTUM', 'BREAKOUT', 'VOLATILITY', 'MARKET_REGIME_STRUCTURE']",25,0.027439216151833534,-0.009510189344307717,97,63,0.5555555555555556,5,5,9,0.017816798761487007,e48c63ed446937bd9744d2573617035ee6d03e0b06c1614adfdb0751b2a9b03f,False,False
326,1740,LONG,"['MEAN_REVERSION', 'RELATIVE_CROSS_SECTIONAL', 'MARKET_REGIME_STRUCTURE']",25,0.03918744996190071,0.03221256993131991,1247,63,0.4444444444444444,4,4,9,0.008957655169069767,1f538185af263eb7f8b973ea020cdb19498d2fedef14bf0c191ceef1dde66560,False,False
327,1632,LONG,"['TREND', 'RELATIVE_CROSS_SECTIONAL', 'MARKET_REGIME_STRUCTURE']",25,0.04290541633963585,0.025660354192507992,547,63,0.4444444444444444,4,4,9,0.011550044640898705,5671a6d9dc6ed433606e9f3501f7cefefccbbda2ee025620e6e17d2a39d441b9,False,False
328,1898,LONG,"['MOMENTUM', 'BREAKOUT', 'TREND', 'VOLUME_LIQUIDITY']",25,0.04640530049800873,0.008604487103642547,151,63,0.4444444444444444,4,4,9,0.017590919509530067,791addf8764d67f2284293e7fb6152f8819a5406af1ecb287ba6d286f342db46,False,False
329,702,LONG,"['RELATIVE_CROSS_SECTIONAL', 'MARKET_REGIME_STRUCTURE']",25,0.04344339668750763,0.03693276301376056,1461,63,0.3333333333333333,3,3,9,0.00903646182268858,07b7a586034b9065c29f23d273a9f29de5d7bcfba6ad54cce78bb74d81b2bbf2,False,False
330,1288,LONG,"['BREAKOUT', 'MEAN_REVERSION', 'RELATIVE_CROSS_SECTIONAL']",25,0.043528296053409576,0.03689006175583915,1417,63,0.3333333333333333,3,3,9,0.009433199651539326,5b2d169be49fba2598de039b8d35ede4876f91b2feb295cecb49addf0754937e,False,False
331,534,LONG,"['MEAN_REVERSION', 'VOLATILITY']",25,0.04442343860864639,0.0347160802651225,1192,63,0.3333333333333333,3,3,9,0.005800013430416584,30483ec72993444c39580366cdeb6ed3bd61de1affa0d7dbcee29839ffdd7cfb,False,False
332,282,LONG,"['MOMENTUM', 'MARKET_REGIME_STRUCTURE']",25,0.047012485563755035,0.02967852823183172,588,63,0.3333333333333333,3,3,9,0.005855895113199949,b2f107ed9278a1e1677edf5258dbdda99c5fdd38d8edaf7981bb287066b9f28c,False,False
333,2704,LONG,"['BREAKOUT', 'TREND', 'VOLUME_LIQUIDITY', 'MARKET_REGIME_STRUCTURE']",25,0.04821370542049408,0.024919720581567124,325,63,0.3333333333333333,3,3,9,0.000635051226709038,c693e1392474af268576c2bde81ec7c691e6f9728bfdebe5d6b4a81edc8d98e4,False,False
334,1540,LONG,"['TREND', 'VOLATILITY', 'RELATIVE_CROSS_SECTIONAL']",25,0.04531818628311157,0.031046389286417134,231,63,0.3333333333333333,3,3,9,0.0068614305928349495,0bca5dfc8c02555c955e7a70956bc3a6ab77cb714e6734b96d1b2f9aa24e6bb2,False,False
335,664,LONG,"['VOLUME_LIQUIDITY', 'RELATIVE_CROSS_SECTIONAL']",25,0.04445352032780647,0.03350518803893226,1297,63,0.2222222222222222,2,2,9,0.04445352032780647,deff37f0c1a35a3681eeb7d6ec184ed7357997fc81f6731a88c0166dc69674e9,False,False
336,3802,LONG,"['MOMENTUM', 'TREND', 'VOLATILITY', 'RELATIVE_CROSS_SECTIONAL', 'MARKET_REGIME_STRUCTURE']",26,0.012589453719556332,-0.014950481684941466,184,63,0.5555555555555556,5,5,9,0.0020461021922528744,ad5e6ab76291a9110ca13a73a33851be7aa925cf63334cf6bc402bf2609d3698,False,False
337,562,LONG,"['MEAN_REVERSION', 'RELATIVE_CROSS_SECTIONAL']",26,0.0346246063709259,0.027140768837126045,1155,63,0.4444444444444444,4,4,9,0.008736520074307919,1f2bc0a94c1050961d975d5eb004fe6d1a31ebd33874ea32e22b03deca58970f,False,False
338,1750,LONG,"['MEAN_REVERSION', 'RELATIVE_CROSS_SECTIONAL', 'MARKET_REGIME_STRUCTURE']",26,0.03753071650862694,0.025219267163358837,958,63,0.4444444444444444,4,4,9,0.011529671959578991,3aca1348cec752e531848ec658daf2f71a5c80ad6a1e5c44c5c02e0453aed456,False,False
339,1754,LONG,"['MEAN_REVERSION', 'RELATIVE_CROSS_SECTIONAL', 'MARKET_REGIME_STRUCTURE']",26,0.04190047085285187,0.025191907176037812,309,63,0.4444444444444444,4,4,9,0.00791313499212265,490952ca8324e9825537a24fb175af6c049e8d6f7e00425b62186c5803655880,False,False
340,1620,LONG,"['TREND', 'RELATIVE_CROSS_SECTIONAL', 'MARKET_REGIME_STRUCTURE']",26,0.04226338863372803,0.010904534178558946,284,63,0.4444444444444444,4,4,9,0.001736335107125342,1948be486e7503ee99defabb7702bb84671e4a655294f7444bd83f82e7713b6e,False,False
341,12,LONG,['MOMENTUM'],26,0.0435226634144783,0.03683022494188653,1459,63,0.3333333333333333,3,3,9,0.008421443402767181,faa4ad26bdc41e0afdabee141f5a0b5ce2ab402ccccfe62b8a27c9a61df36c1a,False,False
342,1246,LONG,"['BREAKOUT', 'MEAN_REVERSION', 'VOLATILITY']",26,0.04403705894947052,0.03362343344633172,1377,63,0.3333333333333333,3,3,9,0.006331657059490681,43280ff5cf65e5ebf90b345258dbd65d368dda7f2343014646a4f1d6e8502101,False,False
343,2876,LONG,"['BREAKOUT', 'VOLATILITY', 'VOLUME_LIQUIDITY', 'RELATIVE_CROSS_SECTIONAL']",26,0.04497671499848366,0.0258828607151297,663,63,0.3333333333333333,3,3,9,0.0024598753079771996,377634533ebbeda353ec13b71756e65a78582ab67b55f34aeb6953156ee3c371,False,False
344,2332,LONG,"['MOMENTUM', 'TREND', 'RELATIVE_CROSS_SECTIONAL', 'MARKET_REGIME_STRUCTURE']",26,0.046280525624752045,0.021342158230939504,376,63,0.3333333333333333,3,3,9,0.0058584376238286495,d7def5298b17aebaaaf2e311ed5ab72d9fe87ace794dc3faa351c1eb16bb84d1,False,False
345,928,LONG,"['MOMENTUM', 'TREND', 'MARKET_REGIME_STRUCTURE']",26,0.04737892746925354,0.020732511041376626,194,63,0.3333333333333333,3,3,9,0.004803812131285667,b1e850bac3151dc3cacaca7098cf9b9c1eda21b59b873438dca2f9c7ad6acaa2,False,False
346,1820,LONG,"['VOLUME_LIQUIDITY', 'RELATIVE_CROSS_SECTIONAL', 'MARKET_REGIME_STRUCTURE']",26,0.04821278899908066,0.014324538769320432,187,63,0.3333333333333333,3,3,9,0.012113962322473526,498647b2a127410cabf729ce38197b922bc9380be7a6be6481bc0cb3b0cb0654,False,False
347,2078,LONG,"['MOMENTUM', 'BREAKOUT', 'VOLATILITY', 'MARKET_REGIME_STRUCTURE']",26,0.04789193347096443,0.015795414068206177,173,63,0.3333333333333333,3,3,9,0.012562285177409649,3091aa7565b17efa03aba7d59fbac64cdc3bc50f17491db64dc41a7e3a40f1a7,False,False
348,1174,LONG,"['BREAKOUT', 'TREND', 'VOLATILITY']",26,0.046099789440631866,0.02926211551040198,442,63,0.2222222222222222,2,2,9,0.046099789440631866,b6d6ef6a93bb0d3876822645a44260a5685a722438ff95e0743289dfaad1c649,False,False
349,3868,LONG,"['MOMENTUM', 'MEAN_REVERSION', 'VOLATILITY', 'VOLUME_LIQUIDITY', 'MARKET_REGIME_STRUCTURE']",26,0.04685094580054283,0.023940776205528362,256,63,0.1111111111111111,1,1,9,0.04685094580054283,bef961b5c88a20a0f1e0f94319c119a7645803d2fa45c43f03a57d01c24f9eec,False,False
350,56,LONG,['TREND'],27,0.035957664251327515,0.02447493581805482,1287,63,0.4444444444444444,4,4,9,0.008155115880072117,cd01a65b5c7be685bced630248c9bf1d70f29f9043abc15ac62b4560eb5b39ee,False,False
351,968,LONG,"['MOMENTUM', 'MEAN_REVERSION', 'VOLUME_LIQUIDITY']",27,0.039887331426143646,0.022813160738919477,641,63,0.4444444444444444,4,4,9,0.008543516509234905,fe0de2edeff822c3be7efe996299a397956e5894997036189a5484de771552e5,False,False
352,1788,LONG,"['VOLATILITY', 'VOLUME_LIQUIDITY', 'MARKET_REGIME_STRUCTURE']",27,0.043469805270433426,0.03641417431714614,1149,63,0.3333333333333333,3,3,9,0.007632832508534193,26312f1c2c5915fa54c6737fa082cce96afafedf717027f370a4f95680a85416,False,False
353,1622,LONG,"['TREND', 'RELATIVE_CROSS_SECTIONAL', 'MARKET_REGIME_STRUCTURE']",27,0.04364394024014473,0.03282724303770832,807,63,0.3333333333333333,3,3,9,0.007764322217553854,a1b450692b97ad650e2b1334d4bed50b91878d64657ed4b38f823fcfed30d97d,False,False
354,10,LONG,['MOMENTUM'],27,0.04389161616563797,0.029730321636709425,778,63,0.3333333333333333,3,3,9,0.00804227776825428,c007a9d59af65aa937882d44fc3bea8172219f5bfc52600727d7e23e42955e3e,False,False
355,1128,LONG,"['MOMENTUM', 'RELATIVE_CROSS_SECTIONAL', 'MARKET_REGIME_STRUCTURE']",27,0.04483793303370476,-0.007281498075483263,57,63,0.3333333333333333,3,3,9,0.02767731249332428,496c80a7ddbeeee0593c13b21405b7491bcf907b055ea6a79507db57d7adb643,False,False
356,4188,LONG,"['BREAKOUT', 'MEAN_REVERSION', 'VOLATILITY', 'RELATIVE_CROSS_SECTIONAL', 'MARKET_REGIME_STRUCTURE']",27,0.04405872896313667,0.018965340832859667,224,63,0.3333333333333333,2,3,9,0.00402259174734354,7934dd41337319ca40012d30729b4e8018b0ae17c9f2e9bb4536a5994f81a9f7,False,False
357,2518,LONG,"['MOMENTUM', 'VOLATILITY', 'RELATIVE_CROSS_SECTIONAL', 'MARKET_REGIME_STRUCTURE']",27,0.04502245783805847,0.025428626727413625,407,63,0.2222222222222222,2,2,9,0.04502245783805847,5bc759ae9eac4ddef6c71e07272f75e69e905ac351013e3ab531e5ce6b033abf,False,False
358,2868,LONG,"['BREAKOUT', 'VOLATILITY', 'VOLUME_LIQUIDITY', 'RELATIVE_CROSS_SECTIONAL']",27,0.045778799802064896,-0.005207617726818534,61,63,0.2222222222222222,2,2,9,0.045778799802064896,6f1216efe5963ed5bb80850b6f4689fb49ccb2a8526f9b05fa86a08a82804cb7,False,False
359,1286,LONG,"['BREAKOUT', 'MEAN_REVERSION', 'RELATIVE_CROSS_SECTIONAL']",27,0.045169901102781296,0.027600101685842683,644,63,0.1111111111111111,1,1,9,0.045169901102781296,e12bb68eac3783d3209ad1c0f74ee8e180f028e95612245809bb7afa7d3b328f,False,False
360,1418,LONG,"['BREAKOUT', 'VOLUME_LIQUIDITY', 'MARKET_REGIME_STRUCTURE']",27,0.04607667773962021,-0.0014606837795781494,80,63,0.1111111111111111,1,1,9,0.04607667773962021,89849e150b70765259c7081608795d497e96f972a75a2f4380aa5efe77864208,False,False
361,422,LONG,"['TREND', 'MEAN_REVERSION']",28,0.03562014549970627,0.018908677135169298,821,63,0.4444444444444444,4,4,9,0.00934961624443531,d7e800d31f1b54649ae3cb71c9020221029198675edb430242e254a8a4e67629,False,False
362,2522,LONG,"['MOMENTUM', 'VOLUME_LIQUIDITY', 'RELATIVE_CROSS_SECTIONAL', 'MARKET_REGIME_STRUCTURE']",28,0.03454145789146423,0.02081477323378249,709,63,0.4444444444444444,4,4,9,0.00852451752871275,5905ba7734f3125fb47628cf2168a368bf95108bcf48cfc75c84f7e7554ecb28,False,False
363,1056,LONG,"['MOMENTUM', 'VOLATILITY', 'RELATIVE_CROSS_SECTIONAL']",28,0.037260137498378754,0.015219220867702943,375,63,0.4444444444444444,4,4,9,0.008092808537185192,347f59e455346d69c1d062f0d61e45f1ada3d66086ea49e046f9e00e0e9ad47a,False,False
364,242,LONG,"['MOMENTUM', 'VOLUME_LIQUIDITY']",28,0.04317246749997139,0.034780985359789324,1382,63,0.3333333333333333,3,3,9,0.005704354029148817,9174537053db140783c2e3979ddcbe60abb387436c1bedfef819776682fe0f92,False,False
365,560,LONG,"['MEAN_REVERSION', 'RELATIVE_CROSS_SECTIONAL']",28,0.04220398887991905,0.03633795468189855,1344,63,0.3333333333333333,3,3,9,0.009529562667012215,b69d8c1517d5576d6e04319eee93b87b1af15e37ff791f407532cabcf3ae79c2,False,False
366,264,LONG,"['MOMENTUM', 'RELATIVE_CROSS_SECTIONAL']",28,0.04336831346154213,0.031362536233233124,872,63,0.3333333333333333,3,3,9,0.006559594068676233,a03f40b9807259c2bc5b143628ae9971e6f047e6bc12d0fdc06fc0e44b5018a4,False,False
367,918,LONG,"['MOMENTUM', 'TREND', 'RELATIVE_CROSS_SECTIONAL']",28,0.043562181293964386,0.021747283004124963,426,63,0.3333333333333333,3,3,9,0.005605483893305063,6bbf5cd908c61ad9bf527f47d60ce3a3babbaaebd6e1393c25d668f649bf3966,False,False
368,718,LONG,"['RELATIVE_CROSS_SECTIONAL', 'MARKET_REGIME_STRUCTURE']",28,0.043583307415246964,0.02137504270868483,283,63,0.3333333333333333,3,3,9,0.005246857646852732,2c0f5e031cfe75d36ff1f7559d68c401113981966f9528f7f003bb2ee751fdb3,False,False
369,1774,LONG,"['VOLATILITY', 'VOLUME_LIQUIDITY', 'RELATIVE_CROSS_SECTIONAL']",28,0.04343223199248314,0.03573659379189271,1471,63,0.2222222222222222,2,2,9,0.04343223199248314,6d0440eb4360dd0abd981230ceec4a6076f2978b7802cbaf199926dfd2d828f1,False,False
370,796,LONG,"['MOMENTUM', 'BREAKOUT', 'VOLUME_LIQUIDITY']",28,0.04430530220270157,0.01974870245752615,236,63,0.2222222222222222,2,2,9,0.04430530220270157,df9c42cd6ea9f6026d592d46a8e9ecfb5fadae115b5cb803f00e8a76615d1910,False,False
371,4278,LONG,"['TREND', 'MEAN_REVERSION', 'VOLATILITY', 'VOLUME_LIQUIDITY', 'MARKET_REGIME_STRUCTURE']",28,0.04358968138694763,0.030188088646980714,776,63,0.1111111111111111,1,1,9,0.04358968138694763,6861fc17b397a54b696d2112362c158212b486118fa1fa61c4437f46ea2a9196,False,False
372,2338,LONG,"['MOMENTUM', 'TREND', 'RELATIVE_CROSS_SECTIONAL', 'MARKET_REGIME_STRUCTURE']",28,0.045017119497060776,0.026069817894323714,339,63,0.1111111111111111,1,1,9,0.045017119497060776,81d7a61be8404c02145457ce5da696f230afc2f27e985aeb9dbac899432c3e76,False,False
373,908,LONG,"['MOMENTUM', 'TREND', 'RELATIVE_CROSS_SECTIONAL']",29,0.02988215535879135,0.02049797703017747,1010,63,0.4444444444444444,4,4,9,0.01069575920701027,131019dbb3c67f0482283b14209cf08f2a14f3c6c79657260a0f287b143e7614,False,False
374,806,LONG,"['MOMENTUM', 'BREAKOUT', 'RELATIVE_CROSS_SECTIONAL']",29,0.031827785074710846,0.017732086765292324,620,63,0.4444444444444444,4,4,9,0.008374673314392567,b7b2008ebb295ada075f7de1ed50b5e35c4546d016e4ca623f8a4aff1b243565,False,False
375,924,LONG,"['MOMENTUM', 'TREND', 'MARKET_REGIME_STRUCTURE']",29,0.03724938631057739,0.007342606783318242,244,63,0.4444444444444444,4,4,9,0.0064408546313643456,30246e2e08c529ffe791604b6e81285aadc308b65ecfeaa7b4c014fbf09af2bc,False,False
376,478,LONG,"['TREND', 'VOLUME_LIQUIDITY']",29,0.04185416176915169,0.03604293897342181,1555,63,0.3333333333333333,3,3,9,0.006774907000362873,1489dc402bafac8e4ef21acdc4348a3fdccc8a2d7a28c4c3b473023184ace6f0,False,False
377,132,LONG,['RELATIVE_CROSS_SECTIONAL'],29,0.04271579906344414,0.0328244731112837,899,63,0.3333333333333333,3,3,9,0.00846102461218834,3da2ee575fca47c6082cdb868980ab2d61247ad87ab21eed31bd8c4d402772eb,False,False
378,1210,LONG,"['BREAKOUT', 'TREND', 'RELATIVE_CROSS_SECTIONAL']",29,0.04297569394111633,0.03429691716030482,1401,63,0.2222222222222222,2,2,9,0.04297569394111633,b1f7a4b915443dc24200e040e9d932d46f31ebebd72fca39aac9709b364e84e1,False,False
379,1772,LONG,"['VOLATILITY', 'VOLUME_LIQUIDITY', 'RELATIVE_CROSS_SECTIONAL']",29,0.04332820698618889,0.021206127974374843,450,63,0.2222222222222222,2,2,9,0.04332820698618889,adcd8ebf27409e714d44b09188ff2fdd9b242f9eec6c67e2bf608a54be6a9bab,False,False
380,284,LONG,"['MOMENTUM', 'MARKET_REGIME_STRUCTURE']",29,0.044764015823602676,0.0045205374501273085,181,63,0.1111111111111111,1,1,9,0.044764015823602676,8a5ab74964168893492b30fdbba0fba197752586d24b44ceb0bf817b9dc36bcc,False,False
381,298,LONG,"['MOMENTUM', 'MARKET_REGIME_STRUCTURE']",30,0.03064854070544243,0.01572910585433704,501,63,0.4444444444444444,4,4,9,0.003934488166123629,9906c5d1784fb82ba3fd10947d3b6c6117d313dae12012e27a844a76a917493c,False,False
382,1500,LONG,"['TREND', 'MEAN_REVERSION', 'MARKET_REGIME_STRUCTURE']",30,0.03664570674300194,0.00307294548002416,317,63,0.4444444444444444,4,4,9,0.011161595582962036,38219c80fff1c7569d7c844a7abdc5f99ce546698230113ba5dba7572365aff1,False,False
383,3190,LONG,"['MEAN_REVERSION', 'VOLATILITY', 'RELATIVE_CROSS_SECTIONAL', 'MARKET_REGIME_STRUCTURE']",30,0.030842913314700127,0.010286569253143113,221,63,0.4444444444444444,4,4,9,0.01070600375533104,d60e4c87c9de73a2c76ae8428ef3cdf07606d3d5d3892459532bf143e88357b8,False,False
384,552,LONG,"['MEAN_REVERSION', 'VOLUME_LIQUIDITY']",30,0.041357237845659256,0.03376849950828239,1525,63,0.3333333333333333,3,3,9,0.005473356228321791,9235fa8ec4cead1edbbb0605ebdc304c144dd94d539e7f3497e01dd5f93d0cd0,False,False
385,436,LONG,"['TREND', 'MEAN_REVERSION']",30,0.04096859320998192,0.03531904558740695,1490,63,0.3333333333333333,3,3,9,0.006987365894019604,22ef4424ddf61cdaa84b5bff96ae59b58237a397886a1830fb9c07bfb7932080,False,False
386,484,LONG,"['TREND', 'RELATIVE_CROSS_SECTIONAL']",30,0.042573001235723495,0.032588111220640474,1137,63,0.3333333333333333,3,3,9,0.005670992191880941,76871f76f657b074ab8baba5a6758b0f17aae1cff0bc88f39808d86ab9131a5b,False,False
387,2476,LONG,"['MOMENTUM', 'VOLATILITY', 'VOLUME_LIQUIDITY', 'RELATIVE_CROSS_SECTIONAL']",30,0.04326285794377327,0.014344218018103979,130,63,0.2222222222222222,2,2,9,0.04326285794377327,1f3c8a2d9829610da678dfa17573d77cb3e93e808e1800920c97a525eecf25a5,False,False
388,592,LONG,"['MEAN_REVERSION', 'MARKET_REGIME_STRUCTURE']",31,0.02315572276711464,0.011066248105664056,316,20,0.4444444444444444,4,4,9,0.01574920490384102,cbc791f1d3a37d1314b509b6ae9f6e97497e4e53b57aac98d8d94648be1b0f29,False,False
389,1074,LONG,"['MOMENTUM', 'VOLATILITY', 'MARKET_REGIME_STRUCTURE']",31,0.02873861975967884,0.008201454930201992,264,63,0.4444444444444444,4,4,9,0.008660639636218548,1c38aa0d36b57fd868047babd1a3b1fdd01eba139dae58ad2c8b1e43333e3a0f,False,False
390,1086,LONG,"['MOMENTUM', 'VOLUME_LIQUIDITY', 'RELATIVE_CROSS_SECTIONAL']",31,0.03479310870170593,-0.003896513972424763,175,63,0.4444444444444444,4,4,9,0.005178597290068865,8cf769ad725fd9e2ff3f0f9eb26f961b5c25e085eb1eae15f4446dea801250ed,False,False
391,1718,LONG,"['MEAN_REVERSION', 'VOLUME_LIQUIDITY', 'RELATIVE_CROSS_SECTIONAL']",31,0.041019391268491745,0.032885958052150444,1368,63,0.3333333333333333,3,3,9,0.008328824304044247,22ab91c22a2cbaf7f3d7a1c1928fefe0ee78cf4ce8e15d8b9907b5a47a1817b6,False,False
392,252,LONG,"['MOMENTUM', 'VOLUME_LIQUIDITY']",31,0.04221995919942856,0.030714594843749624,1302,63,0.3333333333333333,3,3,9,0.006331386975944042,08a95e06141caef4dfb7b05397e4aa5bdc7ec7f8fdaab3e2605201b83a22d32a,False,False
393,3188,LONG,"['MEAN_REVERSION', 'VOLATILITY', 'RELATIVE_CROSS_SECTIONAL', 'MARKET_REGIME_STRUCTURE']",31,0.04236186295747757,0.021807323485926546,269,63,0.3333333333333333,3,3,9,0.002469508210197091,73e36e7816c11c532194d731c906a08780641b87c5c1a91a88c5b15a038ce3c5,False,False
394,1784,LONG,"['VOLATILITY', 'VOLUME_LIQUIDITY', 'MARKET_REGIME_STRUCTURE']",31,0.042462319135665894,0.017109202010217466,902,63,0.2222222222222222,2,2,9,0.042462319135665894,0b925846b4b57a6b8476dc71b9991cd8d758234c626c9ee60a42270c2e5144a8,False,False
395,1834,LONG,"['VOLUME_LIQUIDITY', 'RELATIVE_CROSS_SECTIONAL', 'MARKET_REGIME_STRUCTURE']",31,0.04162821173667908,0.03117098669139958,856,63,0.2222222222222222,2,2,9,0.04162821173667908,a9281e1989ada2b731f54ac253503dcf9c8c85408813480ec55798d33b9eadc3,False,False
396,1022,LONG,"['MOMENTUM', 'VOLATILITY', 'VOLUME_LIQUIDITY']",31,0.042277731001377106,0.026916168440723635,489,63,0.2222222222222222,2,2,9,0.042277731001377106,99a096d9513339af3736124a05d24c60d4cd7daef9516edffea03b6ec050d27f,False,False
397,3828,LONG,"['MOMENTUM', 'TREND', 'VOLUME_LIQUIDITY', 'RELATIVE_CROSS_SECTIONAL', 'MARKET_REGIME_STRUCTURE']",31,0.04265701398253441,0.004554421659252114,252,63,0.2222222222222222,2,2,9,0.04265701398253441,747e3b65e3bdf6f086dc3edf12425fe71b5f84738dbb5e000e2422563a62db7e,False,False
398,2648,LONG,"['BREAKOUT', 'TREND', 'VOLATILITY', 'RELATIVE_CROSS_SECTIONAL']",32,0.022431649267673492,0.005710346495937168,338,63,0.4444444444444444,4,4,9,0.003866173094138503,e632d552d32afd659073fa20ee1e9eff469658234a6d00df26373ed6f938d70d,False,False
399,104,LONG,['VOLUME_LIQUIDITY'],32,0.03732781112194061,0.03274096248916991,1590,63,0.3333333333333333,3,3,9,0.005761872511357069,10c2201e9c2e07e569073757fe9e6dc352702c545f6507fedb58ce2bf2765bdb,False,False
400,146,LONG,['MARKET_REGIME_STRUCTURE'],32,0.03766318038105965,0.032165865734477016,1535,63,0.3333333333333333,3,3,9,0.003745116526260972,278549116b5ff7bc08efbf34f3ad5db31cac6be7f149146f08ea3e7a36402ed0,False,False
401,52,LONG,['TREND'],32,0.03968648239970207,0.0314899097761343,1292,63,0.3333333333333333,3,3,9,0.00836912076920271,aa306165c8a1d68fa762c5b0d0cd81611c17ec495f453bd1700ba5b4846ce0aa,False,False
402,542,LONG,"['MEAN_REVERSION', 'VOLUME_LIQUIDITY']",32,0.04082104563713074,0.02916037031717333,836,63,0.3333333333333333,3,3,9,0.008472981862723827,a95cae91ac5e855cb37ba6466e1068369328e4c5eb2c3f4e1ccb9a9bf2be5588,False,False
403,3272,LONG,"['MOMENTUM', 'BREAKOUT', 'TREND', 'MEAN_REVERSION', 'VOLUME_LIQUIDITY']",32,0.04094516113400459,0.025419211019904825,390,63,0.3333333333333333,3,3,9,0.007874772883951664,d671f274f7eb9ae6611eebf493478e6f1c78976f3a0c80dae54b6852f9f46328,False,False
404,1098,LONG,"['MOMENTUM', 'VOLUME_LIQUIDITY', 'RELATIVE_CROSS_SECTIONAL']",32,0.0423346571624279,0.020299887852863557,199,63,0.3333333333333333,3,3,9,0.006109565496444702,ca284b55f5dccee33d7e559efaa46aec370fa025ab3017a0ecbc66fb11d9ec8f,False,False
405,1722,LONG,"['MEAN_REVERSION', 'VOLUME_LIQUIDITY', 'MARKET_REGIME_STRUCTURE']",32,0.04059742018580437,0.029879263836730945,1310,63,0.2222222222222222,2,2,9,0.04059742018580437,df55fc045d1f848ec573c082daef492503ea474c80fc0824dde15974610fc6a3,False,False
406,1066,LONG,"['MOMENTUM', 'VOLATILITY', 'MARKET_REGIME_STRUCTURE']",32,0.042035702615976334,0.02956469905263826,698,63,0.2222222222222222,2,2,9,0.042035702615976334,4e6bd8306a59ac2ba061903d88963b344d0ab78d2411f62244744278698958ed,False,False
407,722,LONG,"['MOMENTUM', 'BREAKOUT', 'TREND']",33,0.02183871902525425,-0.007640498825863758,118,63,0.4444444444444444,4,4,9,0.009854650124907494,62636ced62521b351fe4c071672b650f51523347ec47e744838b8a34c4ed45bc,False,False
408,2466,LONG,"['MOMENTUM', 'VOLATILITY', 'VOLUME_LIQUIDITY', 'RELATIVE_CROSS_SECTIONAL']",33,0.021436985582113266,-0.001571701830180263,69,20,0.4444444444444444,4,4,9,0.020642822608351707,a755f3340e2a2148a0ae25c874ba64ac68a91bee1c2de45aae420c4247d23241,False,False
409,118,LONG,['VOLUME_LIQUIDITY'],33,0.03653986379504204,0.03202842980814036,1593,63,0.3333333333333333,3,3,9,0.006268075667321682,1cea025d7791067537167c78279c0b1da3661c62c1e52465660148e2c9f16256,False,False
410,672,LONG,"['VOLUME_LIQUIDITY', 'RELATIVE_CROSS_SECTIONAL']",33,0.037825826555490494,0.031341080991968674,1448,63,0.3333333333333333,3,3,9,0.006625811569392681,b70698334d1740e4a580107a66653ff52bbdb8863ec2c1356dc9f572852ceb01,False,False
411,3224,LONG,"['VOLATILITY', 'VOLUME_LIQUIDITY', 'RELATIVE_CROSS_SECTIONAL', 'MARKET_REGIME_STRUCTURE']",33,0.03884226456284523,0.029981596020145836,826,63,0.3333333333333333,3,3,9,0.004218910355120897,985bc35d95560907b674c28f9f3fd6e3f1cfcdd5744ed9e414585b772c9a51b1,False,False
412,244,LONG,"['MOMENTUM', 'VOLUME_LIQUIDITY']",33,0.03932156413793564,0.029557421090333772,791,63,0.3333333333333333,3,3,9,0.005782415624707937,129665685ec881e91c28c4bca83f41561efaa7a6aacc2e629a8aa380aac0a1c0,False,False
413,1334,LONG,"['BREAKOUT', 'VOLATILITY', 'VOLUME_LIQUIDITY']",33,0.04049435630440712,0.025287717969076334,629,63,0.3333333333333333,3,3,9,0.00632388424128294,0e298c15778eb7ade377b8f1fe14dc54965e38b082024d10202e2939592da2c8,False,False
414,390,LONG,"['BREAKOUT', 'RELATIVE_CROSS_SECTIONAL']",33,0.040224589407444,0.026883698896738993,595,63,0.3333333333333333,3,3,9,0.007133146747946739,dd175d905237e54d58a3be4c9e9447724b5a80b2c1bdbdb35eed2f8cd43411ea,False,False
415,2966,LONG,"['TREND', 'MEAN_REVERSION', 'VOLATILITY', 'RELATIVE_CROSS_SECTIONAL']",33,0.04076993465423584,0.023548699354592546,493,63,0.3333333333333333,3,3,9,0.0031980713829398155,283746f2c46439e82ebadef69ae511daf84dda79e6e803442e05cb3c20014026,False,False
416,1514,LONG,"['TREND', 'MEAN_REVERSION', 'MARKET_REGIME_STRUCTURE']",33,0.03822609409689903,0.03144164083451588,1320,63,0.2222222222222222,2,2,9,0.03822609409689903,c5d83b902dcabbfcddf7dcaee4e9d44c3c58dda38774771c3aac53cae71ce7e3,False,False
417,708,LONG,"['RELATIVE_CROSS_SECTIONAL', 'MARKET_REGIME_STRUCTURE']",33,0.04116921126842499,0.027089440368604594,785,63,0.2222222222222222,2,2,9,0.04116921126842499,bb1089e4682372621d449d3a3398eeebcfde477c918504402c21415f98cd45b1,False,False
418,488,LONG,"['TREND', 'RELATIVE_CROSS_SECTIONAL']",33,0.04180237650871277,0.02262192747939366,664,63,0.2222222222222222,2,2,9,0.04180237650871277,6ac13ed7cb8b49444f5b52a30eee5f400264b89c16147c163470cf67e6ded9b2,False,False
419,578,LONG,"['MEAN_REVERSION', 'RELATIVE_CROSS_SECTIONAL']",33,0.04174794256687164,0.025487962708714472,465,63,0.2222222222222222,2,2,9,0.04174794256687164,eb532bfda57cbdc6ab282d74b6f1868d4dc9162f1744270a749160217c739245,False,False
420,3564,LONG,"['MOMENTUM', 'BREAKOUT', 'VOLATILITY', 'VOLUME_LIQUIDITY', 'RELATIVE_CROSS_SECTIONAL']",33,0.0411435067653656,0.02794016237344662,614,63,0.1111111111111111,1,1,9,0.0411435067653656,667e13c31fcd299de8579a1a413af07978a9e9081a1bfb8467e3355255bc5002,False,False
421,1656,LONG,"['MEAN_REVERSION', 'VOLATILITY', 'VOLUME_LIQUIDITY']",33,0.04177805781364441,0.02350559300827162,326,63,0.1111111111111111,1,1,9,0.04177805781364441,fc3a2fe09bdf2a7d2825988a063be04fa905621b7482c7e44d6bbc9e64359e09,False,False
422,2730,LONG,"['BREAKOUT', 'TREND', 'RELATIVE_CROSS_SECTIONAL', 'MARKET_REGIME_STRUCTURE']",34,0.01427870150655508,-0.011487584656721651,299,63,0.4444444444444444,4,4,9,0.006045287474989891,9ef026469dfaf5b5f91b2e52695f9e812bdf638a7b2d155aa2efc8dcb55b4f77,False,False
423,828,LONG,"['MOMENTUM', 'BREAKOUT', 'MARKET_REGIME_STRUCTURE']",34,0.012487657368183136,-0.005463645383587765,43,10,0.4444444444444444,4,4,9,0.011295994743704796,b1a077dddf1a6884b8a0947e899c469a130d8c93a4cbd0445ee55e2880a00d62,False,False
424,696,LONG,"['VOLUME_LIQUIDITY', 'MARKET_REGIME_STRUCTURE']",34,0.03662160038948059,0.030540171533398087,1367,63,0.3333333333333333,3,3,9,0.0047419872134923935,64de2681f4725811544bc97c66fb8d8d9caaedd0ede547025593b88d45ce127d,False,False
425,122,LONG,['RELATIVE_CROSS_SECTIONAL'],34,0.0371193028986454,0.029556397108482624,1138,63,0.3333333333333333,3,3,9,0.005216917488723993,a5ed22151c8c3699620408e9786352b9244b8ad64240f801005125abe4a20758,False,False
426,4270,LONG,"['TREND', 'MEAN_REVERSION', 'VOLATILITY', 'VOLUME_LIQUIDITY', 'MARKET_REGIME_STRUCTURE']",34,0.03798144310712814,0.0295148584918625,1123,63,0.3333333333333333,3,3,9,0.0032935277558863163,1ff8f296cddac888a01df24452e3499b05844cb03f560c7953185785a31f51e2,False,False
427,1812,LONG,"['VOLATILITY', 'RELATIVE_CROSS_SECTIONAL', 'MARKET_REGIME_STRUCTURE']",34,0.039115577936172485,0.028011810097481563,293,63,0.3333333333333333,3,3,9,0.010467718355357647,94c48a0e62231e56738c30c35d96438877e8034eb9530e79a6c887e756db9c53,False,False
428,2930,LONG,"['BREAKOUT', 'VOLUME_LIQUIDITY', 'RELATIVE_CROSS_SECTIONAL', 'MARKET_REGIME_STRUCTURE']",34,0.016960103064775467,-0.011123183764555834,211,63,0.4444444444444444,2,4,9,0.014787739142775536,e1e418f315df9379db0b34dda3625d225ea16db6dfdbaabaadee5a812657866a,False,False
429,156,LONG,['MARKET_REGIME_STRUCTURE'],34,0.03670886531472206,0.03075792025926329,1464,63,0.2222222222222222,2,2,9,0.03670886531472206,1e4efa1fe0c2636dbf0865f5cb3064ef68a7693515ca85959811dd1d3b5a23c3,False,False
430,66,LONG,['MEAN_REVERSION'],34,0.037679750472307205,0.030713537239075755,1423,63,0.2222222222222222,2,2,9,0.037679750472307205,bc4ee11ee31493d3d2a8e054da0e0de90223312fc44b0c6c3f4fdb45fa1a6180,False,False
431,1340,LONG,"['BREAKOUT', 'VOLATILITY', 'RELATIVE_CROSS_SECTIONAL']",34,0.03816867619752884,0.029013973747998884,1231,63,0.2222222222222222,2,2,9,0.03816867619752884,e8d8ebc566db88444f7f56004bec18d3a2bb588bdc445f9a54e9f787c0368978,False,False
432,2908,LONG,"['BREAKOUT', 'VOLATILITY', 'RELATIVE_CROSS_SECTIONAL', 'MARKET_REGIME_STRUCTURE']",34,0.04077871888875961,0.025526961530702653,588,63,0.2222222222222222,2,2,9,0.04077871888875961,0510eff29721b1324b12796739fac5a4c5bd9ac723afab00bc2444c3c103268b,False,False
433,208,LONG,"['MOMENTUM', 'MEAN_REVERSION']",34,0.04110242798924446,0.02481876019559896,295,63,0.2222222222222222,2,2,9,0.04110242798924446,0c91a96fbca8adb697644b63f2d686dd61e794df30614d9d8648e34348618501,False,False
434,1548,LONG,"['TREND', 'VOLATILITY', 'RELATIVE_CROSS_SECTIONAL']",34,0.041118644177913666,0.007359590671167288,209,63,0.1111111111111111,1,1,9,0.041118644177913666,a0838edf6ba3e5b4aa2d133cf78f9798748265d6dccbdca79c7a6a145894fc90,False,False
435,2159,SHORT,"['MOMENTUM', 'TREND', 'MEAN_REVERSION', 'VOLATILITY']",35,0.01256187167018652,-0.01171835451120691,101,10,0.4444444444444444,4,4,9,0.011760177090764046,bdbf93f968f8ffb2c3dbaf3be3279b3e09f22337d2560d9fb995665443c46468,False,False
436,46,LONG,['TREND'],35,0.03556264564394951,0.030413289884501295,1548,63,0.3333333333333333,3,3,9,0.00635867053642869,4b35797a34fad45e592c643d6821c6c412e5124195294d6246db5b5c5fa3c800,False,False
437,502,LONG,"['TREND', 'MARKET_REGIME_STRUCTURE']",35,0.036502864211797714,0.030216226996481688,1488,63,0.3333333333333333,3,3,9,0.005640363320708275,471c1c6b8547ccd9a6287c000411a3fe04f42fe7d2b50a41c9651263b82a412a,False,False
438,0,LONG,['MOMENTUM'],35,0.03742295876145363,0.028014308112875128,919,63,0.3333333333333333,3,3,9,0.007665091659873724,5a17e7d1923fa74c866803feb7a91f55e7df9f43b81c7309a69dc3098c889234,False,False
439,934,LONG,"['MOMENTUM', 'TREND', 'MARKET_REGIME_STRUCTURE']",35,0.03905366361141205,0.0249335782441769,732,63,0.3333333333333333,3,3,9,0.004315145779401064,a440d602c5482e1de4aff9d5c75a8a592159fdb348165cabb6dc69bf4438e681,False,False
440,658,LONG,"['VOLATILITY', 'MARKET_REGIME_STRUCTURE']",35,0.03675023466348648,0.029866591409481016,1415,63,0.2222222222222222,2,2,9,0.03675023466348648,3ce4c081e6b1a09ecd9d7ebc80f111c3383a11b0e65e6221f188e143a65a2260,False,False
441,1546,LONG,"['TREND', 'VOLATILITY', 'RELATIVE_CROSS_SECTIONAL']",35,0.03878596052527428,0.027600227129525486,1054,63,0.2222222222222222,2,2,9,0.03878596052527428,c1e02ae6a402e24c049ca2a7556f764c3dadc2cbcff9b1101ba78eab6bd263d4,False,False
442,710,LONG,"['RELATIVE_CROSS_SECTIONAL', 'MARKET_REGIME_STRUCTURE']",35,0.03749816119670868,0.02819269910187086,849,63,0.2222222222222222,2,2,9,0.03749816119670868,d64a0ac4e7ea2b90baf4b357e10905781afbe721c62e6d80c4aef2f0393a784d,False,False
443,1372,LONG,"['BREAKOUT', 'VOLATILITY', 'MARKET_REGIME_STRUCTURE']",35,0.040760450065135956,0.023262234726811774,397,63,0.2222222222222222,2,2,9,0.040760450065135956,2045c02da70d11ba0927ee92e834086766b2f258d6965be7ca33197d383b7672,False,False
444,136,LONG,['RELATIVE_CROSS_SECTIONAL'],36,0.03461286053061485,0.030072710635353272,1584,63,0.3333333333333333,3,3,9,0.0045669954270124435,4b611b8dd2305a26594d9c8ef4f9697673b552e4da8e64f73fcec5055393399a,False,False
445,632,LONG,"['VOLATILITY', 'RELATIVE_CROSS_SECTIONAL']",36,0.03508753702044487,0.030040030137882583,1547,63,0.3333333333333333,3,3,9,0.004752323962748051,8ee6c8306b9abeafeb49231f7eed17a9d162f2931b4a5ea98d8e55536d025ba4,False,False
446,966,LONG,"['MOMENTUM', 'MEAN_REVERSION', 'VOLUME_LIQUIDITY']",36,0.03629602491855621,0.028308192006410614,1398,63,0.3333333333333333,3,3,9,0.007275660987943411,4f1605c3126fe3879f2ab8666277e07192034ad98d4f73dfa35c773d3fdf42b9,False,False
447,582,LONG,"['MEAN_REVERSION', 'MARKET_REGIME_STRUCTURE']",36,0.037287794053554535,0.02756186588978736,1276,63,0.3333333333333333,3,3,9,0.008179178461432457,aa16ea5eab74d36ddda0f0f2645cab50b799f780030312f49d8af3755e0b4c9e,False,False
448,174,LONG,"['MOMENTUM', 'BREAKOUT']",36,0.03550020232796669,0.029129772850053352,1242,63,0.3333333333333333,3,3,9,0.004512438550591469,4e0c1d2e262536b33fc22ec0b4db90b7f4a2ffe97f187f3067f62d37d6aa0fb6,False,False
449,3074,LONG,"['TREND', 'VOLATILITY', 'VOLUME_LIQUIDITY', 'RELATIVE_CROSS_SECTIONAL']",36,0.03734724596142769,0.02671335488530268,779,63,0.3333333333333333,3,3,9,0.004703482612967491,12929f15e1afb2365b9205531edc2e988f51f7093c3b43f7fddd016ca251444e,False,False
450,1146,LONG,"['BREAKOUT', 'TREND', 'MEAN_REVERSION']",36,0.0381050705909729,0.02029510546833379,713,63,0.3333333333333333,3,3,9,0.005741820205003023,85870088012a74b6741bc760b78d86784535b73b75da98a4a9ab491f42ee9c13,False,False
451,714,LONG,"['RELATIVE_CROSS_SECTIONAL', 'MARKET_REGIME_STRUCTURE']",36,0.038516074419021606,0.00927258547503083,341,63,0.3333333333333333,3,3,9,0.0010857253801077604,a4b0cae07ba924555146d591b7ef729eec27ca68092fbc488f4ccab02919975e,False,False
452,62,LONG,['MEAN_REVERSION'],36,0.036446649581193924,0.029421678781422038,1469,63,0.2222222222222222,2,2,9,0.036446649581193924,9f9adadf86ca8cfb54e8ee93ae4a678a5397b7cdbd5c0d10e184c217a1d97375,False,False
453,1804,LONG,"['VOLATILITY', 'RELATIVE_CROSS_SECTIONAL', 'MARKET_REGIME_STRUCTURE']",36,0.03543557971715927,0.02970175600981089,1462,63,0.2222222222222222,2,2,9,0.03543557971715927,427599cd81f1818fad3f3526b961e165ff8a7c22a799763f7057473775067801,False,False
454,3750,LONG,"['MOMENTUM', 'TREND', 'MEAN_REVERSION', 'RELATIVE_CROSS_SECTIONAL', 'MARKET_REGIME_STRUCTURE']",36,0.03694074600934982,0.02812632349824388,1070,63,0.2222222222222222,2,2,9,0.03694074600934982,baecdd55517512c591e015270988a24adc24bbe41a73a586c62151515c1d61bc,False,False
455,2086,LONG,"['MOMENTUM', 'BREAKOUT', 'VOLUME_LIQUIDITY', 'RELATIVE_CROSS_SECTIONAL']",36,0.03891997039318085,0.020999542547180977,193,63,0.2222222222222222,2,2,9,0.03891997039318085,ed01f6ed178126017e0913ad4329de610ce880409b3a2ddea665a8c16fe09724,False,False
456,978,LONG,"['MOMENTUM', 'MEAN_REVERSION', 'VOLUME_LIQUIDITY']",36,0.04023762047290802,-0.002609587629068967,187,63,0.2222222222222222,2,2,9,0.04023762047290802,662f52443278b01a7eba858507ffc9eb8c245b61042b6fe8e9dce1632eabb188,False,False
457,2164,LONG,"['MOMENTUM', 'TREND', 'MEAN_REVERSION', 'VOLUME_LIQUIDITY']",36,0.03997640311717987,0.020624218271906428,146,63,0.2222222222222222,2,2,9,0.03997640311717987,00b05b5501098a4d8c4a6ecc7c94cd69abe161ba1b0a2e31769bac2b41bef96c,False,False
458,1574,LONG,"['TREND', 'VOLATILITY', 'MARKET_REGIME_STRUCTURE']",36,0.04029642790555954,0.007878688746546875,194,63,0.1111111111111111,1,1,9,0.04029642790555954,6dcdb8546c16ceaadbcaeb550b5a5385cbceb786fff4d5c291265241f84a4c81,False,False
459,98,LONG,['VOLATILITY'],37,0.03441006317734718,0.02989568194586494,1594,63,0.3333333333333333,3,3,9,0.00427244184538722,3cf34af1c44c7375724f62ac5437405eab622362a0846840c7c28919fa708666,False,False
460,670,LONG,"['VOLUME_LIQUIDITY', 'RELATIVE_CROSS_SECTIONAL']",37,0.03656304255127907,0.027506177458462386,1406,63,0.3333333333333333,3,3,9,0.004565021954476833,d62a45824e9164d9508c3411681e72cdd7f5f184b0740e731328486205aceb2c,False,False
461,268,LONG,"['MOMENTUM', 'RELATIVE_CROSS_SECTIONAL']",37,0.035028692334890366,0.02949277893480492,1404,63,0.3333333333333333,3,3,9,0.006567212287336588,3bf9a8436414286f97a02b094396531c7f08b59967cd7fb8b2cbdd20b4e4e62d,False,False
462,1284,LONG,"['BREAKOUT', 'MEAN_REVERSION', 'RELATIVE_CROSS_SECTIONAL']",37,0.03713659942150116,0.02400049993181326,795,63,0.3333333333333333,3,3,9,0.00871614646166563,7b775f7c277dacc8f4f2e244e5b53785db826e6e97d4a15419bc1ddfe40bf115,False,False
463,530,LONG,"['MEAN_REVERSION', 'VOLATILITY']",37,0.03566925600171089,0.028560981096111566,1542,63,0.2222222222222222,2,2,9,0.03566925600171089,72bf01bb5ff0b74c4e215aaea388a1385b1621d95d7bd615c12d01564fc98aab,False,False
464,1486,LONG,"['TREND', 'MEAN_REVERSION', 'RELATIVE_CROSS_SECTIONAL']",37,0.03662761300802231,0.025476964484091216,1155,63,0.2222222222222222,2,2,9,0.03662761300802231,485d1094e2a3096b36bf5c404e659cee55d60f9677c5b0ce5e93880c4e1acad9,False,False
465,982,LONG,"['MOMENTUM', 'MEAN_REVERSION', 'RELATIVE_CROSS_SECTIONAL']",37,0.03726619482040405,0.02370718249433949,684,63,0.2222222222222222,2,2,9,0.03726619482040405,8646065736ae0515f7834e25152faa6e9f0ca6ddb136dc0f900d705f0d301d94,False,False
466,730,LONG,"['MOMENTUM', 'BREAKOUT', 'TREND']",37,0.039099205285310745,0.017447139916015233,424,63,0.2222222222222222,2,2,9,0.039099205285310745,5f9330283fbb5aedb0e466cd9fe24cd5c1b4355e980f4f5083cfecf140711030,False,False
467,1822,LONG,"['VOLUME_LIQUIDITY', 'RELATIVE_CROSS_SECTIONAL', 'MARKET_REGIME_STRUCTURE']",37,0.03735724464058876,0.019586412169307916,121,63,0.2222222222222222,2,2,9,0.03735724464058876,ed32ce8f0c6af962f4bbff70e8683e23839121ceac1ea2104cf710e48b919f5a,False,False
468,690,LONG,"['VOLUME_LIQUIDITY', 'MARKET_REGIME_STRUCTURE']",38,0.03481587395071983,0.02935270553282565,1172,63,0.3333333333333333,3,3,9,0.003739831270650029,fb80d14d9307782ea2db5a826fbb971a3d111cbcd6dcab47d2496af7a3463d15,False,False
469,444,LONG,"['TREND', 'VOLATILITY']",38,0.03593260794878006,0.027074760163096605,1171,63,0.3333333333333333,3,3,9,0.002908744616433978,7154a6e2736cf581cbbf8e8b2f3b1f5db800918580a90ea7b91a890e0a42eeaa,False,False
470,1808,LONG,"['VOLATILITY', 'RELATIVE_CROSS_SECTIONAL', 'MARKET_REGIME_STRUCTURE']",38,0.0366874635219574,0.02236924828059518,708,63,0.3333333333333333,3,3,9,0.004667927976697683,1a9c3c67c0375b1525fa1cfc79a6839334b7b57beda2bada57864fb11894820e,False,False
471,300,LONG,"['BREAKOUT', 'TREND']",38,0.03491678461432457,0.02936527465402043,1468,63,0.2222222222222222,2,2,9,0.03491678461432457,d45508474702c0e56a913e8c576fedf59988dc105ed7aa72d4dd27ff830f81bd,False,False
472,3130,LONG,"['TREND', 'VOLUME_LIQUIDITY', 'RELATIVE_CROSS_SECTIONAL', 'MARKET_REGIME_STRUCTURE']",38,0.03565621003508568,0.02829569418531725,1363,63,0.2222222222222222,2,2,9,0.03565621003508568,db795140f2b8af784127290332f162c87eff9b7bb2d5ab929a3c95125dca5d02,False,False
473,2884,LONG,"['BREAKOUT', 'VOLATILITY', 'VOLUME_LIQUIDITY', 'MARKET_REGIME_STRUCTURE']",38,0.03607785701751709,0.024772151479343626,481,63,0.2222222222222222,2,2,9,0.03607785701751709,7cecc872d0d6963b0d0cc9a9fc943ad5639a021726417439b5667e7643bfc7b0,False,False
474,572,LONG,"['MEAN_REVERSION', 'RELATIVE_CROSS_SECTIONAL']",38,0.03753922879695892,0.012594144409636878,265,63,0.2222222222222222,2,2,9,0.03753922879695892,75e4aa39147df028182b972ecde14de32f2d913662818b7921442706db7fb66f,False,False
475,4130,LONG,"['BREAKOUT', 'TREND', 'VOLUME_LIQUIDITY', 'RELATIVE_CROSS_SECTIONAL', 'MARKET_REGIME_STRUCTURE']",38,0.03745509684085846,0.016487361336275354,535,63,0.1111111111111111,1,1,9,0.03745509684085846,80c7f32c3bf56d8f41c29d01b2204ed2870b4e9900a4fbfe0e75e3a29737f8c6,False,False
476,3930,LONG,"['MOMENTUM', 'VOLATILITY', 'VOLUME_LIQUIDITY', 'RELATIVE_CROSS_SECTIONAL', 'MARKET_REGIME_STRUCTURE']",38,0.03821014240384102,0.011202474224249866,182,63,0.1111111111111111,1,1,9,0.03821014240384102,ed0ed46d1563d2a955107f216783b5eb34699eb20541a8bac4d392e5fa3fd2ec,False,False
477,370,LONG,"['BREAKOUT', 'VOLUME_LIQUIDITY']",39,0.03201155737042427,0.028339827124039627,1595,63,0.3333333333333333,3,3,9,0.0038626776076853275,fcbeb949541907cc94c0c346d2280c4415514635793bb357cfe514f1d3d9ec9e,False,False
478,680,LONG,"['VOLUME_LIQUIDITY', 'MARKET_REGIME_STRUCTURE']",39,0.03534051775932312,0.026296727470589143,1440,63,0.3333333333333333,3,3,9,0.005105062387883663,d4cb2d712c774aa0fa6e3dffe6c0ba8263e5046ab717c05bc62ec0fec565893f,False,False
479,8,LONG,['MOMENTUM'],39,0.03427663445472717,0.02803473648463657,1302,63,0.3333333333333333,3,3,9,0.0042605833150446415,393a0507c9c8027711d723df6e5913672b42d071468d125977a23dc2c25773b8,False,False
480,248,LONG,"['MOMENTUM', 'VOLUME_LIQUIDITY']",39,0.03457854688167572,0.027686038966163194,1191,63,0.3333333333333333,3,3,9,0.004883347079157829,de99bd09aa9089b508ad40278dbd27ec15be0543dd50823064a1ab8b05446015,False,False
481,276,LONG,"['MOMENTUM', 'RELATIVE_CROSS_SECTIONAL']",39,0.03510938212275505,0.026645504766235666,1111,63,0.3333333333333333,3,3,9,0.0048252069391310215,d43e7c506fbc63b161494689abdb2bec1fa12e860c21eec521abfa276ad4bc16,False,False
482,246,LONG,"['MOMENTUM', 'VOLUME_LIQUIDITY']",39,0.03462227061390877,0.027106387978840518,1021,63,0.3333333333333333,3,3,9,0.003942431882023811,f9180dce1ddf43ad94fb50a6ebc9a53c2d04845e1a07bf12e86bd06856110ec1,False,False
483,930,LONG,"['MOMENTUM', 'TREND', 'MARKET_REGIME_STRUCTURE']",39,0.03556903824210167,0.023591237488363736,859,63,0.3333333333333333,3,3,9,0.003760352497920394,69992da6da0ba30adf5699cb07223e92f7b4f2d92170b90e7414a303696deb1d,False,False
484,410,LONG,"['BREAKOUT', 'MARKET_REGIME_STRUCTURE']",39,0.03580625355243683,0.013661536044234097,454,63,0.3333333333333333,3,3,9,0.004852745216339827,86a60a6355bb43f7a637959fef0cd773b6e947e4d3927efaf32abf4ada089979,False,False
485,554,LONG,"['MEAN_REVERSION', 'VOLUME_LIQUIDITY']",39,0.036018867045640945,0.0010007185144723235,126,63,0.3333333333333333,3,3,9,0.005211155395954847,82db8a4b36f0a96836f2ed92971f158e8f266b37d4d8478c751f84de50978dbf,False,False
486,116,LONG,['VOLUME_LIQUIDITY'],39,0.03298842906951904,0.028130862150786428,1555,63,0.2222222222222222,2,2,9,0.03298842906951904,921edf418d950aa5204c1a69716c559415c95990b7e1f27a12acd1cf3ae0d926,False,False
487,1594,LONG,"['TREND', 'VOLUME_LIQUIDITY', 'RELATIVE_CROSS_SECTIONAL']",39,0.03535516932606697,0.028088323599311106,1455,63,0.2222222222222222,2,2,9,0.03535516932606697,c090ca45a794dfeba6014d7f5a8547b8697e2c97c96819e8676a71b5cfe9afa3,False,False
488,1742,LONG,"['MEAN_REVERSION', 'RELATIVE_CROSS_SECTIONAL', 'MARKET_REGIME_STRUCTURE']",39,0.03583940863609314,0.025466899505738678,924,63,0.2222222222222222,2,2,9,0.03583940863609314,6faa70c199fff1343524f4d031683f24bed2d63431de64f477efc0aae50ea90c,False,False
489,1604,LONG,"['TREND', 'VOLUME_LIQUIDITY', 'MARKET_REGIME_STRUCTURE']",39,0.035851143300533295,0.02368320398992442,840,63,0.2222222222222222,2,2,9,0.035851143300533295,9275e9c540281e528276c22a8214cbb89cd4d9aab7ebc88877cc8f82a68ac41e,False,False
490,712,LONG,"['RELATIVE_CROSS_SECTIONAL', 'MARKET_REGIME_STRUCTURE']",39,0.03663833811879158,0.019951564519403508,631,63,0.2222222222222222,2,2,9,0.03663833811879158,92ccd46c699a733b46a37ed380462fbbe6d8374bc4d4198fffa932877c717a37,False,False
491,3976,LONG,"['BREAKOUT', 'TREND', 'MEAN_REVERSION', 'VOLATILITY', 'RELATIVE_CROSS_SECTIONAL']",39,0.03744645044207573,0.006576457338751167,107,63,0.2222222222222222,2,2,9,0.03744645044207573,356ed35d53a0349d370015fc5e0749c70a98e7368281ace543f48799de045d7e,False,False
492,124,LONG,['RELATIVE_CROSS_SECTIONAL'],40,0.0320495180785656,0.02790549560794438,1551,63,0.3333333333333333,3,3,9,0.003385101445019245,fcaf0fe2ced7db10f87afc1ad832fa28fb7f240381e95c907efe09addc5bbbfb,False,False
493,660,LONG,"['VOLUME_LIQUIDITY', 'RELATIVE_CROSS_SECTIONAL']",40,0.03413597121834755,0.025750986384991764,1338,63,0.3333333333333333,3,3,9,0.004244025330990553,268bbc860d5b23b4fb0777db057bd246bdc7ec3c46b1d0a1c7da62ba863e460f,False,False
494,14,LONG,['MOMENTUM'],40,0.03369856998324394,0.02647401546048113,1234,63,0.3333333333333333,3,3,9,0.0034379747230559587,17009f5759566091df618988cbba136542f253207e4e4debb0c4815049fd291d,False,False
495,258,LONG,"['MOMENTUM', 'VOLUME_LIQUIDITY']",40,0.03381524607539177,0.025993564737150913,1017,63,0.3333333333333333,3,3,9,0.004545530769973993,2b4116509ef4fc0a40efef02c6e46828729866a50e20a83fd5e56b396ac26267,False,False
496,262,LONG,"['MOMENTUM', 'RELATIVE_CROSS_SECTIONAL']",40,0.03510221093893051,0.025325898755594455,764,63,0.3333333333333333,3,3,9,0.008494232781231403,c80481791a654bb318f4bb8e0f88da43d814890b1a629e4b8903776f896c1474,False,False
497,100,LONG,['VOLUME_LIQUIDITY'],40,0.0351259782910347,0.027644554873019072,1532,63,0.2222222222222222,2,2,9,0.0351259782910347,3c84a15a292209aca82642ba21218e93df3bf56a95fd7948b8b811d80d032a55,False,False
498,424,LONG,"['TREND', 'MEAN_REVERSION']",40,0.03457747772336006,0.027981370182437702,1275,63,0.2222222222222222,2,2,9,0.03457747772336006,6d9cd5f9f5405b490f4c9685a0320d7676e558baf9b6e7088bd556837e2efa18,False,False
499,2270,LONG,"['MOMENTUM', 'TREND', 'VOLATILITY', 'MARKET_REGIME_STRUCTURE']",40,0.03569759801030159,0.023439218806853037,680,63,0.2222222222222222,2,2,9,0.03569759801030159,a394ff6681e918752ded9685391d9e28f01ff0f5e232fdebc1f1029ef690a092,False,False
500,2288,LONG,"['MOMENTUM', 'TREND', 'VOLUME_LIQUIDITY', 'RELATIVE_CROSS_SECTIONAL']",40,0.035729654133319855,0.019154488482145966,499,63,0.2222222222222222,2,2,9,0.035729654133319855,6a2a95133aa9683e2ec7dd2a38d44a1b7f8f817a12db7e76f67f8f4bfc459d04,False,False
501,2402,LONG,"['MOMENTUM', 'MEAN_REVERSION', 'VOLUME_LIQUIDITY', 'RELATIVE_CROSS_SECTIONAL']",40,0.03586554154753685,0.017528221371989543,373,63,0.2222222222222222,2,2,9,0.03586554154753685,23e17e581a356ff9b2733930d24b791d8999400aa841dde5679475a594a6c21c,False,False
502,1662,LONG,"['MEAN_REVERSION', 'VOLATILITY', 'RELATIVE_CROSS_SECTIONAL']",40,0.03673195093870163,-0.0012510122814095859,149,63,0.1111111111111111,1,1,9,0.03673195093870163,e405e9d25c32705cfc9e0c987f616cdc9f3a9b2f12525784eff7cbded584ab9e,False,False
503,42,LONG,['TREND'],41,0.03089475817978382,0.02690729162415121,1588,63,0.3333333333333333,3,3,9,0.0035746973007917404,5bd3e101fe8d5a7c37296d36dd53e09d18095ba86ebf658c118d74acab9bdb2f,False,False
504,160,LONG,"['MOMENTUM', 'BREAKOUT']",41,0.03375845029950142,0.025445047253283642,1260,63,0.3333333333333333,3,3,9,0.0042191604152321815,3ffd3ec686ecd1329c0c37b01b6ddd50755f25e19748f2db976e81727fa933f7,False,False
505,604,LONG,"['VOLATILITY', 'VOLUME_LIQUIDITY']",41,0.03499877452850342,0.021279321339398916,784,63,0.3333333333333333,3,3,9,0.0034856616985052824,8cfeddcdca2a7d52607ffa9cbddfa6ff6c1d094f6b5abc82f1ede016bd6577f7,False,False
506,152,LONG,['MARKET_REGIME_STRUCTURE'],41,0.031624507158994675,0.02748178721847385,1604,63,0.2222222222222222,2,2,9,0.031624507158994675,14b6df9589f313cb4fd67eed2e1ae179603b57ec86602676b91463b211151320,False,False
507,622,LONG,"['VOLATILITY', 'RELATIVE_CROSS_SECTIONAL']",41,0.03197469934821129,0.027149448963981516,1553,63,0.2222222222222222,2,2,9,0.03197469934821129,b70f1f2a9268c50593657719a9d226d7e692ba3313268711530ea7277daa9cfa,False,False
508,1028,LONG,"['MOMENTUM', 'VOLATILITY', 'VOLUME_LIQUIDITY']",41,0.03291808441281319,0.027010497055806576,1499,63,0.2222222222222222,2,2,9,0.03291808441281319,a2b966a61358c3fa4d9bd9db1aeaacff8bfb64b88b49ed531bf1ea81087a69d6,False,False
509,1180,LONG,"['BREAKOUT', 'TREND', 'VOLUME_LIQUIDITY']",41,0.03187359869480133,0.02734916265237607,1371,63,0.2222222222222222,2,2,9,0.03187359869480133,c8a63f708d48354988dd76938fac499f0b8507f611bbdf0798506a9835b1e353,False,False
510,762,LONG,"['MOMENTUM', 'BREAKOUT', 'VOLATILITY']",41,0.03303719311952591,0.02651161609937263,1313,63,0.2222222222222222,2,2,9,0.03303719311952591,431abf1bb088a780c0fd16b91c65d7bc194c9037851d1c8fa002c50c48895baa,False,False
511,4090,LONG,"['BREAKOUT', 'TREND', 'VOLATILITY', 'VOLUME_LIQUIDITY', 'MARKET_REGIME_STRUCTURE']",41,0.03464072570204735,0.025270548608536576,1241,63,0.2222222222222222,2,2,9,0.03464072570204735,84654a68f2f876bed5767f22d96a7f73297b53c6e45f73c3041ff42144aee9ea,False,False
512,698,LONG,"['VOLUME_LIQUIDITY', 'MARKET_REGIME_STRUCTURE']",41,0.03346611186861992,0.02576693987487763,1184,63,0.2222222222222222,2,2,9,0.03346611186861992,feaa738c1f05b4e976a8e9a39d889d7deab7271d2c2d443723deba509c5329aa,False,False
513,2700,LONG,"['BREAKOUT', 'TREND', 'VOLUME_LIQUIDITY', 'MARKET_REGIME_STRUCTURE']",41,0.03503557667136192,0.02423695967773127,568,63,0.2222222222222222,2,2,9,0.03503557667136192,2bf21af605afdf924a436e4b0b6c8a8bb3d457f7d1e90f5d4abb3d9555316de1,False,False
514,2034,LONG,"['MOMENTUM', 'BREAKOUT', 'VOLATILITY', 'VOLUME_LIQUIDITY']",41,0.03509658947587013,0.00210073564293764,60,63,0.2222222222222222,2,2,9,0.03509658947587013,441b64975e4ccb5ecba7338bf7e2037a8392b529240fa9705049b001236b80c3,False,False
515,1084,LONG,"['MOMENTUM', 'VOLUME_LIQUIDITY', 'RELATIVE_CROSS_SECTIONAL']",41,0.03543969616293907,0.01447626729844688,343,63,0.1111111111111111,1,1,9,0.03543969616293907,53332b6dea67e0308d6fd1be258d03d5e0da930fb35264adb91d445df05f0782,False,False
516,496,LONG,"['TREND', 'RELATIVE_CROSS_SECTIONAL']",42,0.030402952805161476,0.026745842550408322,1574,63,0.3333333333333333,3,3,9,0.003476507728919387,9e3514257443fd68bbb48dbf0d2affa69d97ca796250e7edf734db854a46a4f8,False,False
517,446,LONG,"['TREND', 'VOLATILITY']",42,0.031183656305074692,0.024435477014788008,1490,63,0.3333333333333333,3,3,9,0.0026221838779747486,28ba8ac6ebf91bf5d8158332b015e165f72217dfd67130459a92465cda2cb47b,False,False
518,1642,LONG,"['MEAN_REVERSION', 'VOLATILITY', 'VOLUME_LIQUIDITY']",42,0.03362841531634331,0.02350952273406775,1192,63,0.3333333333333333,3,3,9,0.0035420360509306192,d34b7d297340dcec525a71473f3e8dc14fee3e29add6040599b227f2b3af26f1,False,False
519,3380,LONG,"['MOMENTUM', 'BREAKOUT', 'TREND', 'VOLUME_LIQUIDITY', 'RELATIVE_CROSS_SECTIONAL']",42,0.034502699971199036,0.018179589465806535,570,63,0.3333333333333333,3,3,9,0.0036045245360583067,283b73bbac5d194c777c138f180d1bdebd53bf2cad15fd28611aa43dc0488c27,False,False
520,40,LONG,['TREND'],42,0.03128354623913765,0.026988029068334626,1579,63,0.2222222222222222,2,2,9,0.03128354623913765,85330bafb87131abfb373bcf75872cf56a4908a6764ee6c8fde85bf051cc175a,False,False
521,80,LONG,['VOLATILITY'],42,0.03220203518867493,0.026679545377868815,1556,63,0.2222222222222222,2,2,9,0.03220203518867493,42d590dc1beb1d1ac8ff6d6618ce41d8ffd83a74422d4dedb80b8356f5ed03e3,False,False
522,1832,LONG,"['VOLUME_LIQUIDITY', 'RELATIVE_CROSS_SECTIONAL', 'MARKET_REGIME_STRUCTURE']",42,0.03301636502146721,0.026261693822388722,1550,63,0.2222222222222222,2,2,9,0.03301636502146721,a1f4711305f1eacafa42a47462e0f2893ef70ee7407a3699343dc88ed35543c5,False,False
523,2696,LONG,"['BREAKOUT', 'TREND', 'VOLUME_LIQUIDITY', 'RELATIVE_CROSS_SECTIONAL']",42,0.033557772636413574,0.025286763177747376,1381,63,0.2222222222222222,2,2,9,0.033557772636413574,7826a0b1796d907d2afbd716c6c4ce600aeda72a504e8067917999ecd832f2af,False,False
524,4182,LONG,"['BREAKOUT', 'MEAN_REVERSION', 'VOLATILITY', 'RELATIVE_CROSS_SECTIONAL', 'MARKET_REGIME_STRUCTURE']",42,0.03465259447693825,0.024003821812021583,1025,63,0.2222222222222222,2,2,9,0.03465259447693825,3a1d92280f2223db9e44e526f6eb0a976f283814858ffc7839234b70cdbb7bb6,False,False
525,546,LONG,"['MEAN_REVERSION', 'VOLUME_LIQUIDITY']",42,0.034961167722940445,0.01727368259086266,861,63,0.2222222222222222,2,2,9,0.034961167722940445,b3d18527e7663fd260b28d7c04a06325b3daf41eabd2f64e8b3bed8105940b55,False,False
526,476,LONG,"['TREND', 'VOLUME_LIQUIDITY']",43,0.02905210107564926,0.024957414074982073,1591,63,0.3333333333333333,3,3,9,0.0031017260625958443,a42c15289216c8bca5be8ded47ef72c1416247c436cd47d76556b709a86e5b36,False,False
527,1606,LONG,"['TREND', 'VOLUME_LIQUIDITY', 'MARKET_REGIME_STRUCTURE']",43,0.02972399815917015,0.024763406394587125,1510,63,0.3333333333333333,3,3,9,0.00393274100497365,d1d3a736a3181b1be2091d6d5a6b565b7a8ab8736aad00658c31eab628e36ef2,False,False
528,234,LONG,"['MOMENTUM', 'VOLATILITY']",43,0.030153824016451836,0.023979396754652382,1402,63,0.3333333333333333,3,3,9,0.0040460871532559395,1ef2aa294cda5e8d57e6f20df5a3290e9e389668d078a5d6828ad309ece812c8,False,False
529,688,LONG,"['VOLUME_LIQUIDITY', 'MARKET_REGIME_STRUCTURE']",43,0.03361203148961067,0.020130353945238454,801,63,0.3333333333333333,3,3,9,0.001071337377652526,2f32aa055936f8209c4b65ca157ba65a4279ba97e3de8c2e661df62ed1c59bac,False,False
530,1626,LONG,"['TREND', 'RELATIVE_CROSS_SECTIONAL', 'MARKET_REGIME_STRUCTURE']",43,0.03355582058429718,0.02099341518832121,570,63,0.3333333333333333,3,3,9,0.004285161383450031,a34a02c0121729b7edc99674f9c0705814d454532cf6c765406c1d5016ddb8e9,False,False
531,508,LONG,"['TREND', 'MARKET_REGIME_STRUCTURE']",43,0.03088526241481304,0.022147808621955957,531,63,0.3333333333333333,3,3,9,0.007567614782601595,212f4739efb22bc49a852295852447fb468e5bc19a0a7d3bc03528ddfe498342,False,False
532,72,LONG,['MEAN_REVERSION'],43,0.0305192694067955,0.026402384755093218,1604,63,0.2222222222222222,2,2,9,0.0305192694067955,31b75de86dea30d4dcb2419dad552ec64a16ca027a9f1b6f114db4cfd44cbfd9,False,False
533,102,LONG,['VOLUME_LIQUIDITY'],43,0.030244437977671623,0.026537657930025046,1602,63,0.2222222222222222,2,2,9,0.030244437977671623,6891c1cb196c69b1a24bb9b39c3ff9df590754f5871267ee4e67de8b1903d680,False,False
534,128,LONG,['RELATIVE_CROSS_SECTIONAL'],43,0.03041999600827694,0.02648722742038193,1596,63,0.2222222222222222,2,2,9,0.03041999600827694,574acd92c336568f47953c37be7f77a8fc1a1228443c4608739163bf1a04e63a,False,False
535,138,LONG,['RELATIVE_CROSS_SECTIONAL'],43,0.030666649341583252,0.02640228186636368,1587,63,0.2222222222222222,2,2,9,0.030666649341583252,029dfd8d442934ebd63a0f9deac1a0a264314bab0a367c0e6de8ab7c049ff846,False,False
536,618,LONG,"['VOLATILITY', 'VOLUME_LIQUIDITY']",43,0.03126192465424538,0.026324846810665166,1553,63,0.2222222222222222,2,2,9,0.03126192465424538,0346e5d615a0bf7ea1702a7f622d3fdbe7e353a5d51fbbd68908b5ff386186f1,False,False
537,678,LONG,"['VOLUME_LIQUIDITY', 'RELATIVE_CROSS_SECTIONAL']",43,0.03214101493358612,0.02578754292469946,1406,63,0.2222222222222222,2,2,9,0.03214101493358612,1db7ff6f1baf8786dc7f07d7bee463a55ec4eb4ce5fc50df9c3c0d58aaae05e9,False,False
538,2486,LONG,"['MOMENTUM', 'VOLATILITY', 'VOLUME_LIQUIDITY', 'MARKET_REGIME_STRUCTURE']",43,0.03270146995782852,0.025243034177411718,1269,63,0.2222222222222222,2,2,9,0.03270146995782852,4034dfe169211adb48122982d0df00f904608658f17defc0e567821dfc16a7ab,False,False
539,110,LONG,['VOLUME_LIQUIDITY'],43,0.03315064683556557,0.025226262442421217,1265,63,0.2222222222222222,2,2,9,0.03315064683556557,86baa24c4cb46dfcd19df53ea33720fe1beb909e12909fab6a0067d25ca600b7,False,False
540,628,LONG,"['VOLATILITY', 'RELATIVE_CROSS_SECTIONAL']",43,0.03462352976202965,0.023164866977440336,1127,63,0.2222222222222222,2,2,9,0.03462352976202965,91784f0d4d3cbb1797068c42c35812861a8420b48b1993a6f81d3d0f6e776fbf,False,False
541,150,LONG,['MARKET_REGIME_STRUCTURE'],44,0.02805287018418312,0.017018224834964416,826,63,0.3333333333333333,3,3,9,0.006266998592764139,e3cf168bff4c55cf3d0d283a62535f5e02906df3e80496db1cee633b26f8abf8,False,False
542,1204,LONG,"['BREAKOUT', 'TREND', 'RELATIVE_CROSS_SECTIONAL']",44,0.02618628554046154,0.017865921004591084,683,63,0.3333333333333333,3,3,9,0.00334484176710248,0865ebbf7c102e4814e3b0af562495c9dea34047adbdc7471c805cbf15099ffa,False,False
543,570,LONG,"['MEAN_REVERSION', 'RELATIVE_CROSS_SECTIONAL']",44,0.033609457314014435,0.01474395549602733,365,63,0.3333333333333333,3,3,9,0.005224932450801134,e94291baa74cff3155f31097d2558903d9e218199c85d9f3f5b24056c93df2b2,False,False
544,84,LONG,['VOLATILITY'],44,0.028798889368772507,0.025482689406389224,1604,63,0.2222222222222222,2,2,9,0.028798889368772507,6dfefae5b5a633c1c8d647b9da7f58d57202a18186a409c42a762ec89d3794f7,False,False
545,1344,LONG,"['BREAKOUT', 'VOLATILITY', 'RELATIVE_CROSS_SECTIONAL']",44,0.03043225407600403,0.024860142339064407,1539,63,0.2222222222222222,2,2,9,0.03043225407600403,6bbe5566a9219af2ac3d7cb5bb4cf80a8f33fa7f040c79d313a129d593fc5816,False,False
546,226,LONG,"['MOMENTUM', 'VOLATILITY']",44,0.032201413065195084,0.0246234184011845,1037,63,0.2222222222222222,2,2,9,0.032201413065195084,55d14ccd51ad863141872306366a218c907c33fae9db6e3f5f22602b753965d0,False,False
547,662,LONG,"['VOLUME_LIQUIDITY', 'RELATIVE_CROSS_SECTIONAL']",44,0.03446165472269058,0.02302979438960356,601,63,0.2222222222222222,2,2,9,0.03446165472269058,bc270121d48ec89af2a047792ce038a283beb88f6d2e924d0bbfc0b3ddf58d0a,False,False
548,876,LONG,"['MOMENTUM', 'TREND', 'VOLATILITY']",44,0.03211648017168045,0.025348759857541883,1434,63,0.1111111111111111,1,1,9,0.03211648017168045,7116de88f9d0f1479864251e31d3fc022bfed6fd7a6a282875fcb9f1c3d1140c,False,False
549,434,LONG,"['TREND', 'MEAN_REVERSION']",44,0.032109327614307404,0.02578220649570749,1340,63,0.1111111111111111,1,1,9,0.032109327614307404,e31cfe8db43cb72ee0f36f3751593c7d0305f9435922b06e35ccfe92170a41a3,False,False
550,856,LONG,"['MOMENTUM', 'TREND', 'MEAN_REVERSION']",44,0.03239063173532486,0.02382884985507294,1041,63,0.1111111111111111,1,1,9,0.03239063173532486,d7a399bf0c2535ccac902b3fc29943680fe3005604a840ee0b7245370af308ed,False,False
551,1360,LONG,"['BREAKOUT', 'VOLATILITY', 'MARKET_REGIME_STRUCTURE']",44,0.03275415673851967,0.02344047011039648,755,63,0.1111111111111111,1,1,9,0.03275415673851967,0441452ccfae5c22dc4e01c0965f63b3f884e3b15172d6a83ad87e9da8825268,False,False
552,1464,LONG,"['TREND', 'MEAN_REVERSION', 'VOLUME_LIQUIDITY']",45,0.02390311285853386,0.015539359630678085,717,63,0.3333333333333333,3,3,9,0.005205660127103329,e967b20c72e37a04a265e6458e91260d4c36fe74d293835a2744df3585cd1dc1,False,False
553,726,LONG,"['MOMENTUM', 'BREAKOUT', 'TREND']",45,0.027909165248274803,0.015280575915877948,579,63,0.3333333333333333,3,3,9,0.00534734595566988,ea1e58f7546349b5a611cf6e15d7f3daa6a198e4f66a737da58bf87dd6efcc8a,False,False
554,2478,LONG,"['MOMENTUM', 'VOLATILITY', 'VOLUME_LIQUIDITY', 'RELATIVE_CROSS_SECTIONAL']",45,0.03194185346364975,0.014577968621618215,453,63,0.3333333333333333,3,3,9,0.006269545294344425,1bb9478ca47257eac785de10103240a65c3919f3465d28e53936f3df212936b4,False,False
555,346,LONG,"['BREAKOUT', 'VOLATILITY']",45,0.033401574939489365,-0.010386147158362176,99,63,0.3333333333333333,3,3,9,0.012694821693003178,39e0b4ce4f4ab1bc55ab4f72ac9ca37b3511b074bc795034e6790140293d34dc,False,False
556,464,LONG,"['TREND', 'VOLUME_LIQUIDITY']",45,0.028855765238404274,0.02426457346382461,1398,63,0.2222222222222222,2,2,9,0.028855765238404274,61bf4690294deb2ab4659482fa2bb45b82a8c09d255413751ac14d8d13f06553,False,False
557,1668,LONG,"['MEAN_REVERSION', 'VOLATILITY', 'RELATIVE_CROSS_SECTIONAL']",45,0.031385041773319244,0.023054142554190846,1388,63,0.2222222222222222,2,2,9,0.031385041773319244,85ab9d71cd12dcef39b074f41fa9313bba0e85e3ffbf172701b6d8b423f1b1a4,False,False
558,1794,LONG,"['VOLATILITY', 'VOLUME_LIQUIDITY', 'MARKET_REGIME_STRUCTURE']",45,0.03085589036345482,0.023826724551724045,1166,63,0.2222222222222222,2,2,9,0.03085589036345482,6f640b33a11ddec2a3be9100ea76114672408a46bb3ce79442d06701b185bc28,False,False
559,290,LONG,"['MOMENTUM', 'MARKET_REGIME_STRUCTURE']",45,0.03261042758822441,0.02136832531580505,790,63,0.2222222222222222,2,2,9,0.03261042758822441,5e720e1bba2d26c48f81ca292355093fc5f3e6ef8810f7448e832c41daae8a48,False,False
560,848,LONG,"['MOMENTUM', 'TREND', 'MEAN_REVERSION']",45,0.03268060460686684,0.021108075978728685,758,63,0.2222222222222222,2,2,9,0.03268060460686684,de5aead065a3eb8f708f118f67f817aceb5188728edb9460773d09463421c3a6,False,False
561,3192,LONG,"['MEAN_REVERSION', 'VOLATILITY', 'RELATIVE_CROSS_SECTIONAL', 'MARKET_REGIME_STRUCTURE']",45,0.03439232334494591,0.02102361511000567,674,63,0.2222222222222222,2,2,9,0.03439232334494591,ad550e6c2876cb8f6d2d85b59a181f0d704093c52b8e19eded656f2efc069999,False,False
562,44,LONG,['TREND'],45,0.03190962225198746,0.02455875512243704,1308,63,0.1111111111111111,1,1,9,0.03190962225198746,e569ca14d5a0bda56eb8081b95861e9c0cc2a3f00dda8ebdfbce6815b01ccbde,False,False
563,880,LONG,"['MOMENTUM', 'TREND', 'VOLUME_LIQUIDITY']",46,0.02501773275434971,0.014486815161171547,696,63,0.3333333333333333,3,3,9,0.003036817070096731,8def26dcc738670a13544eee2cf5869878865c25dcff512dbd69ec1224aac7d2,False,False
564,1796,LONG,"['VOLATILITY', 'VOLUME_LIQUIDITY', 'MARKET_REGIME_STRUCTURE']",46,0.023755347356200218,0.015088854769782521,284,63,0.3333333333333333,3,3,9,0.0027170886751264334,b520d85c5cedfc2c0f5dac92523b4cfd2649d4e861320d2a3309d25a6b63fc27,False,False
565,2390,LONG,"['MOMENTUM', 'MEAN_REVERSION', 'VOLATILITY', 'MARKET_REGIME_STRUCTURE']",46,0.0313638374209404,0.01261451410870841,284,63,0.3333333333333333,3,3,9,0.005324109923094511,c0715a965e37293b64cd0db9c7c7a5fe8b7d9b34acf11a458ee1e270b8fa4e8e,False,False
566,1346,LONG,"['BREAKOUT', 'VOLATILITY', 'RELATIVE_CROSS_SECTIONAL']",46,0.02935289591550827,0.014348891369869736,143,63,0.3333333333333333,3,3,9,0.004640202969312668,aa694749bd8113a6f0593cf1a6bb012bdbe5058d117954e2107cf7025052c295,False,False
567,1324,LONG,"['BREAKOUT', 'VOLATILITY', 'VOLUME_LIQUIDITY']",46,0.02821016125380993,0.02409599742191577,1509,63,0.2222222222222222,2,2,9,0.02821016125380993,3cbbf100824cd9cb74ca4bbda25faa9f0f8ced04c9a7d196261678019d8e825e,False,False
568,2524,LONG,"['MOMENTUM', 'VOLUME_LIQUIDITY', 'RELATIVE_CROSS_SECTIONAL', 'MARKET_REGIME_STRUCTURE']",46,0.02861250378191471,0.02399359714238495,1506,63,0.2222222222222222,2,2,9,0.02861250378191471,a9b93a1b6b82aaa92ebed1bf98f517339e53b931db10c9454894213b56b493f1,False,False
569,1332,LONG,"['BREAKOUT', 'VOLATILITY', 'VOLUME_LIQUIDITY']",46,0.029810186475515366,0.0236149699512879,1310,63,0.2222222222222222,2,2,9,0.029810186475515366,99933168a8c8cffe37e513bfb930c8032e8ba1aa0196fb06c8c46b8471c14f28,False,False
570,4214,LONG,"['BREAKOUT', 'MEAN_REVERSION', 'VOLUME_LIQUIDITY', 'RELATIVE_CROSS_SECTIONAL', 'MARKET_REGIME_STRUCTURE']",46,0.03108210489153862,0.022420915541177665,1153,63,0.2222222222222222,2,2,9,0.03108210489153862,1561e6f0a06c1f5e08c1087b6d0291a3b3b49d6800134dcae4f9f3a929986573,False,False
571,1530,LONG,"['TREND', 'VOLATILITY', 'VOLUME_LIQUIDITY']",46,0.03131590783596039,0.01979096397907549,995,63,0.2222222222222222,2,2,9,0.03131590783596039,6181a233325b512f8490e47a1d2d9d6554d276e8aacd75d884cd7f4998b92a2c,False,False
572,776,LONG,"['MOMENTUM', 'BREAKOUT', 'VOLATILITY']",46,0.03362715244293213,0.019501794395279097,576,63,0.2222222222222222,2,2,9,0.03362715244293213,a24070ab6b65fe35e8314c2b2349f3210c0a49818a56052391406c31279ea336,False,False
573,2274,LONG,"['MOMENTUM', 'TREND', 'VOLATILITY', 'MARKET_REGIME_STRUCTURE']",46,0.03400138393044472,-0.011648272373084176,70,63,0.2222222222222222,2,2,9,0.03400138393044472,dc32b642f55fb014822e2edc0087909ddf811eee4ff836f6ed23f96cfaf32953,False,False
574,240,LONG,"['MOMENTUM', 'VOLUME_LIQUIDITY']",46,0.029216866940259933,0.02384652720481502,1505,63,0.1111111111111111,1,1,9,0.029216866940259933,5f70eed804417a0d62a39287b10e99f13f9bbe955f574242d2bb71d6ed251018,False,False
575,1062,LONG,"['MOMENTUM', 'VOLATILITY', 'MARKET_REGIME_STRUCTURE']",46,0.030642148107290268,0.023548910219145257,933,63,0.1111111111111111,1,1,9,0.030642148107290268,d73c4bcd6e77ba95090e08440cca6ba89b68be2fce04a00efe4b1de3dc562c2f,False,False
576,1424,LONG,"['BREAKOUT', 'RELATIVE_CROSS_SECTIONAL', 'MARKET_REGIME_STRUCTURE']",46,0.031793493777513504,0.019559701072490183,611,63,0.1111111111111111,1,1,9,0.031793493777513504,55add307c5ff154e0e886aa43720c31f96c4eb9dbf3155c1638b8fac627804f7,False,False
577,654,LONG,"['VOLATILITY', 'MARKET_REGIME_STRUCTURE']",46,0.034123845398426056,0.018368022602333885,379,63,0.1111111111111111,1,1,9,0.034123845398426056,003a3f8845a271f02603cbd44ab44cf0fc4be1a37aad34e3564a000314434c7e,False,False
578,1830,LONG,"['VOLUME_LIQUIDITY', 'RELATIVE_CROSS_SECTIONAL', 'MARKET_REGIME_STRUCTURE']",47,0.02514285407960415,0.014088365297020967,781,63,0.3333333333333333,3,3,9,0.0027147673536092043,b39171e8a5631435ffa9fbed19d71c104b2f0856b5788a31fea483839a2b68f1,False,False
579,832,LONG,"['MOMENTUM', 'BREAKOUT', 'MARKET_REGIME_STRUCTURE']",47,0.02906576544046402,0.0057137623687241595,377,63,0.3333333333333333,3,3,9,0.00571897579357028,b333c853e1cc2a775f2b7e7c243a8c702753611619aeee696c3f1983f6928574,False,False
580,1652,LONG,"['MEAN_REVERSION', 'VOLATILITY', 'VOLUME_LIQUIDITY']",47,0.027786923572421074,0.012202402059080535,217,63,0.3333333333333333,3,3,9,0.007281472906470299,1f4d119759093e00447ef977123657b00c33102e7ddaac8a2e3195f5820cf7ee,False,False
581,86,LONG,['VOLATILITY'],47,0.02844536118209362,0.023589819795105504,1558,63,0.2222222222222222,2,2,9,0.02844536118209362,ea4204a67534eceb6cb6cd5f03a908cefd4c6604516b6b5bbf1768f5fb7beff4,False,False
582,1090,LONG,"['MOMENTUM', 'VOLUME_LIQUIDITY', 'RELATIVE_CROSS_SECTIONAL']",47,0.029333241283893585,0.02274212020230782,1236,63,0.2222222222222222,2,2,9,0.029333241283893585,1224ada59a60ddc0a91aa0b8980234032b170f0adfce687e72048f06854319b9,False,False
583,1328,LONG,"['BREAKOUT', 'VOLATILITY', 'VOLUME_LIQUIDITY']",47,0.029476162046194077,0.022263004689108117,1141,63,0.2222222222222222,2,2,9,0.029476162046194077,cf0cb3bb344ffe42edf3dfe8afba43f2a43d17087ac120e2554e0230ba39d742,False,False
584,1358,LONG,"['BREAKOUT', 'VOLATILITY', 'RELATIVE_CROSS_SECTIONAL']",47,0.03340885415673256,0.01901598510994191,261,63,0.2222222222222222,2,2,9,0.03340885415673256,31ba1596063731bfb79a9b5502c9eb872be065ed177d628d545e29ca75e653a5,False,False
585,2694,LONG,"['BREAKOUT', 'TREND', 'VOLUME_LIQUIDITY', 'RELATIVE_CROSS_SECTIONAL']",47,0.03350062295794487,0.017599982951559068,227,63,0.2222222222222222,2,2,9,0.03350062295794487,512927f6769750ab4f235d649bbd7d02f1603e76256f83b653d67528d7b1a881,False,False
586,302,LONG,"['BREAKOUT', 'TREND']",47,0.030123019590973854,0.022589360959534385,1297,63,0.1111111111111111,1,1,9,0.030123019590973854,9e5a91930b26401e8e7fde9ca5df86d8e27217ed9e64b68fbec796e814f270f5,False,False
587,1768,LONG,"['VOLATILITY', 'VOLUME_LIQUIDITY', 'RELATIVE_CROSS_SECTIONAL']",47,0.03124222159385681,0.019187668172899984,582,63,0.1111111111111111,1,1,9,0.03124222159385681,2f0fbd9016c386b554be3b051b9d67e4789eaa2028ca7c5b22800a4b8319cf11,False,False
588,1650,LONG,"['MEAN_REVERSION', 'VOLATILITY', 'VOLUME_LIQUIDITY']",48,0.026164665818214417,0.00975605695512867,305,63,0.3333333333333333,3,3,9,0.0017464272677898407,aa1aec645842edf7ed39c89a86a449b78273b6b76a329ff043a0cc3c2c6e2653,False,False
589,2958,LONG,"['TREND', 'MEAN_REVERSION', 'VOLATILITY', 'VOLUME_LIQUIDITY']",48,0.02832556702196598,0.00407353559284453,172,63,0.3333333333333333,3,3,9,0.0012088603107258677,0a2eacbd476ca948708a1ba0ab94a063b56a36ee8468f5479441c58adb27fd88,False,False
590,94,LONG,['VOLATILITY'],48,0.028031237423419952,0.02343346142572058,1581,63,0.2222222222222222,2,2,9,0.028031237423419952,0e8d4a281f76436a2e1fdc49ee3760fc4412321f8cb50fccb4dfc47da1070d3e,False,False
591,254,LONG,"['MOMENTUM', 'VOLUME_LIQUIDITY']",48,0.02943943254649639,0.02146291963184556,1126,63,0.2222222222222222,2,2,9,0.02943943254649639,55df749dd0de4be3671cbfa716c1c327c8f422ffa3a23bc3584dedacc2058a61,False,False
592,2784,LONG,"['BREAKOUT', 'MEAN_REVERSION', 'VOLATILITY', 'MARKET_REGIME_STRUCTURE']",48,0.030298136174678802,0.016485405621597074,430,63,0.2222222222222222,2,2,9,0.030298136174678802,2ec10dc4bd6ff1ad3d0f2067362001e108c3119764b62f67167eeb8da3907d2f,False,False
593,3022,LONG,"['TREND', 'MEAN_REVERSION', 'VOLUME_LIQUIDITY', 'MARKET_REGIME_STRUCTURE']",48,0.03114832378923893,0.013427390584596091,369,63,0.2222222222222222,2,2,9,0.03114832378923893,ee215e4f15adbac507b7d343b55bdf67a82786cac2a5f7b7528aca7d49bafa5c,False,False
594,1578,LONG,"['TREND', 'VOLATILITY', 'MARKET_REGIME_STRUCTURE']",48,0.029587730765342712,0.022011988754791344,1072,63,0.1111111111111111,1,1,9,0.029587730765342712,7d9199119e68ac0a8758ee4d64e2a2b256ff70c47dfa1c482777e4845603045e,False,False
595,36,LONG,['BREAKOUT'],48,0.029801970347762108,0.02150446351408841,1070,63,0.1111111111111111,1,1,9,0.029801970347762108,13e917e562cf960743e04a1af69e54b6e048f5292c411e14a8cf7716fef3934f,False,False
596,964,LONG,"['MOMENTUM', 'MEAN_REVERSION', 'VOLUME_LIQUIDITY']",48,0.030124245211482048,0.017239137786249737,896,63,0.1111111111111111,1,1,9,0.030124245211482048,6c91642afb6cde3cbad375c85d7ae6b8ebbaa9dfab3b9e022d9a755f76b516b8,False,False
597,3146,LONG,"['MEAN_REVERSION', 'VOLATILITY', 'VOLUME_LIQUIDITY', 'RELATIVE_CROSS_SECTIONAL']",48,0.029840854927897453,0.019388420659294962,610,63,0.1111111111111111,1,1,9,0.029840854927897453,59ecaf3534eb7e3e792b7585a40112d84076c5ee6a378f8d1d8628bf90af6be5,False,False
598,1124,LONG,"['MOMENTUM', 'RELATIVE_CROSS_SECTIONAL', 'MARKET_REGIME_STRUCTURE']",48,0.032622408121824265,0.01713469765652725,329,63,0.1111111111111111,1,1,9,0.032622408121824265,5b443131a12f7fea171f0f9161c5917cf71af09c9f50d92ad710651feefd7e69,False,False
599,4324,LONG,"['TREND', 'VOLATILITY', 'VOLUME_LIQUIDITY', 'RELATIVE_CROSS_SECTIONAL', 'MARKET_REGIME_STRUCTURE']",49,0.025871792808175087,0.007244035287868288,193,63,0.3333333333333333,3,3,9,0.0061538973823189735,1e9fb3527b2d052cf11a25c5a7b1faeab72a44dc1a665461f87fed1a079c5a26,False,False
600,2252,LONG,"['MOMENTUM', 'TREND', 'VOLATILITY', 'RELATIVE_CROSS_SECTIONAL']",49,0.027961350977420807,0.0027268891351111546,169,63,0.3333333333333333,3,3,9,0.009381899610161781,b029e8fe6c360d30be4728d8bc8bc9facacda620102da5fbf46782362b514720,False,False
601,450,LONG,"['TREND', 'VOLATILITY']",49,0.027764150872826576,0.023419940544058673,1570,63,0.2222222222222222,2,2,9,0.027764150872826576,9e5a1033e21f1488268d18bf5a205c92d9cfd9d99051a12231eef5784fe99e5d,False,False
602,1170,LONG,"['BREAKOUT', 'TREND', 'VOLATILITY']",49,0.028435075655579567,0.021385405525275878,1229,63,0.2222222222222222,2,2,9,0.028435075655579567,da08620a2d8b9427b57d212f66082a429a2124b7e24d42af40d6f69ea1deba42,False,False
603,1592,LONG,"['TREND', 'VOLUME_LIQUIDITY', 'RELATIVE_CROSS_SECTIONAL']",49,0.028845010325312614,0.014527927784438217,740,63,0.2222222222222222,2,2,9,0.028845010325312614,348f3cd186b747b2df465a613da7e56a21e2c69c4ca3e476cdb0310a5ddf6eda,False,False
604,3186,LONG,"['MEAN_REVERSION', 'VOLATILITY', 'RELATIVE_CROSS_SECTIONAL', 'MARKET_REGIME_STRUCTURE']",49,0.029860137030482292,0.013735822295632309,662,63,0.2222222222222222,2,2,9,0.029860137030482292,e81f6bbc886f95f1af726b0c67d473a8b510f2c933e3cda944fbd9a3239cd97e,False,False
605,596,LONG,"['MEAN_REVERSION', 'MARKET_REGIME_STRUCTURE']",49,0.027891244739294052,0.02160408143778877,917,63,0.1111111111111111,1,1,9,0.027891244739294052,24edcb1d361c8f319c6584bbf14c2cb41456bf280109edc1541c67253c12e3b5,False,False
606,2238,LONG,"['MOMENTUM', 'TREND', 'VOLATILITY', 'VOLUME_LIQUIDITY']",49,0.03217029944062233,0.010984707477374192,477,63,0.1111111111111111,1,1,9,0.03217029944062233,580879e288d07eb2ae469713935ddb28888481253c9c3381196a5e9c76cbc799,False,False
607,2054,LONG,"['MOMENTUM', 'BREAKOUT', 'VOLATILITY', 'RELATIVE_CROSS_SECTIONAL']",49,0.032399822026491165,0.007366032117529328,253,63,0.1111111111111111,1,1,9,0.032399822026491165,9c3a7315fc324f8e75c876f3ea12545fdcf1bf91d38a8d06e7f2091cc9726f87,False,False
608,3846,LONG,"['MOMENTUM', 'MEAN_REVERSION', 'VOLATILITY', 'VOLUME_LIQUIDITY', 'RELATIVE_CROSS_SECTIONAL']",49,0.03154851868748665,0.016616184938860523,172,63,0.1111111111111111,1,1,9,0.03154851868748665,158dabc5a43fcfbba7dffff3481a4053b7781fc4c9919b523d4dd4726761cd6e,False,False
609,2144,LONG,"['MOMENTUM', 'TREND', 'MEAN_REVERSION', 'VOLATILITY']",50,0.02497035451233387,-0.006539875133868514,223,63,0.3333333333333333,3,3,9,0.01602693274617195,48bfffc607d725f8cc763864aa2b668a7c0afe567d6e76ce20a99e477d6836c3,False,False
610,2778,LONG,"['BREAKOUT', 'MEAN_REVERSION', 'VOLATILITY', 'RELATIVE_CROSS_SECTIONAL']",50,0.02368994429707527,0.005924532086661157,193,63,0.3333333333333333,3,3,9,0.008596237748861313,7af2b76d5a14cfcc95fc27ee11420561611c85ecc89cafae925dc00480b65d3b,False,False
611,3278,LONG,"['MOMENTUM', 'BREAKOUT', 'TREND', 'MEAN_REVERSION', 'VOLUME_LIQUIDITY']",50,0.024962618947029114,-0.00038787562816096355,187,63,0.3333333333333333,3,3,9,0.008400417864322662,59c714b6296575a4e0de3dd2de314ec811bcf674df648edc303721abbdb485df,False,False
612,1290,LONG,"['BREAKOUT', 'MEAN_REVERSION', 'RELATIVE_CROSS_SECTIONAL']",50,0.025432150810956955,0.005883972653736545,163,63,0.3333333333333333,2,3,9,0.0005058936658315361,41a3c084681c73661fd6c3f468a8ed6437fa5352b480f50e3f57be562272f0de,False,False
613,322,LONG,"['BREAKOUT', 'MEAN_REVERSION']",50,0.027690857648849487,0.023411544484276178,1437,63,0.2222222222222222,2,2,9,0.027690857648849487,9d769b9635265b2ee4dfd540550f4e010276b24dce835c5fada3a3719c906ce4,False,False
614,3094,LONG,"['TREND', 'VOLATILITY', 'VOLUME_LIQUIDITY', 'MARKET_REGIME_STRUCTURE']",50,0.029460595920681953,0.011125644564680508,382,63,0.2222222222222222,2,2,9,0.029460595920681953,c65fa5137c9f40accba5efa09d667b324c826e3ba6669520b372d43911e968ea,False,False
615,2952,LONG,"['TREND', 'MEAN_REVERSION', 'VOLATILITY', 'VOLUME_LIQUIDITY']",50,0.03153473138809204,0.015803441647585473,479,63,0.1111111111111111,1,1,9,0.03153473138809204,c653c13cd51ce90d599d684bc3a579f7187ef239b062aab4a03181e56a27dab7,False,False
616,3394,LONG,"['MOMENTUM', 'BREAKOUT', 'TREND', 'VOLUME_LIQUIDITY', 'RELATIVE_CROSS_SECTIONAL']",50,0.02851785719394684,0.016457792016803433,378,63,0.1111111111111111,1,1,9,0.02851785719394684,d55258688c1e4f591e51b3accda1b444358cf545a62bf114cacac5e838861bc1,False,False
617,3544,LONG,"['MOMENTUM', 'BREAKOUT', 'MEAN_REVERSION', 'RELATIVE_CROSS_SECTIONAL', 'MARKET_REGIME_STRUCTURE']",51,0.022032106295228004,0.000432673237141884,334,63,0.3333333333333333,3,3,9,0.005313058849424124,dfe4dea70ca0dda601239a119e516914b8aa8118c4318e89de1b5faf2e4e86b9,False,False
618,1262,LONG,"['BREAKOUT', 'MEAN_REVERSION', 'VOLUME_LIQUIDITY']",51,0.018710365518927574,0.0038095783639616864,306,63,0.3333333333333333,3,3,9,0.0034768939949572086,7c4ec82746b28cbb3d96e78d659dac5731e4fc8270981fb2e7e808fc1393e91b,False,False
619,2514,LONG,"['MOMENTUM', 'VOLATILITY', 'RELATIVE_CROSS_SECTIONAL', 'MARKET_REGIME_STRUCTURE']",51,0.02469646744430065,-0.007375754092627716,149,63,0.3333333333333333,3,3,9,0.0054667070508003235,62392ec8892d870a5af6027cd046c68fbb0dba399534330d475aec79743179a9,False,False
620,16,LONG,['MOMENTUM'],51,0.027344774454832077,0.02301805504818849,1578,63,0.2222222222222222,2,2,9,0.027344774454832077,8ae801752b9fb800b24d75a08d68257bcbae5d95bcc1daaa1e11004f4d6aa0ac,False,False
621,92,LONG,['VOLATILITY'],51,0.027488401159644127,0.02275225255564136,1578,63,0.2222222222222222,2,2,9,0.027488401159644127,d334a3785a1ccbf655647722a66c1ac5ff163eb6d7c2ecf988a12a46ab326568,False,False
622,528,LONG,"['MEAN_REVERSION', 'VOLATILITY']",51,0.027085890993475914,0.023368803445606157,1536,63,0.2222222222222222,2,2,9,0.027085890993475914,2fb929f20db09cc8db5869005ac9baf30eae3207cf25144d9be01aa7c57e714f,False,False
623,860,LONG,"['MOMENTUM', 'TREND', 'VOLATILITY']",51,0.027643883600831032,0.021365934461723676,1243,63,0.2222222222222222,2,2,9,0.027643883600831032,325f8b9e8f874f1bb8307f87c35c13ae1f4cae3db50b50d8e5a11f0cd1eacb3f,False,False
624,1138,LONG,"['MOMENTUM', 'RELATIVE_CROSS_SECTIONAL', 'MARKET_REGIME_STRUCTURE']",51,0.02859112061560154,0.014345120577649964,735,63,0.1111111111111111,1,1,9,0.02859112061560154,f1b293123dab0ef6a86c01394d7adde13b47bd4d57d1af9988cd8e4f2c84a5c7,False,False
625,4280,LONG,"['TREND', 'MEAN_REVERSION', 'VOLATILITY', 'RELATIVE_CROSS_SECTIONAL', 'MARKET_REGIME_STRUCTURE']",51,0.030136309564113617,0.008162717560376606,297,63,0.1111111111111111,1,1,9,0.030136309564113617,595d9317298066d9244b5023db9d636862f98dcc839419d2e79ae5ab72964cf7,False,False
626,3232,LONG,"['VOLATILITY', 'VOLUME_LIQUIDITY', 'RELATIVE_CROSS_SECTIONAL', 'MARKET_REGIME_STRUCTURE']",51,0.030463984236121178,0.007541162171213367,127,63,0.1111111111111111,1,1,9,0.030463984236121178,d81bc58f88b91b9f9a355b78fe917c1cf2018815148ab1708edb902aafdd67ca,False,False
627,2516,LONG,"['MOMENTUM', 'VOLATILITY', 'RELATIVE_CROSS_SECTIONAL', 'MARKET_REGIME_STRUCTURE']",51,0.028995031490921974,0.008288526964527792,124,63,0.1111111111111111,1,1,9,0.028995031490921974,52b268d244468e977fed1091649c312a270902168837d64ab717dbc72f00c314,False,False
628,3292,LONG,"['MOMENTUM', 'BREAKOUT', 'TREND', 'MEAN_REVERSION', 'RELATIVE_CROSS_SECTIONAL']",52,0.019589528441429138,-0.007271866916364372,203,63,0.3333333333333333,3,3,9,0.004369079135358334,e7e8bb7020f90827f00587658e4bedb10dce5e6af8c6a59723816bd8f0bbbc3e,False,False
629,1378,LONG,"['BREAKOUT', 'VOLATILITY', 'MARKET_REGIME_STRUCTURE']",52,0.01787067949771881,-0.0007912858345675011,145,63,0.3333333333333333,3,3,9,0.004348712973296642,4b15dbb2be70d931c0dd55fb268c986a510f2d491dfb1f6201090294700b01bc,False,False
630,878,LONG,"['MOMENTUM', 'TREND', 'VOLATILITY']",52,0.02234150469303131,-0.010904165364502977,77,63,0.3333333333333333,3,3,9,0.011608135886490345,69e2d8855b62bb7e8ee3b61babe87eda553c2590306fab9526a1c133162aeb28,False,False
631,96,LONG,['VOLATILITY'],52,0.026570644229650497,0.022280322594900922,1570,63,0.2222222222222222,2,2,9,0.026570644229650497,d0a6b32bb60638533ca8a2ac4ac2c1ae8d138392fc2e7ad85e63871b0cf4013f,False,False
632,304,LONG,"['BREAKOUT', 'TREND']",52,0.02738012932240963,0.021472135169716584,1525,63,0.2222222222222222,2,2,9,0.02738012932240963,df3a6e950ad25f90dc2e65854921cac7b19662acbd05ba41bb79aa544476833f,False,False
633,2764,LONG,"['BREAKOUT', 'MEAN_REVERSION', 'VOLATILITY', 'RELATIVE_CROSS_SECTIONAL']",52,0.027532635256648064,0.020213816245528836,1286,63,0.2222222222222222,2,2,9,0.027532635256648064,37824432547fcbd4d3659f987c623e8398d79bf4a33cb051b6c60dabf341fe3e,False,False
634,792,LONG,"['MOMENTUM', 'BREAKOUT', 'VOLUME_LIQUIDITY']",52,0.027374420315027237,0.02187442456724954,1061,63,0.2222222222222222,2,2,9,0.027374420315027237,53788684e5a81549e72925ec20c1be0198ba907dda968446caf35873b3d81356,False,False
635,1764,LONG,"['VOLATILITY', 'VOLUME_LIQUIDITY', 'RELATIVE_CROSS_SECTIONAL']",52,0.027628278359770775,0.007004031462422636,470,63,0.2222222222222222,2,2,9,0.027628278359770775,10849cc6c6a11e43a88ae5eaa75d751d9154083b09ab313fda75f109efb7c364,False,False
636,462,LONG,"['TREND', 'VOLUME_LIQUIDITY']",52,0.026977544650435448,0.02260237530477758,1555,63,0.1111111111111111,1,1,9,0.026977544650435448,bb8750ec4df9947dc808f43380cd69858b30f10917df66c48b90331a8109827d,False,False
637,186,LONG,"['MOMENTUM', 'TREND']",52,0.027400244027376175,0.020737747670020266,1178,63,0.1111111111111111,1,1,9,0.027400244027376175,22916dbc89028f657d6f66bf867ac222cbefb1609ddc6b9538a7578f3ca35218,False,False
638,1400,LONG,"['BREAKOUT', 'VOLUME_LIQUIDITY', 'MARKET_REGIME_STRUCTURE']",52,0.02760026790201664,0.020253761503845284,1156,63,0.1111111111111111,1,1,9,0.02760026790201664,7aa2f99ae22ca7077544abd720c738fe9451abdbfea6616d62b51ca7c1527e97,False,False
639,2896,LONG,"['BREAKOUT', 'VOLATILITY', 'VOLUME_LIQUIDITY', 'MARKET_REGIME_STRUCTURE']",52,0.027690621092915535,0.011733394119525412,351,63,0.1111111111111111,1,1,9,0.027690621092915535,19a10553898b06b753b545ccc8b48dbf7842546e3935a4ac1aa1dda76db109d8,False,False
640,1712,LONG,"['MEAN_REVERSION', 'VOLUME_LIQUIDITY', 'RELATIVE_CROSS_SECTIONAL']",52,0.030427854508161545,-0.009918072507388964,258,63,0.1111111111111111,1,1,9,0.030427854508161545,a1973f2e093630c5161546f340312e69471183ab4f91ddeb17528a92b6e94d4f,False,False
641,894,LONG,"['MOMENTUM', 'TREND', 'VOLUME_LIQUIDITY']",52,0.02984185516834259,0.006259719798879227,233,63,0.1111111111111111,1,1,9,0.02984185516834259,ff98f6d5d85b49af3f0a4188f4efdef6416bcdbed2e97815958a8973d8eddbe8,False,False
642,3214,LONG,"['MEAN_REVERSION', 'VOLUME_LIQUIDITY', 'RELATIVE_CROSS_SECTIONAL', 'MARKET_REGIME_STRUCTURE']",52,0.02826739475131035,0.010177237941381204,221,63,0.1111111111111111,1,1,9,0.02826739475131035,c2d1cd3fc0974f1cc12e4d323ab0abc516dfd22d1050a3b819ac48f77031aa0d,False,False
643,1600,LONG,"['TREND', 'VOLUME_LIQUIDITY', 'MARKET_REGIME_STRUCTURE']",52,0.0303177572786808,0.0009802701975395872,108,63,0.1111111111111111,1,1,9,0.0303177572786808,eb66b4e46acfacce9a29d69b642009d2b1269866934cad7ff607c0fd2d41b10e,False,False
644,936,LONG,"['MOMENTUM', 'TREND', 'MARKET_REGIME_STRUCTURE']",53,0.012486886233091354,-0.0055799178387635,305,63,0.3333333333333333,3,3,9,0.0050637368112802505,ca13a93c986e1b56e99db54a695c9a6875174814dbe57e421d64e09601dee0f9,False,False
645,2530,LONG,"['MOMENTUM', 'VOLUME_LIQUIDITY', 'RELATIVE_CROSS_SECTIONAL', 'MARKET_REGIME_STRUCTURE']",53,0.01875894144177437,-0.007911332285525954,98,63,0.3333333333333333,3,3,9,0.003229123540222645,d3e333e2cd3ad90aaeadd4fa0e8f8aa50c73bbf3d8b0a61d34f01c76d62e03cc,False,False
646,442,LONG,"['TREND', 'VOLATILITY']",53,0.026718590408563614,0.021382280730001674,1528,63,0.2222222222222222,2,2,9,0.026718590408563614,fa1a442fa2c8d2acdebe48e4bf6e4f9cf8738efad43d66fdd2eecfd98a112fac,False,False
647,1102,LONG,"['MOMENTUM', 'VOLUME_LIQUIDITY', 'MARKET_REGIME_STRUCTURE']",53,0.02752646990120411,0.019652842276636356,1368,63,0.2222222222222222,2,2,9,0.02752646990120411,0324b3ffc41931eb0654a7bbd172668e277fa5a328a4f4ddf027460f4d29d1d5,False,False
648,932,LONG,"['MOMENTUM', 'TREND', 'MARKET_REGIME_STRUCTURE']",53,0.026544032618403435,0.021786665693220107,1275,63,0.2222222222222222,2,2,9,0.026544032618403435,190c19b0e2f3123377af27a9c715acedb7b3fa7883221fe9fbbdd2caff8bf7d9,False,False
649,2388,LONG,"['MOMENTUM', 'MEAN_REVERSION', 'VOLATILITY', 'MARKET_REGIME_STRUCTURE']",53,0.02721239998936653,0.019950533357314414,817,63,0.2222222222222222,2,2,9,0.02721239998936653,619228c6bf74bd47c5eb6a94c38e7ea4a77d94da644e73514a23eed384b33a23,False,False
650,142,LONG,['MARKET_REGIME_STRUCTURE'],53,0.026590535417199135,0.022354095579956212,1545,63,0.1111111111111111,1,1,9,0.026590535417199135,fbbde36c641a759f23a99165166ed499bfdb07633008c9218191335a0b41973a,False,False
651,144,LONG,['MARKET_REGIME_STRUCTURE'],53,0.026590535417199135,0.022354095579956212,1545,63,0.1111111111111111,1,1,9,0.026590535417199135,9e3b22041f0efea81ef8112b78dd10e4de6dac61025eaf79f5a10548b4ff1682,False,False
652,126,LONG,['RELATIVE_CROSS_SECTIONAL'],53,0.026587309315800667,0.022385477944741466,1524,63,0.1111111111111111,1,1,9,0.026587309315800667,87c3dfdffa3d0ef0b664c1207e2ce94a8fb46779bd39f073860c5b36e20c704c,False,False
653,362,LONG,"['BREAKOUT', 'VOLUME_LIQUIDITY']",53,0.027007201686501503,0.02084837036499974,1386,63,0.1111111111111111,1,1,9,0.027007201686501503,5883e8aaf677834a1b94ba6013bae528eb3f9aaa010484fd44d60cf1e273d04d,False,False
654,2032,LONG,"['MOMENTUM', 'BREAKOUT', 'VOLATILITY', 'VOLUME_LIQUIDITY']",53,0.028511980548501015,-0.0013677774028718961,233,63,0.1111111111111111,1,1,9,0.028511980548501015,2fb9b72d3aa82acc2cd49370ed2a964f020e57d4eaef2ec8968fb194b3d0acda,False,False
655,2024,LONG,"['MOMENTUM', 'BREAKOUT', 'VOLATILITY', 'VOLUME_LIQUIDITY']",53,0.028210269287228584,0.0096496731765809,186,63,0.1111111111111111,1,1,9,0.028210269287228584,c6c10ba604f3fc8f16cf56cba4eff318020394813e641c198129c82877ced170,False,False
656,2586,LONG,"['BREAKOUT', 'TREND', 'MEAN_REVERSION', 'RELATIVE_CROSS_SECTIONAL']",53,0.030286066234111786,-0.005319305983849644,165,63,0.1111111111111111,1,1,9,0.030286066234111786,7ffbe50944096c2f320db5ad226cc2af0c76a5963386290bb94537f1ccef2cf6,False,False
657,4256,LONG,"['TREND', 'MEAN_REVERSION', 'VOLATILITY', 'VOLUME_LIQUIDITY', 'RELATIVE_CROSS_SECTIONAL']",54,0.006441588047891855,-0.014489885114199196,116,20,0.3333333333333333,3,3,9,0.005905520170927048,34518de424ede19a62f548c477cad4091c7bc07a8e17ae5a36cdcb06f0504563,False,False
658,600,LONG,"['VOLATILITY', 'VOLUME_LIQUIDITY']",54,0.02491425722837448,0.021602757731377126,1550,63,0.2222222222222222,2,2,9,0.02491425722837448,4c531bb5f38632151dbbc4765fc3dbabffad12a122423088adab851dc0203c3b,False,False
659,1536,LONG,"['TREND', 'VOLATILITY', 'VOLUME_LIQUIDITY']",54,0.026516452431678772,0.02110985683872595,1527,63,0.2222222222222222,2,2,9,0.026516452431678772,9aa5c77ef09952f66e59c576882e9253f7ffc3af7af3a3d1a1ac73b55e43b470,False,False
660,666,LONG,"['VOLUME_LIQUIDITY', 'RELATIVE_CROSS_SECTIONAL']",54,0.025942156091332436,0.021316060943163448,1500,63,0.2222222222222222,2,2,9,0.025942156091332436,a4d3570909072e395047560c5b13ae724b81ad70568deb29798e4a2498cda853,False,False
661,1782,LONG,"['VOLATILITY', 'VOLUME_LIQUIDITY', 'MARKET_REGIME_STRUCTURE']",54,0.027452530339360237,0.018688541394516627,1279,63,0.2222222222222222,2,2,9,0.027452530339360237,f53f104c0e4a5cac69a211dd2eacc0f5bc15983a2ea9f35319880e48e5344dfa,False,False
662,868,LONG,"['MOMENTUM', 'TREND', 'VOLATILITY']",54,0.026606755331158638,0.019701728242727663,1063,63,0.2222222222222222,2,2,9,0.026606755331158638,c8db38c3cf74a673b401acff6f5fd669a2cbb34625dc43ddff223a31039a2870,False,False
663,378,LONG,"['BREAKOUT', 'VOLUME_LIQUIDITY']",54,0.026831336319446564,0.020231565383694416,1505,63,0.1111111111111111,1,1,9,0.026831336319446564,82fdbfef3c2c6127a8554fe6c4809473c7672fa83082cb7b1e000ef8da68495e,False,False
664,1828,LONG,"['VOLUME_LIQUIDITY', 'RELATIVE_CROSS_SECTIONAL', 'MARKET_REGIME_STRUCTURE']",54,0.026893677189946175,0.020019674671289404,1196,63,0.1111111111111111,1,1,9,0.026893677189946175,14e59c01ba89a443024438f8d290a0941097ea18cb1303d5e26203e5126089d7,False,False
665,270,LONG,"['MOMENTUM', 'RELATIVE_CROSS_SECTIONAL']",54,0.02696910873055458,0.01970859521502701,1150,63,0.1111111111111111,1,1,9,0.02696910873055458,21f3c664cb23a0bf3e3f40ac5da88ea2e6658a0c46989d6739dbbcec20e16204,False,False
666,512,LONG,"['TREND', 'MARKET_REGIME_STRUCTURE']",55,0.02426808699965477,0.020947735930264794,1591,63,0.2222222222222222,2,2,9,0.02426808699965477,3005b7d0782395f8d62025cda58bba4c90a4f8bba6441d4632106c34ba2b9b8e,False,False
667,408,LONG,"['BREAKOUT', 'MARKET_REGIME_STRUCTURE']",55,0.02508091926574707,0.020803172867550637,1539,63,0.2222222222222222,2,2,9,0.02508091926574707,bc7de66ce41bb4e03e02797b222c103a190f31d58a5636422a90b2bb2f33e92d,False,False
668,288,LONG,"['MOMENTUM', 'MARKET_REGIME_STRUCTURE']",55,0.02589210867881775,0.02069724368469987,1215,63,0.2222222222222222,2,2,9,0.02589210867881775,bb590473da2dd88d98d230d3c05a1d62de7fb5591f79ec25465a415a16e81dcb,False,False
669,292,LONG,"['MOMENTUM', 'MARKET_REGIME_STRUCTURE']",55,0.026343898847699165,0.020521136016296203,1019,63,0.2222222222222222,2,2,9,0.026343898847699165,9ded58a28a29321a28b5ad34b016c63395133805f7d61069cddd0c9ad3ae6ed6,False,False
670,774,LONG,"['MOMENTUM', 'BREAKOUT', 'VOLATILITY']",55,0.027116838842630386,0.014277003099448005,359,63,0.2222222222222222,2,2,9,0.027116838842630386,b442137ebb0a9950b5e570b6acc3b5065a6658ccb9f4c96b2ac576acd8039108,False,False
671,50,LONG,['TREND'],55,0.026181165128946304,0.02105694560254375,1536,63,0.1111111111111111,1,1,9,0.026181165128946304,9271e17a305a17cbb87efbde3019774b45a57df1db57ab44686825032678911f,False,False
672,1598,LONG,"['TREND', 'VOLUME_LIQUIDITY', 'RELATIVE_CROSS_SECTIONAL']",55,0.026846637949347496,0.01987735461981265,1475,63,0.1111111111111111,1,1,9,0.026846637949347496,8fe582570877c6dde8c4e8685764a232eef41ac53e266db572a337cce4756f8b,False,False
673,2292,LONG,"['MOMENTUM', 'TREND', 'VOLUME_LIQUIDITY', 'RELATIVE_CROSS_SECTIONAL']",55,0.026918096467852592,0.014783658233160305,528,63,0.1111111111111111,1,1,9,0.026918096467852592,84f80c532a1ad9764e9e942a17690f332dea641d682131149582a083f992cc15,False,False
674,2260,LONG,"['MOMENTUM', 'TREND', 'VOLATILITY', 'MARKET_REGIME_STRUCTURE']",55,0.027416078373789787,0.0036668100156943655,337,63,0.1111111111111111,1,1,9,0.027416078373789787,acf1074f2f24fe43ed2dfe861580c65b495ebfd20f5e759a1b7dbf04ab6013da,False,False
675,120,LONG,['RELATIVE_CROSS_SECTIONAL'],56,0.024533119052648544,0.020551804927711585,1589,63,0.2222222222222222,2,2,9,0.024533119052648544,a6d3389838c47a8ae7259d99d3698154c5cae1c14c290e17421099337eab9b9b,False,False
676,1534,LONG,"['TREND', 'VOLATILITY', 'VOLUME_LIQUIDITY']",56,0.02555207535624504,0.018424438357556937,1409,63,0.2222222222222222,2,2,9,0.02555207535624504,db09a3244c93fd61d87be61f76ff12931670375eb6f8d683f1615b8aa91bb54c,False,False
677,498,LONG,"['TREND', 'RELATIVE_CROSS_SECTIONAL']",56,0.02530149184167385,0.019124704708154694,1377,63,0.2222222222222222,2,2,9,0.02530149184167385,389dd09463c060e4d906a3001914935b4171dd095a498bca67819f63a7844f22,False,False
678,364,LONG,"['BREAKOUT', 'VOLUME_LIQUIDITY']",56,0.024592692032456398,0.01982445880764517,1267,63,0.2222222222222222,2,2,9,0.024592692032456398,988ef8e11fd9589f1a1610ebabc3f9f061cdda60627522f76417d6adc301ec94,False,False
679,2196,LONG,"['MOMENTUM', 'TREND', 'MEAN_REVERSION', 'RELATIVE_CROSS_SECTIONAL']",56,0.025362303480505943,0.0185276560542005,1198,63,0.2222222222222222,2,2,9,0.025362303480505943,41604adc7ececb61b8dd8e29a5729f509292eac50f6aeec024ab2da8ebaa7e93,False,False
680,4224,LONG,"['BREAKOUT', 'VOLATILITY', 'VOLUME_LIQUIDITY', 'RELATIVE_CROSS_SECTIONAL', 'MARKET_REGIME_STRUCTURE']",56,0.02570353075861931,0.01797065073075216,908,63,0.2222222222222222,2,2,9,0.02570353075861931,8d067e418c85200c891069c9e7335ee38a2570935ae52e4a409fb81002bbe700,False,False
681,728,LONG,"['MOMENTUM', 'BREAKOUT', 'TREND']",56,0.026410944759845734,0.012581980729947654,637,63,0.2222222222222222,2,2,9,0.026410944759845734,95be8d7d29250c5cfb77f07259ccfa89edc94065a00a82384cb4be905482d073,False,False
682,566,LONG,"['MEAN_REVERSION', 'RELATIVE_CROSS_SECTIONAL']",56,0.024718312546610832,0.020867803447952128,1491,63,0.1111111111111111,1,1,9,0.024718312546610832,bd5e5b720a439fb7730178fb8b1b978f9cf1ce72604688e27167041593bf6971,False,False
683,588,LONG,"['MEAN_REVERSION', 'MARKET_REGIME_STRUCTURE']",56,0.02612491324543953,0.020440551042611988,1190,63,0.1111111111111111,1,1,9,0.02612491324543953,bd0a5ace201b7ac8af111c05f261061a553998f299e41dbb3d4cb3b2ff0ad34c,False,False
684,674,LONG,"['VOLUME_LIQUIDITY', 'RELATIVE_CROSS_SECTIONAL']",56,0.026541532948613167,0.01976326017732815,1154,63,0.1111111111111111,1,1,9,0.026541532948613167,a0de5aac58e98fd2c120e94cd4976a8916c70be74ea5a5851af2b7cd26cd3bdf,False,False
685,1396,LONG,"['BREAKOUT', 'VOLUME_LIQUIDITY', 'RELATIVE_CROSS_SECTIONAL']",56,0.026715142652392387,0.01573784154437463,762,63,0.1111111111111111,1,1,9,0.026715142652392387,af397aa9fa53999e3653118406b5682687232a211fb456e5b79b7cab3f4ce635,False,False
686,158,LONG,['MARKET_REGIME_STRUCTURE'],57,0.023475877940654755,0.019842249247113572,1603,63,0.2222222222222222,2,2,9,0.023475877940654755,b2a117e4c0badf2c05110a319dda4cd8b1fcf4faeda986001434926a038f7c60,False,False
687,1206,LONG,"['BREAKOUT', 'TREND', 'RELATIVE_CROSS_SECTIONAL']",57,0.023130401968955994,0.01989447432620495,1505,63,0.2222222222222222,2,2,9,0.023130401968955994,5e516468ad62e7b820d63bdc13dd4ea081a7870e1f8aab153c7781471aaa8d25,False,False
688,634,LONG,"['VOLATILITY', 'RELATIVE_CROSS_SECTIONAL']",57,0.023860398679971695,0.018659845894519897,1487,63,0.2222222222222222,2,2,9,0.023860398679971695,e172c652054bd45df13aa9419855d51a02265abd57a57da423ad4474540b2e66,False,False
689,238,LONG,"['MOMENTUM', 'VOLATILITY']",57,0.02418789453804493,0.017078998058511857,990,63,0.2222222222222222,2,2,9,0.02418789453804493,48a481948f8a08726e90b47e82550b696f650713c62a8e76394e3700d4ac8bb4,False,False
690,3194,LONG,"['MEAN_REVERSION', 'VOLATILITY', 'RELATIVE_CROSS_SECTIONAL', 'MARKET_REGIME_STRUCTURE']",57,0.024227561429142952,0.01366435990228184,944,63,0.2222222222222222,2,2,9,0.024227561429142952,229a6fa4d78bd2eab3174be8f4d14e601af5bc9146b2696ab6866cdc063eacb5,False,False
691,2056,LONG,"['MOMENTUM', 'BREAKOUT', 'VOLATILITY', 'RELATIVE_CROSS_SECTIONAL']",57,0.024951761588454247,0.010858142269833828,252,63,0.2222222222222222,2,2,9,0.024951761588454247,5d973c82e0f1df9fcbf6cdfa5249f5cb7a5772435a8a281f580ddfd58e0b569c,False,False
692,682,LONG,"['VOLUME_LIQUIDITY', 'MARKET_REGIME_STRUCTURE']",57,0.025334471836686134,0.008746246851300227,195,63,0.2222222222222222,2,2,9,0.025334471836686134,4228ee7a5c440c2f9348c811b74cd60b472f980ea0cb28ae3160e7ca6a74e72c,False,False
693,260,LONG,"['MOMENTUM', 'RELATIVE_CROSS_SECTIONAL']",57,0.02538044936954975,0.020394653393661907,1452,63,0.1111111111111111,1,1,9,0.02538044936954975,c6a15e5a344ecaac5c5efaee620dbb741a77cc243938dedf73f8a4b7a819cdb0,False,False
694,2,LONG,['MOMENTUM'],57,0.025523116812109947,0.01937940811775018,1306,63,0.1111111111111111,1,1,9,0.025523116812109947,ecd4319ff24ba77ca871cf390ca13972dffdae2401f9e74fd884a38d60f438f5,False,False
695,222,LONG,"['MOMENTUM', 'VOLATILITY']",57,0.02646896056830883,0.019183904666965547,1090,63,0.1111111111111111,1,1,9,0.02646896056830883,5b3ff1ee701339c24b5c372b40dc48ef7dd87d9eb326d243680162208a0ccdd8,False,False
696,3024,LONG,"['TREND', 'MEAN_REVERSION', 'VOLUME_LIQUIDITY', 'MARKET_REGIME_STRUCTURE']",57,0.026708772405982018,0.002755177987144815,457,63,0.1111111111111111,1,1,9,0.026708772405982018,fa686e64f5b4f2e0031db9d3409a4e17be6b0c906b17d1171a6ef7118a04c17e,False,False
697,134,LONG,['RELATIVE_CROSS_SECTIONAL'],58,0.02270512469112873,0.018644513634118856,1564,63,0.2222222222222222,2,2,9,0.02270512469112873,5aec695f0c515eafb42bfd59b3795acf84abce19eb60125c8a393e8744b008b2,False,False
698,88,LONG,['VOLATILITY'],58,0.02172703854739666,0.01868972052896111,1541,63,0.2222222222222222,2,2,9,0.02172703854739666,15a9cb7c78a9a532912aca61dd453ef56a23e67399817e855e187fdb6e3602a8,False,False
699,524,LONG,"['MEAN_REVERSION', 'VOLATILITY']",58,0.0238945409655571,0.016935659083794647,984,63,0.2222222222222222,2,2,9,0.0238945409655571,a12d15f992a59f33cf788f55d05c14d0260ebbc5482d7c1aff53a22c8e022db5,False,False
700,720,LONG,"['MOMENTUM', 'BREAKOUT', 'TREND']",58,0.02404809556901455,0.010378234666329079,649,63,0.2222222222222222,2,2,9,0.02404809556901455,0b712e11764b0802089dd42a66c948892d666e41216f3fb9bd25649aaedc978a,False,False
701,90,LONG,['VOLATILITY'],58,0.024008963257074356,0.02032681972015707,1551,63,0.1111111111111111,1,1,9,0.024008963257074356,76f3d487c537928007d971ad24563309663e9ee1709b4e1ef2d53b3da9f1b0f9,False,False
702,32,LONG,['BREAKOUT'],58,0.02479621395468712,0.020306494408258213,1551,63,0.1111111111111111,1,1,9,0.02479621395468712,bcd896a8d261910204e5cbf7aae6c23e9b90ad9ae41994778739dd7e81191ca8,False,False
703,1050,LONG,"['MOMENTUM', 'VOLATILITY', 'RELATIVE_CROSS_SECTIONAL']",58,0.024819690734148026,0.01989137574390832,1449,63,0.1111111111111111,1,1,9,0.024819690734148026,7ac43331a62519b704ee9636d243e0d66525b80b9d4a21b0396e667a351fbb22,False,False
704,3590,LONG,"['MOMENTUM', 'BREAKOUT', 'VOLATILITY', 'VOLUME_LIQUIDITY', 'MARKET_REGIME_STRUCTURE']",58,0.02600190043449402,0.012541333994326687,252,63,0.1111111111111111,1,1,9,0.02600190043449402,afcfd8db80688dacaebb85608b07c3ec99680345c889b0639df89099482d2e3c,False,False
705,4088,LONG,"['BREAKOUT', 'TREND', 'VOLATILITY', 'VOLUME_LIQUIDITY', 'MARKET_REGIME_STRUCTURE']",58,0.02640853263437748,0.012221699535615856,238,63,0.1111111111111111,1,1,9,0.02640853263437748,dde6a744cd9d186bdc6bb624b4698766d9426dbfebabff1bd37e85a3821b138c,False,False
706,188,LONG,"['MOMENTUM', 'TREND']",59,0.022570738568902016,0.016610971908835145,1526,63,0.2222222222222222,2,2,9,0.022570738568902016,96f160a00b5cacb3f3edf899dd7f567ef4b07cda46e4fe0d2838ccab46ea7df0,False,False
707,1484,LONG,"['TREND', 'MEAN_REVERSION', 'RELATIVE_CROSS_SECTIONAL']",59,0.022250615060329437,0.01755544539821819,1016,63,0.2222222222222222,2,2,9,0.022250615060329437,8f34262e43ead348858abecfe5f9f714c42f265284e22417a3fdc67520bd0924,False,False
708,336,LONG,"['BREAKOUT', 'MEAN_REVERSION']",59,0.02282560244202614,0.014606194705102481,864,63,0.2222222222222222,2,2,9,0.02282560244202614,a430b96dd631d47dfe2a838784a46fbf0163f4605df51178ca6c89f863632056,False,False
709,3062,LONG,"['TREND', 'VOLATILITY', 'VOLUME_LIQUIDITY', 'RELATIVE_CROSS_SECTIONAL']",59,0.022856373339891434,0.009603696825450403,170,63,0.2222222222222222,2,2,9,0.022856373339891434,9904cfa18e55dbc573b16ebb9ccfebc2cfa2a802405f84f10d088681662e7e3d,False,False
710,1760,LONG,"['VOLATILITY', 'VOLUME_LIQUIDITY', 'RELATIVE_CROSS_SECTIONAL']",59,0.02310863696038723,-0.0015670974810969192,165,63,0.2222222222222222,2,2,9,0.02310863696038723,0036af79394285e4f441378c331b7b44a869a72b65b8e9139e0385ca48fcac72,False,False
711,4294,LONG,"['TREND', 'MEAN_REVERSION', 'VOLATILITY', 'RELATIVE_CROSS_SECTIONAL', 'MARKET_REGIME_STRUCTURE']",59,0.022897994145751,0.0032093814642004254,158,63,0.2222222222222222,2,2,9,0.022897994145751,3a16146f6a3888494db568f07102ea32e16a34457ad38383830fbdaebdbec461,False,False
712,760,LONG,"['MOMENTUM', 'BREAKOUT', 'VOLATILITY']",59,0.02343759872019291,-0.004349587741425808,80,63,0.2222222222222222,2,2,9,0.02343759872019291,b6e3c4efabf2f4e38a9f07224942392e77da132a7dc376af3b6143f207ed1f34,False,False
713,18,LONG,['MOMENTUM'],59,0.02456529438495636,0.019452024770424334,1408,63,0.1111111111111111,1,1,9,0.02456529438495636,cc6fd28df59460fa28a6bb0d32514211b20a70f8dccc5496eeaa1ff1ccd4acf8,False,False
714,366,LONG,"['BREAKOUT', 'VOLUME_LIQUIDITY']",59,0.02481532283127308,0.018180314274621953,1153,63,0.1111111111111111,1,1,9,0.02481532283127308,bed02dfcc92a72508a6d1b904adb93e9f3520af0474df4fe8976094f0bb0332c,False,False
715,1944,LONG,"['MOMENTUM', 'BREAKOUT', 'MEAN_REVERSION', 'VOLATILITY']",59,0.02500118687748909,0.004220852158259347,204,63,0.1111111111111111,1,1,9,0.02500118687748909,6e52915616bc0b4f14baeb30abf1bf5cd5f5f310bddcf3e4e0a910ed66696477,False,False
716,656,LONG,"['VOLATILITY', 'MARKET_REGIME_STRUCTURE']",60,0.021849768236279488,0.01665436012006339,1363,63,0.2222222222222222,2,2,9,0.021849768236279488,7182169311e4ea0617736bbf1d8c9f16d3112af73b9d76cb29d6b9bc61e43fd6,False,False
717,466,LONG,"['TREND', 'VOLUME_LIQUIDITY']",60,0.0214182510972023,0.01720488942346958,1292,63,0.2222222222222222,2,2,9,0.0214182510972023,4fce9594b55e1fcac5362fc67fdccdb5478a333ee0f294d26360d4abd4e81ef0,False,False
718,2668,LONG,"['BREAKOUT', 'TREND', 'VOLATILITY', 'MARKET_REGIME_STRUCTURE']",60,0.02213750220835209,0.014020129692240655,1099,63,0.2222222222222222,2,2,9,0.02213750220835209,de77b560304a69be6999814d34172ffe8f5be6eb74bfac4d073ea3f54e2cb364,False,False
719,1106,LONG,"['MOMENTUM', 'VOLUME_LIQUIDITY', 'MARKET_REGIME_STRUCTURE']",60,0.022189635783433914,0.013984060527315736,1000,63,0.2222222222222222,2,2,9,0.022189635783433914,968e4485b5bf4290faffadfce9f216c2147692892258e3a5242d0befa8a80c42,False,False
720,1612,LONG,"['TREND', 'VOLUME_LIQUIDITY', 'MARKET_REGIME_STRUCTURE']",60,0.02243337221443653,0.013295231598862877,951,63,0.2222222222222222,2,2,9,0.02243337221443653,407a276a30d7e829d6d5bf1fbc99fd862bdb2bfd0b4904f614a4cdb777307fbf,False,False
721,318,LONG,"['BREAKOUT', 'TREND']",60,0.022795261815190315,-0.0020324350756919553,98,63,0.2222222222222222,2,2,9,0.022795261815190315,55bbf2d22be7755c56a544f0eb5471732ca15f64f27b76f5e7117b1db9e4ffca,False,False
722,30,LONG,['BREAKOUT'],60,0.024460941553115845,0.019406215915093623,1523,63,0.1111111111111111,1,1,9,0.024460941553115845,54aa86e96dedc4efa0a699a6babc72f91db57cd4094bff3b25a83b67fa28fecb,False,False
723,206,LONG,"['MOMENTUM', 'MEAN_REVERSION']",60,0.024494612589478493,0.017344616125062412,1126,63,0.1111111111111111,1,1,9,0.024494612589478493,885109d9d4bb7df6403f2a51ffcffe5bd532b83bf0bff1c2e61b91116a413eb2,False,False
724,3982,LONG,"['BREAKOUT', 'TREND', 'MEAN_REVERSION', 'VOLATILITY', 'MARKET_REGIME_STRUCTURE']",60,0.024811025708913803,0.006658981150969752,349,63,0.1111111111111111,1,1,9,0.024811025708913803,5fd6008210f088441cd974040e47dd9f4a26d94bf3f3b508f7cd763cee113a00,False,False
725,1192,LONG,"['BREAKOUT', 'TREND', 'VOLUME_LIQUIDITY']",61,0.02196955308318138,0.012253609494425546,977,63,0.2222222222222222,2,2,9,0.02196955308318138,21f0e050c39d70b45f224f54fbe68ec9921e0f5107a9043808ec30ab7e00f3a3,False,False
726,1552,LONG,"['TREND', 'VOLATILITY', 'RELATIVE_CROSS_SECTIONAL']",61,0.01988530158996582,0.014259849235278302,950,63,0.2222222222222222,2,2,9,0.01988530158996582,06ca53cc3855cfa26b2d06ee5b7a67ea1a8d261be679439c00127e8b92f014c2,False,False
727,1216,LONG,"['BREAKOUT', 'TREND', 'RELATIVE_CROSS_SECTIONAL']",61,0.02358357235789299,0.018663645139288143,1492,63,0.1111111111111111,1,1,9,0.02358357235789299,399b9da6bf533258498b2435469b3ea0290f34efa5f655d1f5027ba14958b768,False,False
728,576,LONG,"['MEAN_REVERSION', 'RELATIVE_CROSS_SECTIONAL']",61,0.02448451705276966,0.015050246526082535,776,63,0.1111111111111111,1,1,9,0.02448451705276966,9b47c068d90bfa1385362d801f188be9d8fba84849e3c0fd2197a3fc73b672f4,False,False
729,636,LONG,"['VOLATILITY', 'RELATIVE_CROSS_SECTIONAL']",62,0.017931463196873665,0.012757918959262253,1227,63,0.2222222222222222,2,2,9,0.017931463196873665,bcf96a2a0d16c73099887599a5f73d90770b8033b5d4d4044dbbdb3ac0398e21,False,False
730,970,LONG,"['MOMENTUM', 'MEAN_REVERSION', 'VOLUME_LIQUIDITY']",62,0.018104789778590202,0.012703810116280256,982,63,0.2222222222222222,2,2,9,0.018104789778590202,3f8d18ab6a80aa6aec2ad214699fab755f8adca47e0bc0937b56082401dd806b,False,False
731,400,LONG,"['BREAKOUT', 'MARKET_REGIME_STRUCTURE']",62,0.018905149772763252,0.012611952326949005,540,63,0.2222222222222222,2,2,9,0.018905149772763252,5f842744bca19075df02f36d2f4be260510804433fd00291d3e6400227f87c66,False,False
732,380,LONG,"['BREAKOUT', 'RELATIVE_CROSS_SECTIONAL']",62,0.021433988586068153,0.011973968265330771,359,63,0.2222222222222222,2,2,9,0.021433988586068153,1c5237e7a56fc7f83280b043b7de203b0d04e1c542b4014df7a6f6053341b0a9,False,False
733,620,LONG,"['VOLATILITY', 'RELATIVE_CROSS_SECTIONAL']",62,0.0218943040817976,0.010960249878856979,358,63,0.2222222222222222,2,2,9,0.0218943040817976,a32e96396423e595b0403210d343c3957a1461d4a18aae89bb4a4da898c12650,False,False
734,20,LONG,['BREAKOUT'],62,0.02203957550227642,0.018609159986225476,1565,63,0.1111111111111111,1,1,9,0.02203957550227642,d5100ae9fdf936be78ed87fb182a4d18c65f6e447c8aecf3a0c1f948dfcb302a,False,False
735,114,LONG,['VOLUME_LIQUIDITY'],62,0.023432336747646332,0.018028992009887,1477,63,0.1111111111111111,1,1,9,0.023432336747646332,c84bca4f1fab5d108eca9ab8af8c40c6bf96e87541ba8db7bb4959a7029ab846,False,False
736,314,LONG,"['BREAKOUT', 'TREND']",62,0.02408715710043907,0.013419267507361202,473,63,0.1111111111111111,1,1,9,0.02408715710043907,3ccc779ab8b85007dff5222649c028c26126df361c2d98692087fcaa6d1124c5,False,False
737,2830,LONG,"['BREAKOUT', 'MEAN_REVERSION', 'VOLUME_LIQUIDITY', 'MARKET_REGIME_STRUCTURE']",62,0.024440113455057144,0.011937710849674078,199,63,0.1111111111111111,1,1,9,0.024440113455057144,0c773225849b4ddb289b596167ebb408dcd4f1c83d3f9f9dd307837b12a6a612,False,False
738,1466,LONG,"['TREND', 'MEAN_REVERSION', 'VOLUME_LIQUIDITY']",63,0.01738503761589527,0.012229285633134447,744,63,0.2222222222222222,2,2,9,0.01738503761589527,207bcd85ff1e219680fb0126c64e4a099abe1d73fa2972b62cf4ae76cb937c95,False,False
739,3844,LONG,"['MOMENTUM', 'MEAN_REVERSION', 'VOLATILITY', 'VOLUME_LIQUIDITY', 'RELATIVE_CROSS_SECTIONAL']",63,0.017436927184462547,0.011058490472714327,742,63,0.2222222222222222,2,2,9,0.017436927184462547,98f52be4d33b713803073ed2a0a34a6e3d7ad0f8c8e6dc691add629ffc921c1a,False,False
740,3842,LONG,"['MOMENTUM', 'MEAN_REVERSION', 'VOLATILITY', 'VOLUME_LIQUIDITY', 'RELATIVE_CROSS_SECTIONAL']",63,0.02010885253548622,0.009168434831639012,705,63,0.2222222222222222,2,2,9,0.02010885253548622,e5f9316169e5cc5d7d27f16e47318559534adf8d4a653afd8df2a001aca8092c,False,False
741,1182,LONG,"['BREAKOUT', 'TREND', 'VOLUME_LIQUIDITY']",63,0.019426776096224785,0.009876497198899404,395,63,0.2222222222222222,2,2,9,0.019426776096224785,e94ed1dc801ba6827b4f28b6c2c808362dba2817a6b357cc2f3f6136b2afecc7,False,False
742,3138,LONG,"['TREND', 'VOLUME_LIQUIDITY', 'RELATIVE_CROSS_SECTIONAL', 'MARKET_REGIME_STRUCTURE']",63,0.021425295621156693,0.007102117721193324,248,63,0.2222222222222222,2,2,9,0.021425295621156693,ce150645928de8a981951797081f17009d01c6074298c3c644a4ba40a66220a8,False,False
743,494,LONG,"['TREND', 'RELATIVE_CROSS_SECTIONAL']",63,0.02152424305677414,0.017715507753357403,1522,63,0.1111111111111111,1,1,9,0.02152424305677414,cb22c230a79dac3c0990fd922c280d5712ffcfdd4e244ca4399d851ec6e214b9,False,False
744,3134,LONG,"['TREND', 'VOLUME_LIQUIDITY', 'RELATIVE_CROSS_SECTIONAL', 'MARKET_REGIME_STRUCTURE']",63,0.02239355444908142,0.017522098203590828,1420,63,0.1111111111111111,1,1,9,0.02239355444908142,cb124968a26fe8a4c9d4ff26e3a9bf47cea4c07f097c83d38074491268cda445,False,False
745,1720,LONG,"['MEAN_REVERSION', 'VOLUME_LIQUIDITY', 'MARKET_REGIME_STRUCTURE']",63,0.02276698872447014,0.01608285937486215,1180,63,0.1111111111111111,1,1,9,0.02276698872447014,8a6ae9d17c059666116b76d37122fa61a13c9026b22342f813bfee80a15f89e8,False,False
746,6,LONG,['MOMENTUM'],63,0.022443408146500587,0.016887697259780426,1171,63,0.1111111111111111,1,1,9,0.022443408146500587,c1a9e63833b0e51d7b72f843a880d532128809ae03f2ac37e3056785586874a9,False,False
747,358,LONG,"['BREAKOUT', 'VOLATILITY']",63,0.02301427535712719,0.015998041997015194,1058,63,0.1111111111111111,1,1,9,0.02301427535712719,a4db7813daea5d492c6436034659c8679f18919dc66978a590aabb94419e6209,False,False
748,228,LONG,"['MOMENTUM', 'VOLATILITY']",63,0.023148968815803528,0.014720538054050164,837,63,0.1111111111111111,1,1,9,0.023148968815803528,60c88b777f538b9d8c0dd04beef5419c77f58755ad84f6f06c4e6975005fdffa,False,False
749,3496,LONG,"['MOMENTUM', 'BREAKOUT', 'MEAN_REVERSION', 'VOLATILITY', 'MARKET_REGIME_STRUCTURE']",63,0.024053815752267838,0.012881924231593471,482,63,0.1111111111111111,1,1,9,0.024053815752267838,123e8868a8b467c34fbd5e94f4e094c55e4ae5344f89f59bdcf2f24b95042eb1,False,False
750,752,LONG,"['MOMENTUM', 'BREAKOUT', 'MEAN_REVERSION']",63,0.024222981184720993,0.001108257628494938,286,63,0.1111111111111111,1,1,9,0.024222981184720993,3aff81a873114c56800131e513960015ff810eb8a0729a9ddb3e8e47e397c5c5,False,False
751,1444,LONG,"['TREND', 'MEAN_REVERSION', 'VOLATILITY']",64,0.017263920977711678,0.00919323182287045,420,63,0.2222222222222222,2,2,9,0.017263920977711678,0a5ebfd987a8768fb28a64e6c98d0722750729fa83585a07968b63c3db6d68d0,False,False
752,1538,LONG,"['TREND', 'VOLATILITY', 'VOLUME_LIQUIDITY']",64,0.017695168033242226,0.006622333867447833,299,63,0.2222222222222222,2,2,9,0.017695168033242226,62c1002e5b0d5c13f22926251cc4d0acd11f780300855f9d043c211753b68689,False,False
753,2904,LONG,"['BREAKOUT', 'VOLATILITY', 'RELATIVE_CROSS_SECTIONAL', 'MARKET_REGIME_STRUCTURE']",64,0.019266556948423386,0.00527804151865287,273,63,0.2222222222222222,2,2,9,0.019266556948423386,8456b271541e1a07b6a4ec2e1953fad8b5bdc05a6c3d6cd1c676f222c836ff67,False,False
754,3680,LONG,"['MOMENTUM', 'TREND', 'MEAN_REVERSION', 'VOLATILITY', 'MARKET_REGIME_STRUCTURE']",64,0.020536895841360092,0.0048709617487209984,200,63,0.2222222222222222,2,2,9,0.020536895841360092,0d83e4e5f0bdda505738ef0db89cea288acb41e6e32af287ce0b001858bdeb6e,False,False
755,912,LONG,"['MOMENTUM', 'TREND', 'RELATIVE_CROSS_SECTIONAL']",64,0.022123966366052628,0.017303497320213867,1256,63,0.1111111111111111,1,1,9,0.022123966366052628,69a4e2e2287a1708954e4e5a873da428b34efb4450f8b4ecc0982d227470fe17,False,False
756,1666,LONG,"['MEAN_REVERSION', 'VOLATILITY', 'RELATIVE_CROSS_SECTIONAL']",64,0.022410474717617035,0.016401805258233402,1244,63,0.1111111111111111,1,1,9,0.022410474717617035,b67d133c19fe31861057060e1b91b6e2292377b880047335f7e30d35563956cc,False,False
757,2496,LONG,"['MOMENTUM', 'VOLATILITY', 'VOLUME_LIQUIDITY', 'MARKET_REGIME_STRUCTURE']",64,0.022527463734149933,0.015589128598549152,955,63,0.1111111111111111,1,1,9,0.022527463734149933,60982e64b9a8f0baeca78b63a130867ddc838890bbfb05adfaed621ee0076cb5,False,False
758,862,LONG,"['MOMENTUM', 'TREND', 'VOLATILITY']",64,0.022842293605208397,0.013486606612310553,774,63,0.1111111111111111,1,1,9,0.022842293605208397,75dc6bdaf2228f30b054e955f676b54520cfdb901e9c8268677f25e244853cd5,False,False
759,210,LONG,"['MOMENTUM', 'MEAN_REVERSION']",64,0.024030596017837524,0.010674507641149078,669,63,0.1111111111111111,1,1,9,0.024030596017837524,bb4105bcf898dcb4bd6a24a07122df78b37a36a601fa2f2935e9f26c78c05823,False,False
760,3520,LONG,"['MOMENTUM', 'BREAKOUT', 'MEAN_REVERSION', 'VOLUME_LIQUIDITY', 'MARKET_REGIME_STRUCTURE']",64,0.023112602531909943,0.013000403993020276,406,63,0.1111111111111111,1,1,9,0.023112602531909943,31a04fc111d8704962b723ad41ce61c56dfcdde15664a40443c7140a3321690c,False,False
761,1510,LONG,"['TREND', 'MEAN_REVERSION', 'MARKET_REGIME_STRUCTURE']",64,0.023993680253624916,0.011311020443566513,300,63,0.1111111111111111,1,1,9,0.023993680253624916,5ded5529900069437ab866795f2cebfac887b1da0bb7f79c10919f2a96f6d425,False,False
762,2280,LONG,"['MOMENTUM', 'TREND', 'VOLUME_LIQUIDITY', 'RELATIVE_CROSS_SECTIONAL']",64,0.024043722078204155,-0.018546433028754923,147,63,0.1111111111111111,1,1,9,0.024043722078204155,90c99c8092abfee4b75aee42c1ed2644fc751cf65b7cea46e9587085414a8baa,False,False
763,404,LONG,"['BREAKOUT', 'MARKET_REGIME_STRUCTURE']",65,0.016240570694208145,0.008617164068326258,649,63,0.2222222222222222,2,2,9,0.016240570694208145,b03300b2f9d263f986d56832aa9ea632d69288308be6cea95a5af374b15c15cc,False,False
764,4128,LONG,"['BREAKOUT', 'TREND', 'VOLUME_LIQUIDITY', 'RELATIVE_CROSS_SECTIONAL', 'MARKET_REGIME_STRUCTURE']",65,0.016285382211208344,0.006632728086493712,414,63,0.2222222222222222,2,2,9,0.016285382211208344,b934407d257eaae91eb2ec5bcf2936248258b5ad8b5cd1017d4fa635b0355207,False,False
765,3234,LONG,"['VOLATILITY', 'VOLUME_LIQUIDITY', 'RELATIVE_CROSS_SECTIONAL', 'MARKET_REGIME_STRUCTURE']",65,0.01874976046383381,0.005134674813523888,183,63,0.2222222222222222,2,2,9,0.01874976046383381,f8b6b28f549a29a299658b5acca174f19282c458918a3c190646aa74357ff007,False,False
766,724,LONG,"['MOMENTUM', 'BREAKOUT', 'TREND']",65,0.02005288004875183,-0.0035654322374132214,72,63,0.2222222222222222,2,2,9,0.02005288004875183,170c6f9d4d06d6609436795619f267bd27701696154f87a18e628b42f5767e84,False,False
767,386,LONG,"['BREAKOUT', 'RELATIVE_CROSS_SECTIONAL']",65,0.02161492221057415,0.017195314564984725,1314,63,0.1111111111111111,1,1,9,0.02161492221057415,7968da1100d63ab99d00bc93863c93a1b6603973f126a54e1c3ffbea90c77fc3,False,False
768,1320,LONG,"['BREAKOUT', 'VOLATILITY', 'VOLUME_LIQUIDITY']",65,0.022214995697140694,0.01557390316679795,1254,63,0.1111111111111111,1,1,9,0.022214995697140694,2a6393e8ab4c59ef2c31d400833ad16d388072926f7ffeeeaf0f7ee0042dfc82,False,False
769,630,LONG,"['VOLATILITY', 'RELATIVE_CROSS_SECTIONAL']",65,0.0224755946546793,0.01451587039370427,899,63,0.1111111111111111,1,1,9,0.0224755946546793,f0dd63d07752f41c041758abd63b20e4a5c08228177af67ab8e666e9f5e5843c,False,False
770,1196,LONG,"['BREAKOUT', 'TREND', 'VOLUME_LIQUIDITY']",65,0.022518444806337357,0.012364320433990971,569,63,0.1111111111111111,1,1,9,0.022518444806337357,abb18222a516a22e8833a447fb5e2edc2e81d6d0f1e5cac123e8cc5ec0513d67,False,False
771,2786,LONG,"['BREAKOUT', 'MEAN_REVERSION', 'VOLATILITY', 'MARKET_REGIME_STRUCTURE']",65,0.023425335064530373,0.011197078978939491,565,63,0.1111111111111111,1,1,9,0.023425335064530373,b3a1402b2cd8ccc8c2ffb52d31e59bc8aca888a0e503986f91ac957a97ce817e,False,False
772,914,LONG,"['MOMENTUM', 'TREND', 'RELATIVE_CROSS_SECTIONAL']",65,0.02358943596482277,0.0075882842179233745,543,63,0.1111111111111111,1,1,9,0.02358943596482277,ce45861e1f957f0e3973033b0f3b0006d7d390cb645f6f0c15b1024f9385fbe9,False,False
773,2208,LONG,"['MOMENTUM', 'TREND', 'MEAN_REVERSION', 'MARKET_REGIME_STRUCTURE']",66,0.01535533182322979,0.004700965653449017,654,63,0.2222222222222222,2,2,9,0.01535533182322979,0566f1238d63c003e1fdc47a4a6e1fa18e6888dd6bfdb2b02e1b690166832200,False,False
774,1698,LONG,"['MEAN_REVERSION', 'VOLATILITY', 'MARKET_REGIME_STRUCTURE']",66,0.01668442040681839,0.003515193817433683,396,63,0.2222222222222222,2,2,9,0.01668442040681839,01f5a95704de06776bb568fdcba4a9b32ac63567e7dbeb3b83c8612b84c300b5,False,False
775,3212,LONG,"['MEAN_REVERSION', 'VOLUME_LIQUIDITY', 'RELATIVE_CROSS_SECTIONAL', 'MARKET_REGIME_STRUCTURE']",66,0.017943430691957474,0.0030908744969939325,302,63,0.2222222222222222,2,2,9,0.017943430691957474,fa2e45ff3bf8e9e1a8a0f038ffa4950001c6ebc2bcc58f2c8ff5d949ae26eef7,False,False
776,74,LONG,['MEAN_REVERSION'],66,0.02128748595714569,0.017101818310809692,1365,63,0.1111111111111111,1,1,9,0.02128748595714569,3985331c219a6d67a809387929dd59e9a8f1a84c3ea575aea725c9c4ff88bf29,False,False
777,2500,LONG,"['MOMENTUM', 'VOLATILITY', 'RELATIVE_CROSS_SECTIONAL', 'MARKET_REGIME_STRUCTURE']",66,0.021390682086348534,0.015668979982976818,1136,63,0.1111111111111111,1,1,9,0.021390682086348534,9e4942322503e02415079c6d75cc7c163588c7adb99115f8a9806e413861b3f0,False,False
778,1240,LONG,"['BREAKOUT', 'MEAN_REVERSION', 'VOLATILITY']",66,0.022041870281100273,0.013856828432007268,521,63,0.1111111111111111,1,1,9,0.022041870281100273,4cd978e32b3758e23450b8f3a2126c8d4da61a548b53a7c5b1e032e976060411,False,False
779,1954,LONG,"['MOMENTUM', 'BREAKOUT', 'MEAN_REVERSION', 'VOLATILITY']",66,0.023070374503731728,0.006206151875691082,330,63,0.1111111111111111,1,1,9,0.023070374503731728,517e8a6213f94ed470839647f24f2c95cd68021fff4fa760d1f40b4ee693b2c5,False,False
780,3970,LONG,"['BREAKOUT', 'TREND', 'MEAN_REVERSION', 'VOLATILITY', 'RELATIVE_CROSS_SECTIONAL']",66,0.023259000852704048,0.002292368290633163,192,63,0.1111111111111111,1,1,9,0.023259000852704048,efa35e8af8101005c9e1fdf360849a25feba7b087ad7621e950fb0ddc5f25cfa,False,False
781,1228,LONG,"['BREAKOUT', 'TREND', 'MARKET_REGIME_STRUCTURE']",66,0.022645972669124603,0.007966055933761347,182,63,0.1111111111111111,1,1,9,0.022645972669124603,5bbeec3c44ae911b9932daa81050162e3cc603d8339769ed44712206e3fdb77b,False,False
782,820,LONG,"['MOMENTUM', 'BREAKOUT', 'MARKET_REGIME_STRUCTURE']",66,0.02355123497545719,-0.008879031901331248,63,63,0.1111111111111111,1,1,9,0.02355123497545719,ed518efd18f83db1db8275fd35be2966ca432218da4344ada5cd62311389075e,False,False
783,2804,LONG,"['BREAKOUT', 'MEAN_REVERSION', 'VOLUME_LIQUIDITY', 'RELATIVE_CROSS_SECTIONAL']",67,0.012714543379843235,-9.702358159003645e-05,262,63,0.2222222222222222,2,2,9,0.012714543379843235,b29541d6a86ee1b7be2118f70bf581e57a2c56ea4eff884aa60bab9055f0e05d,False,False
784,3368,LONG,"['MOMENTUM', 'BREAKOUT', 'TREND', 'VOLATILITY', 'MARKET_REGIME_STRUCTURE']",67,0.01693590357899666,-0.01742231317343637,176,63,0.2222222222222222,2,2,9,0.01693590357899666,ca02e1b93168f71a260f1f9ae8d5a73735505bbf3a5c4417306f5f29cd3bed7f,False,False
785,1024,LONG,"['MOMENTUM', 'VOLATILITY', 'VOLUME_LIQUIDITY']",67,0.01373001653701067,-0.002692433260261348,146,63,0.2222222222222222,2,2,9,0.01373001653701067,c6836699074dfbb9c67c749aad5a7f20520883d4f6ccf6305efbedfb32d9ab0f,False,False
786,140,LONG,['MARKET_REGIME_STRUCTURE'],67,0.020262090489268303,0.017012605411792375,1458,63,0.1111111111111111,1,1,9,0.020262090489268303,489887d7ebec3b25fc866533d5190285974939bee88637c435b88d6980ec4a55,False,False
787,1676,LONG,"['MEAN_REVERSION', 'VOLATILITY', 'RELATIVE_CROSS_SECTIONAL']",67,0.020815877243876457,0.016657321206595226,1423,63,0.1111111111111111,1,1,9,0.020815877243876457,92be319d44d8e9c644c6435bb1fdda236c1068657c9fb717a7f54194ad970344,False,False
788,1826,LONG,"['VOLUME_LIQUIDITY', 'RELATIVE_CROSS_SECTIONAL', 'MARKET_REGIME_STRUCTURE']",67,0.021201007068157196,0.016482561807251658,1187,63,0.1111111111111111,1,1,9,0.021201007068157196,9a21df30e6e0d0ff1a427c28141e2697d72b73868e1d339352d2a93a06e75b77,False,False
789,344,LONG,"['BREAKOUT', 'VOLATILITY']",67,0.021738208830356598,0.01323459782207355,780,63,0.1111111111111111,1,1,9,0.021738208830356598,21081cbe7ab324df349eff1998d1253ebbaf765dcdbc056052b424fafbe7e266,False,False
790,958,LONG,"['MOMENTUM', 'MEAN_REVERSION', 'VOLATILITY']",67,0.02254115231335163,-0.0024507721647137604,233,63,0.1111111111111111,1,1,9,0.02254115231335163,b166b69129b72728e0ec995f471f1e679b24c70812550258cbaace665ac9be4d,False,False
791,2588,LONG,"['BREAKOUT', 'TREND', 'MEAN_REVERSION', 'RELATIVE_CROSS_SECTIONAL']",68,0.010346690192818642,-0.005594787442832056,287,63,0.2222222222222222,2,2,9,0.010346690192818642,f5765e7862b32f8e08eac92e785d9c1581171cc780a31b0efcee12666a055776,False,False
792,2672,LONG,"['BREAKOUT', 'TREND', 'VOLATILITY', 'MARKET_REGIME_STRUCTURE']",68,0.007145283278077841,-0.004102096308888744,276,63,0.2222222222222222,2,2,9,0.007145283278077841,7e6d09c7c4737759814dcadacc7496ad7b366c40764bcb7e4651a7ccaf92fc1d,False,False
793,320,LONG,"['BREAKOUT', 'MEAN_REVERSION']",68,0.02102634496986866,0.015805484917709046,1393,63,0.1111111111111111,1,1,9,0.02102634496986866,1c645a0a483913b609871c9c4f1a37f0823183c716f0c7bd7b3b3e0cf70030b3,False,False
794,1572,LONG,"['TREND', 'VOLATILITY', 'MARKET_REGIME_STRUCTURE']",68,0.020665913820266724,0.016317973037564926,1387,63,0.1111111111111111,1,1,9,0.020665913820266724,ff20223b54e8adfe7175c485a8f1657400ad3d89b455473e432e0745a3aba39a,False,False
795,1518,LONG,"['TREND', 'MEAN_REVERSION', 'MARKET_REGIME_STRUCTURE']",68,0.02160460688173771,0.008082627026419851,461,63,0.1111111111111111,1,1,9,0.02160460688173771,226c78ab426f1c62eb94361c6187462035a5f7eefe45f3952af9d529cf086638,False,False
796,2022,LONG,"['MOMENTUM', 'BREAKOUT', 'VOLATILITY', 'VOLUME_LIQUIDITY']",68,0.021056653931736946,0.013176669530651407,429,63,0.1111111111111111,1,1,9,0.021056653931736946,7da609989ed0c384989b87e6008785f941dd8b9344d92a03bda8658117b04a81,False,False
797,406,LONG,"['BREAKOUT', 'MARKET_REGIME_STRUCTURE']",69,0.007138700224459171,-0.010154117709717716,392,63,0.2222222222222222,2,2,9,0.007138700224459171,b7af019933ae8e7b8ccd566b1128e10e6f776699aa88115deec2bdfc0ddb8c34,False,False
798,1013,SHORT,"['MOMENTUM', 'MEAN_REVERSION', 'MARKET_REGIME_STRUCTURE']",69,0.004816655069589615,-0.005094064264442659,235,15,0.2222222222222222,2,2,9,0.004816655069589615,696879c8c003ae6d520bceb9ffecb8b5e42d01e81d714cafff80869eb718a3ef,False,False
799,510,LONG,"['TREND', 'MARKET_REGIME_STRUCTURE']",69,0.010074073448777199,-0.040026070415159765,98,63,0.2222222222222222,2,2,9,0.010074073448777199,4c083bf7107172d3c61d80358c08131380b60e1fca22dac7a1dede41857e0dcd,False,False
800,504,LONG,"['TREND', 'MARKET_REGIME_STRUCTURE']",69,0.020870450884103775,0.015435196629445076,1388,63,0.1111111111111111,1,1,9,0.020870450884103775,c0bdcbffc54c7a57b96f1bad4a82a2c842b7d102cd1d872408f39af37375eaa1,False,False
801,2222,LONG,"['MOMENTUM', 'TREND', 'VOLATILITY', 'VOLUME_LIQUIDITY']",69,0.0209686029702425,0.01465156314289277,1006,63,0.1111111111111111,1,1,9,0.0209686029702425,f2f7683ffa1d62006b8c144dad26df1b7191ee433ecdfca6105539a1877e484a,False,False
802,4048,LONG,"['BREAKOUT', 'TREND', 'MEAN_REVERSION', 'RELATIVE_CROSS_SECTIONAL', 'MARKET_REGIME_STRUCTURE']",69,0.021013038232922554,0.01445774200112018,1006,63,0.1111111111111111,1,1,9,0.021013038232922554,92ded205d85686c2f31ab053778f44f847c1534648f8e96f1fab02e41d81290d,False,False
803,2546,LONG,"['BREAKOUT', 'TREND', 'MEAN_REVERSION', 'VOLATILITY']",69,0.021098794415593147,0.007573539582622852,515,63,0.1111111111111111,1,1,9,0.021098794415593147,c95e120d6f8e365e4dd9904684c085814fce905ee4140b650d981bb8df30f133,False,False
804,3776,LONG,"['MOMENTUM', 'TREND', 'VOLATILITY', 'VOLUME_LIQUIDITY', 'RELATIVE_CROSS_SECTIONAL']",69,0.021215805783867836,-0.01730730604217571,112,63,0.1111111111111111,1,1,9,0.021215805783867836,7b162b0e0b90b8b9191ccb0c132443a6ad9a6d1b54abc54043f2f83db39560f2,False,False
805,887,SHORT,"['MOMENTUM', 'TREND', 'VOLUME_LIQUIDITY']",70,0.00540065998211503,-0.03906411183462636,86,63,0.2222222222222222,2,2,9,0.00540065998211503,d06a302517deac42a601cb83de4d568eec95c77ed03d4fad4a5db9fd97548f3d,False,False
806,1364,LONG,"['BREAKOUT', 'VOLATILITY', 'MARKET_REGIME_STRUCTURE']",70,0.020668067038059235,0.015225481308689143,1359,63,0.1111111111111111,1,1,9,0.020668067038059235,2f6b4cad0e909fb752acf17f29eaaad3efb876cda551b0da22ae80a0f04b41b5,False,False
807,236,LONG,"['MOMENTUM', 'VOLATILITY']",70,0.02091195434331894,0.01071698883613583,1013,63,0.1111111111111111,1,1,9,0.02091195434331894,13f4094a3aba7e381186fe3b58847ccaca59b36be702a30386d45c414a301075,False,False
808,3598,LONG,"['MOMENTUM', 'BREAKOUT', 'VOLATILITY', 'VOLUME_LIQUIDITY', 'MARKET_REGIME_STRUCTURE']",70,0.021079814061522484,0.005093222698173996,389,63,0.1111111111111111,1,1,9,0.021079814061522484,66d7d647849bddc216966fa4162c7ab4e74a00943b98acf496180a49cf71bc07,False,False
809,3176,LONG,"['MEAN_REVERSION', 'VOLATILITY', 'VOLUME_LIQUIDITY', 'MARKET_REGIME_STRUCTURE']",70,0.02106659486889839,0.00632043737229313,366,63,0.1111111111111111,1,1,9,0.02106659486889839,6baddb63d0cafe4a2c8a8f64ba7370cf24915e8178ff30be9e491d5d32212666,False,False
810,306,LONG,"['BREAKOUT', 'TREND']",71,0.01952035166323185,0.015190021590600778,1381,63,0.1111111111111111,1,1,9,0.01952035166323185,deda047b7860338ccff9beaabe5e3aad6cf59b636ee4ee28e6d1dcd627b2d968,False,False
811,22,LONG,['BREAKOUT'],71,0.01992088370025158,0.014772901117338463,973,63,0.1111111111111111,1,1,9,0.01992088370025158,a94c5df634642254460c74d5c9e8a9c4ef61f9da5191a942ac42b40f23a3faba,False,False
812,168,LONG,"['MOMENTUM', 'BREAKOUT']",71,0.020076004788279533,0.012851074766045852,834,63,0.1111111111111111,1,1,9,0.020076004788279533,125359e76598bbe9f2cb3962ed654c9378a153cc8f14c1e8906628130879985c,False,False
813,2540,LONG,"['BREAKOUT', 'TREND', 'MEAN_REVERSION', 'VOLATILITY']",71,0.020558636635541916,0.011975570268963768,657,63,0.1111111111111111,1,1,9,0.020558636635541916,a10e0a02f8e4b776fe482a32d2a0a7ad654ac3ed4f220accc5b7b3c3a505f78d,False,False
814,4198,LONG,"['BREAKOUT', 'MEAN_REVERSION', 'VOLATILITY', 'RELATIVE_CROSS_SECTIONAL', 'MARKET_REGIME_STRUCTURE']",71,0.020817048847675323,0.009659463531198459,575,63,0.1111111111111111,1,1,9,0.020817048847675323,07d12d1132927f9b1c9be6b9b147586fa24daa83e919dcae3f86155976509b82,False,False
815,1520,LONG,"['TREND', 'VOLATILITY', 'VOLUME_LIQUIDITY']",72,0.01907660812139511,0.014532644817330624,1434,63,0.1111111111111111,1,1,9,0.01907660812139511,e8c7274ad595dcbe89db8744b3bcbcd21b8740a9859412db3c85607515690f5d,False,False
816,492,LONG,"['TREND', 'RELATIVE_CROSS_SECTIONAL']",72,0.019188133999705315,0.01440852780249199,1218,63,0.1111111111111111,1,1,9,0.019188133999705315,9e6b7e24e62ef809978866f00d4828b9eab3fee3d01e0897e9fc5a87e02e03e3,False,False
817,1434,LONG,"['BREAKOUT', 'RELATIVE_CROSS_SECTIONAL', 'MARKET_REGIME_STRUCTURE']",72,0.019323937594890594,0.013521547582198513,1183,63,0.1111111111111111,1,1,9,0.019323937594890594,d57c633ac0f59a4fb780dabf2aaec40b3459afae602e8ef7dd4cad3cdbecfa26,False,False
818,224,LONG,"['MOMENTUM', 'VOLATILITY']",72,0.01959935575723648,0.013432039822656285,1147,63,0.1111111111111111,1,1,9,0.01959935575723648,92a511cbcdde889d0b36527573638fe7b7715ff5d9e288006a5c084ccc46e6a8,False,False
819,2494,LONG,"['MOMENTUM', 'VOLATILITY', 'VOLUME_LIQUIDITY', 'MARKET_REGIME_STRUCTURE']",72,0.01985577866435051,0.01339560490712445,808,63,0.1111111111111111,1,1,9,0.01985577866435051,e4957b6295e289d765bcf70d44f044f8563985aec7768f39b400597cb71d5bb4,False,False
820,3148,LONG,"['MEAN_REVERSION', 'VOLATILITY', 'VOLUME_LIQUIDITY', 'RELATIVE_CROSS_SECTIONAL']",72,0.01996242068707943,0.012278337583228929,693,63,0.1111111111111111,1,1,9,0.01996242068707943,f1ab1e036412ccec76d1371fe79caae1f29c662907434e68a6ffb8b7df0052c7,False,False
821,3956,LONG,"['BREAKOUT', 'TREND', 'MEAN_REVERSION', 'VOLATILITY', 'VOLUME_LIQUIDITY']",72,0.020661046728491783,-0.0013828828545004827,312,63,0.1111111111111111,1,1,9,0.020661046728491783,f345b0e6a29da7314fa3c025c952e59121bb147bb72f73906d2330980cea4dec,False,False
822,398,LONG,"['BREAKOUT', 'RELATIVE_CROSS_SECTIONAL']",72,0.02034468576312065,0.01029003007470229,306,63,0.1111111111111111,1,1,9,0.02034468576312065,546033c2a86c3bb283f4be3db26d2c7a74ff3415da5123777f93d29f9108661e,False,False
823,376,LONG,"['BREAKOUT', 'VOLUME_LIQUIDITY']",73,0.018232207745313644,0.014335380745591748,1477,63,0.1111111111111111,1,1,9,0.018232207745313644,24068f424af2827097a5915507dce71a12ef7b9967ba36445ed74dcc74459f8f,False,False
824,1350,LONG,"['BREAKOUT', 'VOLATILITY', 'RELATIVE_CROSS_SECTIONAL']",73,0.018210362643003464,0.01434853691898501,1435,63,0.1111111111111111,1,1,9,0.018210362643003464,c91da811eb18d5cb4e05619163b4acf9f5ffda421199d57d84d2a63432b024ac,False,False
825,356,LONG,"['BREAKOUT', 'VOLATILITY']",73,0.01874641701579094,0.013369824112676915,1400,63,0.1111111111111111,1,1,9,0.01874641701579094,2d78b534add155cb513aeef86afd98a90654f23e5529c3f556ee8f174996a55a,False,False
826,814,LONG,"['MOMENTUM', 'BREAKOUT', 'RELATIVE_CROSS_SECTIONAL']",73,0.019651735201478004,0.013292962516780398,950,63,0.1111111111111111,1,1,9,0.019651735201478004,62cfe6c0c0e1cd0382e0e54f2237c1a787a28fa61e20e8096169c5323c310973,False,False
827,1256,LONG,"['BREAKOUT', 'MEAN_REVERSION', 'VOLATILITY']",73,0.019682355225086212,0.009722254302654998,800,63,0.1111111111111111,1,1,9,0.019682355225086212,da00a5e53ffa42c48fe05af4ffb0be3ad326c781197a8042c1459fc2ce685521,False,False
828,334,LONG,"['BREAKOUT', 'MEAN_REVERSION']",73,0.020192580297589302,0.007048630561612064,232,63,0.1111111111111111,1,1,9,0.020192580297589302,d501bdd05e7da2f5b097edd9675ec305c79fa10a472efe2e7fccef7ae2f62e6b,False,False
829,606,LONG,"['VOLATILITY', 'VOLUME_LIQUIDITY']",74,0.017781782895326614,0.013363577228715062,1373,63,0.1111111111111111,1,1,9,0.017781782895326614,5ab81733100fadb6c9b38852a35d83943196568d865f477339d3db210cead13e,False,False
830,1776,LONG,"['VOLATILITY', 'VOLUME_LIQUIDITY', 'RELATIVE_CROSS_SECTIONAL']",74,0.017636751756072044,0.01388867581249711,1091,63,0.1111111111111111,1,1,9,0.017636751756072044,e672ede03be3230e77a0f6adf6a686a819075a701c2322ac845dcbfb9bb4875a,False,False
831,232,LONG,"['MOMENTUM', 'VOLATILITY']",74,0.018947076052427292,0.013242458814365442,827,63,0.1111111111111111,1,1,9,0.018947076052427292,567db9f36ccb0ab329c37c61628e2a67873676e4f0942b9b2bc848b43da6e133,False,False
832,2090,LONG,"['MOMENTUM', 'BREAKOUT', 'VOLUME_LIQUIDITY', 'RELATIVE_CROSS_SECTIONAL']",74,0.01941063068807125,0.013136351005950907,668,63,0.1111111111111111,1,1,9,0.01941063068807125,08d3017ff127f24cd7578911dfab4d9ac044178e73446a1f09cb1995e0252419,False,False
833,788,LONG,"['MOMENTUM', 'BREAKOUT', 'VOLUME_LIQUIDITY']",74,0.02003527246415615,-0.005975770140898302,123,63,0.1111111111111111,1,1,9,0.02003527246415615,911ea3d5a99a4f768e5f54f8f6cfcb2ece791960b8d16fc63f7a7b5afa634d53,False,False
834,642,LONG,"['VOLATILITY', 'MARKET_REGIME_STRUCTURE']",75,0.018575064837932587,0.012929145633293181,1558,63,0.1111111111111111,1,1,9,0.018575064837932587,86bedc7f0e78ff1cbab6597e0a37140870ad9e2dc71c2e9458898cf223bfef1c,False,False
835,608,LONG,"['VOLATILITY', 'VOLUME_LIQUIDITY']",75,0.016733987256884575,0.013312822097528062,1401,63,0.1111111111111111,1,1,9,0.016733987256884575,a706af4b31ff72f72d3d4001ecb11ac7ab080e7aeea2a8aadf943ffc602c95a6,False,False
836,448,LONG,"['TREND', 'VOLATILITY']",75,0.017921702936291695,0.013027706792396572,1378,63,0.1111111111111111,1,1,9,0.017921702936291695,d2844c412e188d1d38635110bb0c1f846826158234ea4e8b011ec82e2981c617,False,False
837,648,LONG,"['VOLATILITY', 'MARKET_REGIME_STRUCTURE']",75,0.017245281487703323,0.013113840220060282,1297,63,0.1111111111111111,1,1,9,0.017245281487703323,e45103a343ac7fe2578c8f25612d1746617c5f0a4e9883b87d416c08655f839e,False,False
838,3098,LONG,"['TREND', 'VOLATILITY', 'VOLUME_LIQUIDITY', 'MARKET_REGIME_STRUCTURE']",75,0.018756404519081116,0.011741326208124712,1202,63,0.1111111111111111,1,1,9,0.018756404519081116,d04c425e5a53eb204df06aef5b766582df5e379b1be9f9b3cf29a8ba75e4cb1f,False,False
839,202,LONG,"['MOMENTUM', 'MEAN_REVERSION']",75,0.019343813881278038,0.010739463496532695,1053,63,0.1111111111111111,1,1,9,0.019343813881278038,c9c562f9173d8e1e8cd8cd015e15787e27985e5901dd0b50d0396e68f33e560c,False,False
840,532,LONG,"['MEAN_REVERSION', 'VOLATILITY']",76,0.016857819631695747,0.013111864942617749,1447,63,0.1111111111111111,1,1,9,0.016857819631695747,615b7a0bce056a30f07b3c9cd83dc9f2f4f0ac16a216668d3ff179bcd1b1db92,False,False
841,24,LONG,['BREAKOUT'],76,0.018399350345134735,0.012838942414003473,844,63,0.1111111111111111,1,1,9,0.018399350345134735,9bbb5f1117da5a3da38cc60c3d287c24973fa677035ab920a173f46e3da7fadd,False,False
842,896,LONG,"['MOMENTUM', 'TREND', 'VOLUME_LIQUIDITY']",76,0.0192636176943779,0.01052384669004345,673,63,0.1111111111111111,1,1,9,0.0192636176943779,8e11e2cacb8a7571260b8ce52eda81394f1343585cf2d7d88d854434a04123f7,False,False
843,230,LONG,"['MOMENTUM', 'VOLATILITY']",76,0.01849161833524704,0.012170527011234512,561,63,0.1111111111111111,1,1,9,0.01849161833524704,d5e681ee20670ec35e266da5d363509bcafba21677d83a7a69c8aea9b82e6798,False,False
844,1046,LONG,"['MOMENTUM', 'VOLATILITY', 'RELATIVE_CROSS_SECTIONAL']",76,0.01859106682240963,0.0111235740741582,438,63,0.1111111111111111,1,1,9,0.01859106682240963,f76080b80e5aa83c1317c322619a1249305c2fc98925a7b15ca28669cb42d142,False,False
845,3082,LONG,"['TREND', 'VOLATILITY', 'VOLUME_LIQUIDITY', 'MARKET_REGIME_STRUCTURE']",77,0.017998499795794487,0.012205123945435685,1130,63,0.1111111111111111,1,1,9,0.017998499795794487,219786e66286bcb95f570f888fee10a627bae422c3fad1f6c8b0eb73d1c5a296,False,False
846,418,LONG,"['BREAKOUT', 'MARKET_REGIME_STRUCTURE']",77,0.017831459641456604,0.012762362977826548,987,63,0.1111111111111111,1,1,9,0.017831459641456604,6d055528a2bde9e60fa542b5b0eed381d2b9a9eddaf78a5035bddc32f17a5e1e,False,False
847,1078,LONG,"['MOMENTUM', 'VOLATILITY', 'MARKET_REGIME_STRUCTURE']",77,0.018768541514873505,0.009356082952558627,617,63,0.1111111111111111,1,1,9,0.018768541514873505,8637a31b490fa40e74a73d31ca1eb33bcd9243910758a99a9ef59ffd3c6aa195,False,False
848,1168,LONG,"['BREAKOUT', 'TREND', 'VOLATILITY']",77,0.0184850562363863,0.012069401027637604,563,63,0.1111111111111111,1,1,9,0.0184850562363863,1f2c748ea3aad1b400db4f2ce246c0aea42541950ca4c0339f0eeca7c0fa9133,False,False
849,1810,LONG,"['VOLATILITY', 'RELATIVE_CROSS_SECTIONAL', 'MARKET_REGIME_STRUCTURE']",78,0.016636494547128677,0.01264824229051937,1357,63,0.1111111111111111,1,1,9,0.016636494547128677,22ceee572dc78653907f09fa11c71d46944d93db50e55b4f6de770b2a5496bd0,False,False
850,942,LONG,"['MOMENTUM', 'MEAN_REVERSION', 'VOLATILITY']",78,0.017907019704580307,0.011205017795107356,1342,63,0.1111111111111111,1,1,9,0.017907019704580307,e316db830dd92f30b9820298e2dee366ff4bf387da9e32002f4ac66b50c57ca7,False,False
851,350,LONG,"['BREAKOUT', 'VOLATILITY']",78,0.017321577295660973,0.012334338199230542,888,63,0.1111111111111111,1,1,9,0.017321577295660973,f62a995886823c2e9af335fcb0a2d25fc9f5dee7b540e422dbf374432450a6a4,False,False
852,764,LONG,"['MOMENTUM', 'BREAKOUT', 'VOLATILITY']",78,0.018365073949098587,0.010194421103260963,691,63,0.1111111111111111,1,1,9,0.018365073949098587,50aa270d40859b3d2dd6f52ada4bafab107b6547e0492e116ecd56f335f79c05,False,False
853,60,LONG,['MEAN_REVERSION'],78,0.018446529284119606,0.01006017158491578,687,63,0.1111111111111111,1,1,9,0.018446529284119606,be6dc1fad3c5a9ebdc5ceb20368d37b58a13f4a46a857fd17f757446dafebdd3,False,False
854,38,LONG,['BREAKOUT'],79,0.016335533931851387,0.012362393606091059,1435,63,0.1111111111111111,1,1,9,0.016335533931851387,4d40f9db9444f9c2d618c9d3f0d204fc5b42f09648b07c973b27313e2f734dab,False,False
855,716,LONG,"['RELATIVE_CROSS_SECTIONAL', 'MARKET_REGIME_STRUCTURE']",79,0.017643405124545097,0.009896368156819348,1034,63,0.1111111111111111,1,1,9,0.017643405124545097,2743a530111d8cd4ad942deb18e8ea7e97c2c1fc98cc4935c3b4d1a492a69092,False,False
856,3126,LONG,"['TREND', 'VOLUME_LIQUIDITY', 'RELATIVE_CROSS_SECTIONAL', 'MARKET_REGIME_STRUCTURE']",79,0.01770261488854885,0.00782932493500037,880,63,0.1111111111111111,1,1,9,0.01770261488854885,9575818e8ed3c32abaf37bd65ed0a899828e5da8c2333879e474de0ef0de1054,False,False
857,1678,LONG,"['MEAN_REVERSION', 'VOLATILITY', 'RELATIVE_CROSS_SECTIONAL']",79,0.01701076701283455,0.011875362997745838,740,63,0.1111111111111111,1,1,9,0.01701076701283455,9816b90297c02c0d4629136daada8c68946bc218b8d785a93c0ed2bb76642686,False,False
858,3698,LONG,"['MOMENTUM', 'TREND', 'MEAN_REVERSION', 'VOLATILITY', 'MARKET_REGIME_STRUCTURE']",79,0.017725851386785507,0.007095096009834363,471,63,0.1111111111111111,1,1,9,0.017725851386785507,7aa63fd4ec7c80468ec2ec242899cc23a52576124a3d7ad5155032476eb723bb,False,False
859,2866,LONG,"['BREAKOUT', 'VOLATILITY', 'VOLUME_LIQUIDITY', 'RELATIVE_CROSS_SECTIONAL']",79,0.0176871158182621,0.009397030746375207,330,63,0.1111111111111111,1,1,9,0.0176871158182621,4d69560f45a08c6b29152af7a56fab6a066581f5bcb84bab27aec1e2684e328d,False,False
860,2918,LONG,"['BREAKOUT', 'VOLATILITY', 'RELATIVE_CROSS_SECTIONAL', 'MARKET_REGIME_STRUCTURE']",79,0.018383344635367393,0.0067257372674525365,251,63,0.1111111111111111,1,1,9,0.018383344635367393,3208d814b816a83870966fe318a5ec80ad3b88fc048c47ffb0ad237638dc98ba,False,False
861,1218,LONG,"['BREAKOUT', 'TREND', 'RELATIVE_CROSS_SECTIONAL']",80,0.0161434393376112,0.012329236784414867,1484,63,0.1111111111111111,1,1,9,0.0161434393376112,491da14e9168204faf30159d28718bf1fe99f79344298c06c354da2fd3cfe6e3,False,False
862,1068,LONG,"['MOMENTUM', 'VOLATILITY', 'MARKET_REGIME_STRUCTURE']",80,0.016463488340377808,0.011706894722113998,1300,63,0.1111111111111111,1,1,9,0.016463488340377808,774147a412b870c1b4e9bffe24c6f050e59d43fb417550c2d28f77faa7f94be9,False,False
863,3922,LONG,"['MOMENTUM', 'VOLATILITY', 'VOLUME_LIQUIDITY', 'RELATIVE_CROSS_SECTIONAL', 'MARKET_REGIME_STRUCTURE']",80,0.01724853925406933,0.009670741839327507,1128,63,0.1111111111111111,1,1,9,0.01724853925406933,eb138ff932a9fe71f322fd8d1d811974f540c3620252a794d8804b7d1da8da9a,False,False
864,842,LONG,"['MOMENTUM', 'TREND', 'MEAN_REVERSION']",80,0.016925927251577377,0.00988836622104001,953,63,0.1111111111111111,1,1,9,0.016925927251577377,d42132c7c6ee9f884dc6f17f92b3322563fbd0c37f7b71b077df81180ba77a48,False,False
865,616,LONG,"['VOLATILITY', 'VOLUME_LIQUIDITY']",80,0.016684554517269135,0.011245224839536917,796,63,0.1111111111111111,1,1,9,0.016684554517269135,7e15d2457bd72a27c84350fccbbf26a52d87d827ff1c03ad65ab5ea7208a8cc0,False,False
866,2312,LONG,"['MOMENTUM', 'TREND', 'VOLUME_LIQUIDITY', 'MARKET_REGIME_STRUCTURE']",80,0.017496151849627495,0.008714310572797682,438,63,0.1111111111111111,1,1,9,0.017496151849627495,efe4ad76e43c35ffb2deb07d1d3bd0ed4abd28e66150ad2948f91cd45f1b8b4c,False,False
867,440,LONG,"['TREND', 'VOLATILITY']",80,0.017632413655519485,0.008633336936156548,417,63,0.1111111111111111,1,1,9,0.017632413655519485,764441a2fa229d0a0a80c56e169c4e4a559ab113a31d8c15893b35bb1ae5a955,False,False
868,388,LONG,"['BREAKOUT', 'RELATIVE_CROSS_SECTIONAL']",80,0.017651738598942757,0.007569712693611301,303,63,0.1111111111111111,1,1,9,0.017651738598942757,a85dc8b61bd5214529d1e34b79987ea374ced0e120708a5be7e7e5feddb6d40a,False,False
869,612,LONG,"['VOLATILITY', 'VOLUME_LIQUIDITY']",80,0.017711734399199486,0.004504489565219594,263,63,0.1111111111111111,1,1,9,0.017711734399199486,39ba53be80db00b91421a4f3f95214cdd0b6ae9b4bd1cc7d77a0fb840964b392,False,False
870,3136,LONG,"['TREND', 'VOLUME_LIQUIDITY', 'RELATIVE_CROSS_SECTIONAL', 'MARKET_REGIME_STRUCTURE']",80,0.017860209569334984,-0.002950954162082454,257,63,0.1111111111111111,1,1,9,0.017860209569334984,f6764daa7e0a46d3f0755ae72027a254a01e3c9b96c7eefa45daeb45287120d0,False,False
871,3606,LONG,"['MOMENTUM', 'BREAKOUT', 'VOLATILITY', 'RELATIVE_CROSS_SECTIONAL', 'MARKET_REGIME_STRUCTURE']",80,0.01830931380391121,-0.003372086409401946,148,63,0.1111111111111111,1,1,9,0.01830931380391121,4e2d1815fe82b9fafb69c33811c4562baaa8d5f457c4d7e3ce394575c1fe358a,False,False
872,1166,LONG,"['BREAKOUT', 'TREND', 'VOLATILITY']",81,0.016420574858784676,0.011191886223081803,688,63,0.1111111111111111,1,1,9,0.016420574858784676,2ba87c4c03e9fedf0a3e29885f63113fb6075211d4ccdebbcde4a37221c07c94,False,False
873,1456,LONG,"['TREND', 'MEAN_REVERSION', 'VOLATILITY']",81,0.01673210971057415,0.009673418403088935,487,63,0.1111111111111111,1,1,9,0.01673210971057415,8e1abc302f08462017250ec9c26672ff5cd465b06a55321671ec5ee5ce158c25,False,False
874,770,LONG,"['MOMENTUM', 'BREAKOUT', 'VOLATILITY']",81,0.017590356990695,0.004829082763667768,415,63,0.1111111111111111,1,1,9,0.017590356990695,010e675e0c521fec21aba91d9431b224969ca383ebe8f1c35cc91041791d5808,False,False
875,1370,LONG,"['BREAKOUT', 'VOLATILITY', 'MARKET_REGIME_STRUCTURE']",81,0.017389126121997833,0.008684688732698086,394,63,0.1111111111111111,1,1,9,0.017389126121997833,89b15901a764fa54eab3fff43c535cb77e8c8a23cac1c2f1821aab49d04ce464,False,False
876,2226,LONG,"['MOMENTUM', 'TREND', 'VOLATILITY', 'VOLUME_LIQUIDITY']",81,0.018287090584635735,-0.007133205385597852,149,63,0.1111111111111111,1,1,9,0.018287090584635735,b0fadd919aa4be7b315ad3878543cb8a47897826a5fc000c487e22cafeae730a,False,False
877,414,LONG,"['BREAKOUT', 'MARKET_REGIME_STRUCTURE']",82,0.01619916781783104,0.01096151764776819,927,63,0.1111111111111111,1,1,9,0.01619916781783104,137a628d764a3208b23c3e7a020219131ba57f32f8a769d594e52d5f2983fcc4,False,False
878,194,LONG,"['MOMENTUM', 'TREND']",82,0.01729295216500759,0.007517264530698245,729,63,0.1111111111111111,1,1,9,0.01729295216500759,f0ea52df18c214b6381122a25045538d30822525c47f335da811e983af598ede,False,False
879,382,LONG,"['BREAKOUT', 'RELATIVE_CROSS_SECTIONAL']",82,0.016669943928718567,0.00818071848049952,450,63,0.1111111111111111,1,1,9,0.016669943928718567,5e8fda81b15b51e6a12bb2ab050d926148259c4e25885bfefe51c3e7da198ee8,False,False
880,1930,LONG,"['MOMENTUM', 'BREAKOUT', 'TREND', 'MARKET_REGIME_STRUCTURE']",82,0.01684069260954857,0.007585536399960737,377,63,0.1111111111111111,1,1,9,0.01684069260954857,e393cebf7ab433c5e8c0e6d9291733a5b1405bfaa6340f16562e41885b5f0cad,False,False
881,1636,LONG,"['TREND', 'RELATIVE_CROSS_SECTIONAL', 'MARKET_REGIME_STRUCTURE']",82,0.017365343868732452,0.004644057139651497,305,63,0.1111111111111111,1,1,9,0.017365343868732452,319877d6fa759eef28bea937b220259c5884b17c8823f34bfc73d125f6e6299e,False,False
882,2754,LONG,"['BREAKOUT', 'MEAN_REVERSION', 'VOLATILITY', 'VOLUME_LIQUIDITY']",83,0.015722030773758888,0.01094015392133244,904,63,0.1111111111111111,1,1,9,0.015722030773758888,303a52087f90bd418f7d4f481a1237a54e5e3df3795fe466759f716f819826ea,False,False
883,2230,LONG,"['MOMENTUM', 'TREND', 'VOLATILITY', 'VOLUME_LIQUIDITY']",83,0.016285434365272522,0.007688515914238225,477,63,0.1111111111111111,1,1,9,0.016285434365272522,6dcae746c11c8f6c0793c168431bd881e7ca09c0fff3f9eb266e41ba27e815cd,False,False
884,778,LONG,"['MOMENTUM', 'BREAKOUT', 'VOLATILITY']",83,0.01680454984307289,0.006991492154646771,319,63,0.1111111111111111,1,1,9,0.01680454984307289,e45c384974b9cd54514f9663f944f4965f7ba6a13a254d1dd868baa67c0705cc,False,False
885,1790,LONG,"['VOLATILITY', 'VOLUME_LIQUIDITY', 'MARKET_REGIME_STRUCTURE']",84,0.01524579431861639,0.010684986618627813,1300,63,0.1111111111111111,1,1,9,0.01524579431861639,56d06088001f02231efbe507b1ecf6c63b3e2de457ad280426622e7934e6bd6d,False,False
886,1906,LONG,"['MOMENTUM', 'BREAKOUT', 'TREND', 'RELATIVE_CROSS_SECTIONAL']",84,0.016529129818081856,0.006647795879324837,790,63,0.1111111111111111,1,1,9,0.016529129818081856,b0a5daf7fd1a200afe6f4bf39014569c0674845c1d55ff87130cce0cbaf50932,False,False
887,1856,LONG,"['MOMENTUM', 'BREAKOUT', 'TREND', 'MEAN_REVERSION']",84,0.016728665679693222,-0.0021338142862829326,161,63,0.1111111111111111,1,1,9,0.016728665679693222,d7cd3a6b9e24f23900997c8992f5ad3df326a21e9b37e9a931e03e10d747a8ff,False,False
888,1330,LONG,"['BREAKOUT', 'VOLATILITY', 'VOLUME_LIQUIDITY']",85,0.014738284982740879,0.00991365126777786,1356,63,0.1111111111111111,1,1,9,0.014738284982740879,6df7e70c82fc2b47c4ae0e5e311055307ff05f86e5648d76adb1ac5d6e61df90,False,False
889,34,LONG,['BREAKOUT'],85,0.014882783405482769,0.009791150019642189,934,63,0.1111111111111111,1,1,9,0.014882783405482769,e5ad3b5f5140b518bd08673bf44319650356d10355d4cf8745e5d52033964a25,False,False
890,1542,LONG,"['TREND', 'VOLATILITY', 'RELATIVE_CROSS_SECTIONAL']",85,0.014978975057601929,0.009323015228924252,775,63,0.1111111111111111,1,1,9,0.014978975057601929,b6c81b8069a08292d8a7ce5f8026c2b77e8038f0c630ca5a4cb13c908e9e7635,False,False
891,1476,LONG,"['TREND', 'MEAN_REVERSION', 'VOLUME_LIQUIDITY']",85,0.014986082911491394,0.008516792341784221,666,63,0.1111111111111111,1,1,9,0.014986082911491394,08c646b776e587590cd87ba07cbc810f214b420b8ecfa02152de78832d1919f2,False,False
892,584,LONG,"['MEAN_REVERSION', 'MARKET_REGIME_STRUCTURE']",85,0.01573944464325905,0.0053017945586923635,656,63,0.1111111111111111,1,1,9,0.01573944464325905,4d20f67ce5955322c10244e0228bce0501e735f684cf1e4cd0e998e70b7b747c,False,False
893,1896,LONG,"['MOMENTUM', 'BREAKOUT', 'TREND', 'VOLUME_LIQUIDITY']",85,0.015109273605048656,0.005914773051129352,551,63,0.1111111111111111,1,1,9,0.015109273605048656,3c1c49c0e522a18b722c083380b9fa697a39f0fd62a8c8af3d397c8eb0a4352b,False,False
894,1448,LONG,"['TREND', 'MEAN_REVERSION', 'VOLATILITY']",85,0.015958933159708977,0.0037547031823928993,507,63,0.1111111111111111,1,1,9,0.015958933159708977,7afbd206c4c655749fb28c916c8da9456cc191edaa947bfc6b00db7d664b9a4e,False,False
895,1264,LONG,"['BREAKOUT', 'MEAN_REVERSION', 'VOLUME_LIQUIDITY']",85,0.016327640041708946,-0.0006828983912055935,108,63,0.1111111111111111,1,1,9,0.016327640041708946,fe4606b0e37985fea04032e2169168b034b06b71f0e0618eed07dcf3e69a44f5,False,False
896,650,LONG,"['VOLATILITY', 'MARKET_REGIME_STRUCTURE']",86,0.01443902775645256,0.009727461404561214,1193,63,0.1111111111111111,1,1,9,0.01443902775645256,7ab863f1cf2b85ab999589d6e7435378e5d23e1b3e9e063547c9c3ee0abf6d4c,False,False
897,1816,LONG,"['VOLATILITY', 'RELATIVE_CROSS_SECTIONAL', 'MARKET_REGIME_STRUCTURE']",86,0.014629639685153961,0.008728267637817075,822,63,0.1111111111111111,1,1,9,0.014629639685153961,08b51189d51224545c9ff733c53b4d8fb86c8a7352af2ca71089cd6f695537ff,False,False
898,2914,LONG,"['BREAKOUT', 'VOLATILITY', 'RELATIVE_CROSS_SECTIONAL', 'MARKET_REGIME_STRUCTURE']",86,0.014672712422907352,0.007371581234056332,650,63,0.1111111111111111,1,1,9,0.014672712422907352,2c126b3ee1ffa84e8f731f07c5b1067ac5cef085e62c6d5a6bf939a5f6895a53,False,False
899,4238,LONG,"['BREAKOUT', 'VOLATILITY', 'VOLUME_LIQUIDITY', 'RELATIVE_CROSS_SECTIONAL', 'MARKET_REGIME_STRUCTURE']",86,0.014770831912755966,0.00576051814687235,567,63,0.1111111111111111,1,1,9,0.014770831912755966,ea49bea5ee5ae446b99f8660943b4447c33b4e1f636fc3559b94b6cc42abd629,False,False
900,550,LONG,"['MEAN_REVERSION', 'VOLUME_LIQUIDITY']",86,0.015887463465332985,0.0018779763136611161,214,63,0.1111111111111111,1,1,9,0.015887463465332985,cabd30b019e052ebdd384d6acac62aa26903304b5cfaa392026768def8d76514,False,False
901,28,LONG,['BREAKOUT'],87,0.014297104440629482,0.009246356441463472,708,63,0.1111111111111111,1,1,9,0.014297104440629482,316c67f15c57d89f5fd2df3c82c50d6d98de6364238354d2ae22c2aa373954d6,False,False
902,594,LONG,"['MEAN_REVERSION', 'MARKET_REGIME_STRUCTURE']",87,0.01452491246163845,0.008633717881438324,644,63,0.1111111111111111,1,1,9,0.01452491246163845,9dbe51a3f1e953847471c2940a0f775f8a7fe8e52fa7601e9f8b5c119d3083a2,False,False
903,1184,LONG,"['BREAKOUT', 'TREND', 'VOLUME_LIQUIDITY']",87,0.014920931309461594,0.0015036847981850215,330,63,0.1111111111111111,1,1,9,0.014920931309461594,ae0a63a6871acc25ddad6e4c03270d85c37093765f96318ba632cf08359a9b84,False,False
904,3120,LONG,"['TREND', 'VOLUME_LIQUIDITY', 'RELATIVE_CROSS_SECTIONAL', 'MARKET_REGIME_STRUCTURE']",87,0.015123642981052399,0.001181126111623923,286,63,0.1111111111111111,1,1,9,0.015123642981052399,642d6e624760dcd050d192ba77f2191c813e1c92d9dfd9b76eebc6ea91ab370c,False,False
905,3774,LONG,"['MOMENTUM', 'TREND', 'VOLATILITY', 'VOLUME_LIQUIDITY', 'RELATIVE_CROSS_SECTIONAL']",87,0.015854742377996445,-0.0598614273837831,62,63,0.1111111111111111,1,1,9,0.015854742377996445,199bb8ee5e84c19075cf59789ec87814cfbd6c2b253cb7226704780489022bac,False,False
906,82,LONG,['VOLATILITY'],88,0.013284089043736458,0.009060455963910273,1021,63,0.1111111111111111,1,1,9,0.013284089043736458,8f1983d7906bca0b774bfb56d3f4f8a18312af99f2f7b8c7b294b09fd32dafa5,False,False
907,2666,LONG,"['BREAKOUT', 'TREND', 'VOLATILITY', 'MARKET_REGIME_STRUCTURE']",88,0.013916034251451492,0.0051324502270120795,871,63,0.1111111111111111,1,1,9,0.013916034251451492,51babf803d8371c5c3926028cb6eeb62db4e9c4e08edcab1c44b4379f98e4c51,False,False
908,76,LONG,['MEAN_REVERSION'],88,0.013594663701951504,0.005791468971112146,729,63,0.1111111111111111,1,1,9,0.013594663701951504,4818b6e8b3b6000cde5be99f89ea9cf216d490ad0dacbddc2f91679a0cdda758,False,False
909,212,LONG,"['MOMENTUM', 'MEAN_REVERSION']",88,0.013401303440332413,0.005806703504045933,690,63,0.1111111111111111,1,1,9,0.013401303440332413,2a5ee4895a9b98570c210e8875d1d259da8f9fe1a9d32c4ce7aba41e46f92380,False,False
910,4100,LONG,"['BREAKOUT', 'TREND', 'VOLATILITY', 'RELATIVE_CROSS_SECTIONAL', 'MARKET_REGIME_STRUCTURE']",88,0.013377155177295208,0.00821735831538149,651,63,0.1111111111111111,1,1,9,0.013377155177295208,b583a094c3455ac31fa9b10e52058d058693967a218b424e296c60dd6fe30bda,False,False
911,962,LONG,"['MOMENTUM', 'MEAN_REVERSION', 'VOLUME_LIQUIDITY']",88,0.014327793382108212,0.0036882648079434137,426,63,0.1111111111111111,1,1,9,0.014327793382108212,82fcab72d227d31d33ba1b4da73c244491d6939c5eca4c084b1c74e2b15c2e91,False,False
912,2310,LONG,"['MOMENTUM', 'TREND', 'VOLUME_LIQUIDITY', 'MARKET_REGIME_STRUCTURE']",88,0.015092304907739162,-0.005425961796816436,382,63,0.1111111111111111,1,1,9,0.015092304907739162,e4a3a985ecea3c7f2c45fe10a99c3d2a721557879c425f940378377b7032ee02,False,False
913,2860,LONG,"['BREAKOUT', 'VOLATILITY', 'VOLUME_LIQUIDITY', 'RELATIVE_CROSS_SECTIONAL']",88,0.014910900965332985,-0.00023197185641299356,184,63,0.1111111111111111,1,1,9,0.014910900965332985,bd8654a67d8d6926ec04b77755efe8184c3955893122c289f0c7b8c327c88eaa,False,False
914,416,LONG,"['BREAKOUT', 'MARKET_REGIME_STRUCTURE']",89,0.01266000047326088,0.008373146560392026,1051,63,0.1111111111111111,1,1,9,0.01266000047326088,b6efadb92ce4cb07d43ef71642c13634194ddc292b051b313297b0e2b1194af1,False,False
915,1670,LONG,"['MEAN_REVERSION', 'VOLATILITY', 'RELATIVE_CROSS_SECTIONAL']",89,0.012998757883906364,0.006786600299177882,677,63,0.1111111111111111,1,1,9,0.012998757883906364,9829f7163ffd8751e7fbb0f4b6ceac9f01e0dd8aa60fc5278a550b50dd272bc5,False,False
916,1762,LONG,"['VOLATILITY', 'VOLUME_LIQUIDITY', 'RELATIVE_CROSS_SECTIONAL']",89,0.01395445130765438,0.002243373338372528,306,63,0.1111111111111111,1,1,9,0.01395445130765438,fc36f6cfd66d560d046f43b061237852fdab9ad9ce87c57002fb86851ae30834,False,False
917,2368,LONG,"['MOMENTUM', 'MEAN_REVERSION', 'VOLATILITY', 'RELATIVE_CROSS_SECTIONAL']",89,0.014573255553841591,-0.002003002678594046,247,63,0.1111111111111111,1,1,9,0.014573255553841591,68e49482f1c9d1bed0161c19b9d1bd285c161bd100319a56b3fd25d2e918ee7e,False,False
918,1368,LONG,"['BREAKOUT', 'VOLATILITY', 'MARKET_REGIME_STRUCTURE']",90,0.012220527976751328,0.007604971208623282,838,63,0.1111111111111111,1,1,9,0.012220527976751328,bb7551dcd3d86cb98e087881f3512e3199bcb615ea68b8d7bc0efafa2b89527d,False,False
919,538,LONG,"['MEAN_REVERSION', 'VOLATILITY']",90,0.012836072593927383,0.005212732246101353,521,63,0.1111111111111111,1,1,9,0.012836072593927383,e7f03dd6c3497114bab6dc8798ca9cba099f36404ad3bd0e9b442ef1073a9903,False,False
920,1384,LONG,"['BREAKOUT', 'VOLUME_LIQUIDITY', 'RELATIVE_CROSS_SECTIONAL']",90,0.012484831735491753,0.005803199990983859,518,63,0.1111111111111111,1,1,9,0.012484831735491753,3f3cb8b0f877abe47affca1d889420937a6864b4cc5e170d9c63c3a0ccf10a4d,False,False
921,2686,LONG,"['BREAKOUT', 'TREND', 'VOLUME_LIQUIDITY', 'RELATIVE_CROSS_SECTIONAL']",90,0.012605381198227406,0.005513986372517197,498,63,0.1111111111111111,1,1,9,0.012605381198227406,41600be5c2c24b4a4f79122ab35c819324b400997e7d8cbf52070fda771171e5,False,False
922,2210,LONG,"['MOMENTUM', 'TREND', 'MEAN_REVERSION', 'MARKET_REGIME_STRUCTURE']",90,0.014481998048722744,-0.002557320539424781,472,63,0.1111111111111111,1,1,9,0.014481998048722744,763cd96f2a8754d615babd504a804e74da93d1a28a2027cdf5265ff305a82118,False,False
923,1982,LONG,"['MOMENTUM', 'BREAKOUT', 'MEAN_REVERSION', 'RELATIVE_CROSS_SECTIONAL']",90,0.013645341619849205,-0.00014801947178530797,450,63,0.1111111111111111,1,1,9,0.013645341619849205,9f78ac2d3339910164e9ddea6dc51184007462420bd75c341c353fd27dc5ca37,False,False
924,1792,LONG,"['VOLATILITY', 'VOLUME_LIQUIDITY', 'MARKET_REGIME_STRUCTURE']",90,0.013195255771279335,0.0020002086219257295,172,63,0.1111111111111111,1,1,9,0.013195255771279335,d3022d0319e93548aa79be5c3f02c6221a9bd9447079fbc284137d225993cd58,False,False
925,2974,LONG,"['TREND', 'MEAN_REVERSION', 'VOLATILITY', 'RELATIVE_CROSS_SECTIONAL']",91,0.012070698663592339,0.006609234087299167,882,63,0.1111111111111111,1,1,9,0.012070698663592339,abf6eef70a46f826fb2eeafae47054e30cc576aff4c8c601409702fcbe35fb4d,False,False
926,1438,LONG,"['BREAKOUT', 'RELATIVE_CROSS_SECTIONAL', 'MARKET_REGIME_STRUCTURE']",91,0.012034589424729347,0.007330755038231206,806,63,0.1111111111111111,1,1,9,0.012034589424729347,4c99c734dc0222383c4bad0cec4c9141a52311efe78db8071283d4784ad0abe2,False,False
927,1380,LONG,"['BREAKOUT', 'VOLUME_LIQUIDITY', 'RELATIVE_CROSS_SECTIONAL']",91,0.01270555704832077,0.0006067150258061253,310,63,0.1111111111111111,1,1,9,0.01270555704832077,0f9b5c287c9b068d03b8b0407ef7b233c0356a1bd57f98a70455824b1d5a8d56,False,False
928,1354,LONG,"['BREAKOUT', 'VOLATILITY', 'RELATIVE_CROSS_SECTIONAL']",91,0.013796296902000904,-0.006553908948817473,141,63,0.1111111111111111,1,1,9,0.013796296902000904,98a69f5faa6bb5ab9452257fbf8244efd119fbc08ae16e52a96e30b5b0acdd5b,False,False
929,1618,LONG,"['TREND', 'VOLUME_LIQUIDITY', 'MARKET_REGIME_STRUCTURE']",92,0.011650471948087215,0.005601993114166926,714,63,0.1111111111111111,1,1,9,0.011650471948087215,4a2f27b15051b755efea756aaa93e83b6f5d40bb90659f84a6ea4e3f03a105c8,False,False
930,178,LONG,"['MOMENTUM', 'BREAKOUT']",92,0.011734851635992527,0.0032199512101827726,582,63,0.1111111111111111,1,1,9,0.011734851635992527,d5a80c7dfc080ac31e10e2f6b9469c9ec467bbcf07cb6f4f41947cb437edc9f0,False,False
931,2178,LONG,"['MOMENTUM', 'TREND', 'MEAN_REVERSION', 'VOLUME_LIQUIDITY']",92,0.011741697788238525,-0.0023021237214502863,505,63,0.1111111111111111,1,1,9,0.011741697788238525,9507cad02bd45a71ee23566632acaf9ad2fef9dded4df2f85b065960ddf87529,False,False
932,2122,LONG,"['MOMENTUM', 'BREAKOUT', 'RELATIVE_CROSS_SECTIONAL', 'MARKET_REGIME_STRUCTURE']",92,0.012689926661550999,-0.004120787192354165,302,63,0.1111111111111111,1,1,9,0.012689926661550999,0c334271878ce2fbe677d2ce49114457b59b2a71d825d9dabe46ffc2203e9c0b,False,False
933,402,LONG,"['BREAKOUT', 'MARKET_REGIME_STRUCTURE']",93,0.01109599880874157,0.0026319605422231492,878,63,0.1111111111111111,1,1,9,0.01109599880874157,8bfe18ebee3082eeba76a260ff8f47e37aeadf00db666d530e868de357f662d4,False,False
934,1700,LONG,"['MEAN_REVERSION', 'VOLUME_LIQUIDITY', 'RELATIVE_CROSS_SECTIONAL']",93,0.010820568539202213,0.005030876586686374,775,63,0.1111111111111111,1,1,9,0.010820568539202213,195dcbb5b960f14b5932f67ac205835c623f3332b7338aa4e96f75924b7138e5,False,False
935,1020,LONG,"['MOMENTUM', 'VOLATILITY', 'VOLUME_LIQUIDITY']",93,0.011164601892232895,0.0025295165997415905,486,63,0.1111111111111111,1,1,9,0.011164601892232895,bc6287af746fcf840902c6482e30fc611466fc6a9ea3fc28490d6fa28a9239e3,False,False
936,2644,LONG,"['BREAKOUT', 'TREND', 'VOLATILITY', 'RELATIVE_CROSS_SECTIONAL']",93,0.011552591808140278,-0.001302651242058762,360,63,0.1111111111111111,1,1,9,0.011552591808140278,240432bec9ddc92d4233d4040c98bdc03609e6fd15d84faf8e1da291e854bfe8,False,False
937,4306,LONG,"['TREND', 'MEAN_REVERSION', 'VOLUME_LIQUIDITY', 'RELATIVE_CROSS_SECTIONAL', 'MARKET_REGIME_STRUCTURE']",93,0.011373568326234818,-0.0005528316739833779,297,63,0.1111111111111111,1,1,9,0.011373568326234818,8f6bbeb29e253fb99ac9810c8e5800e28cced741dff4949682dfc087c08a2108,False,False
938,2256,LONG,"['MOMENTUM', 'TREND', 'VOLATILITY', 'RELATIVE_CROSS_SECTIONAL']",94,0.010198924690485,0.0031018170376750564,838,63,0.1111111111111111,1,1,9,0.010198924690485,b681f4266d6bf3cc1fc9ac89e67cffbdce2c60ce86e8dc38af93e32db9d6d234,False,False
939,4166,LONG,"['BREAKOUT', 'MEAN_REVERSION', 'VOLATILITY', 'VOLUME_LIQUIDITY', 'MARKET_REGIME_STRUCTURE']",94,0.010241764597594738,0.002020309497957779,737,63,0.1111111111111111,1,1,9,0.010241764597594738,5681dffdd3a479925b24df06746079f9f5dd691ad1f52a99244a3dc0e3b81253,False,False
940,768,LONG,"['MOMENTUM', 'BREAKOUT', 'VOLATILITY']",94,0.01042843610048294,0.0004777696702127042,561,63,0.1111111111111111,1,1,9,0.01042843610048294,843cad83d02baa3f48b457a744ae9d24b2c3c7088e0f55ab9ddd239b0d94b3a6,False,False
941,1658,LONG,"['MEAN_REVERSION', 'VOLATILITY', 'VOLUME_LIQUIDITY']",94,0.011366755701601505,-0.0017067034784883604,405,63,0.1111111111111111,1,1,9,0.011366755701601505,7a159f74ea30840208b02c1c9eba3e5cc036768a3cf951de5c90758aa89410b1,False,False
942,1684,LONG,"['MEAN_REVERSION', 'VOLATILITY', 'MARKET_REGIME_STRUCTURE']",95,0.008138519711792469,0.00046767452362591645,660,63,0.1111111111111111,1,1,9,0.008138519711792469,4e83f04caf05eb18764236b62bbcab21b5290070767e29ef941db091f305ba9d,False,False
943,1300,LONG,"['BREAKOUT', 'MEAN_REVERSION', 'MARKET_REGIME_STRUCTURE']",95,0.009829266928136349,0.000257136975911813,628,63,0.1111111111111111,1,1,9,0.009829266928136349,21f23e1b5471d3ed017d09cdb6cdeb88dc934d1543ca521888d0d22be56d40c6,False,False
944,1524,LONG,"['TREND', 'VOLATILITY', 'VOLUME_LIQUIDITY']",95,0.009888040833175182,-0.0011958120834887152,288,63,0.1111111111111111,1,1,9,0.009888040833175182,04d537f37cf2f8a39c02cec22a07ce4431f8662616395e2bd50fc2e973cca9d7,False,False
945,874,LONG,"['MOMENTUM', 'TREND', 'VOLATILITY']",95,0.011355718597769737,-0.002383172864719023,200,63,0.1111111111111111,1,1,9,0.011355718597769737,b5d646d40e8b4f84abd718ab4af069906c7ae2dde3de5f2e7b79fff515a8a24d,False,False
946,2680,LONG,"['BREAKOUT', 'TREND', 'VOLUME_LIQUIDITY', 'RELATIVE_CROSS_SECTIONAL']",96,0.008301913738250732,-0.0015700108037511144,523,63,0.1111111111111111,1,1,9,0.008301913738250732,6c8cee63890babd64e29a6aa630b8007d42c3f1c6eb74bdc346380a0f20fe769,False,False
947,1076,LONG,"['MOMENTUM', 'VOLATILITY', 'MARKET_REGIME_STRUCTURE']",96,0.01059044897556305,-0.004920407773873897,411,63,0.1111111111111111,1,1,9,0.01059044897556305,b23d99faae2bac1938bbb70d0004248e622c3da8f2d605e9a1de0543aab79ee6,False,False
948,2344,LONG,"['MOMENTUM', 'MEAN_REVERSION', 'VOLATILITY', 'VOLUME_LIQUIDITY']",96,0.010702604427933693,-0.007562309499743524,208,63,0.1111111111111111,1,1,9,0.010702604427933693,305ef8a720f98201be2ef04f7c8b6b6ad990629b286340696ea1de6e1276f807,False,False
949,2480,LONG,"['MOMENTUM', 'VOLATILITY', 'VOLUME_LIQUIDITY', 'MARKET_REGIME_STRUCTURE']",97,0.00828295573592186,-0.002248223534116238,255,63,0.1111111111111111,1,1,9,0.00828295573592186,4b701366eaa3e5f88b0a1848ebc9a2e065496447c20969ddb35bc79c99024986,False,False
950,2130,LONG,"['MOMENTUM', 'BREAKOUT', 'RELATIVE_CROSS_SECTIONAL', 'MARKET_REGIME_STRUCTURE']",97,0.008489889092743397,-0.012851615892058414,208,63,0.1111111111111111,1,1,9,0.008489889092743397,48ee5faca3f22ed9544e7e99296d9576fec10fa841dfcf32c7a79778621b413f,False,False
951,1801,SHORT,"['VOLATILITY', 'RELATIVE_CROSS_SECTIONAL', 'MARKET_REGIME_STRUCTURE']",97,0.009263589046895504,-0.02006737185398325,135,63,0.1111111111111111,1,1,9,0.009263589046895504,db80672001c886822594a9164299203bcf7e75b310751ac5480d337935edafaf,False,False
952,2158,LONG,"['MOMENTUM', 'TREND', 'MEAN_REVERSION', 'VOLATILITY']",97,0.009864832274615765,-0.05536585482098351,101,63,0.1111111111111111,1,1,9,0.009864832274615765,bdbf93f968f8ffb2c3dbaf3be3279b3e09f22337d2560d9fb995665443c46468,False,False
953,412,LONG,"['BREAKOUT', 'MARKET_REGIME_STRUCTURE']",98,0.0047880420461297035,-0.004256059598173684,658,63,0.1111111111111111,1,1,9,0.0047880420461297035,c43e941b2d8cefc6f43569fe42a5336c2842fbd281a2ddf93f04a0faf41318b1,False,False
954,204,LONG,"['MOMENTUM', 'MEAN_REVERSION']",98,0.0062843323685228825,-0.00914229409183679,359,63,0.1111111111111111,1,1,9,0.0062843323685228825,01892be854ad6a90054255477175639995bb14bb086f911434877b9e2227ffd0,False,False
955,2646,LONG,"['BREAKOUT', 'TREND', 'VOLATILITY', 'RELATIVE_CROSS_SECTIONAL']",98,0.008175481110811234,-0.00977509710056862,158,63,0.1111111111111111,1,1,9,0.008175481110811234,7404d1712f7fa378bac82a54d700bf03ccd9db0859d609c05f2e1e5192576ab9,False,False
956,1758,LONG,"['MEAN_REVERSION', 'RELATIVE_CROSS_SECTIONAL', 'MARKET_REGIME_STRUCTURE']",99,0.0021905170287936926,-0.004825802952800994,944,63,0.1111111111111111,1,1,9,0.0021905170287936926,d2ff64646d269165749a97c35026937878d16a0c7b7adb02ee8dfebbcfebdf97,False,False
957,2104,LONG,"['MOMENTUM', 'BREAKOUT', 'VOLUME_LIQUIDITY', 'MARKET_REGIME_STRUCTURE']",99,0.00517739774659276,-0.010109515239663526,302,63,0.1111111111111111,1,1,9,0.00517739774659276,57ff297ea4b12c22c41a6b77734772e1aaa7da471012aede4e99fcfd328633b6,False,False
958,1012,LONG,"['MOMENTUM', 'MEAN_REVERSION', 'MARKET_REGIME_STRUCTURE']",99,0.007961409166455269,-0.01151817354354594,234,63,0.1111111111111111,1,1,9,0.007961409166455269,696879c8c003ae6d520bceb9ffecb8b5e42d01e81d714cafff80869eb718a3ef,False,False
959,1278,LONG,"['BREAKOUT', 'MEAN_REVERSION', 'VOLUME_LIQUIDITY']",100,0.002145636361092329,-0.009260803308604494,369,63,0.1111111111111111,1,1,9,0.002145636361092329,b60828e72e8453192dfb16b0fc7e7143019c9e0e9075e2a597592c4bc3766775,False,False
960,2105,SHORT,"['MOMENTUM', 'BREAKOUT', 'VOLUME_LIQUIDITY', 'MARKET_REGIME_STRUCTURE']",100,0.0012788156745955348,-0.0076828987554818234,305,20,0.1111111111111111,1,1,9,0.0012788156745955348,57ff297ea4b12c22c41a6b77734772e1aaa7da471012aede4e99fcfd328633b6,False,False
961,2912,LONG,"['BREAKOUT', 'VOLATILITY', 'RELATIVE_CROSS_SECTIONAL', 'MARKET_REGIME_STRUCTURE']",100,0.005785760469734669,-0.011961934844176906,179,63,0.1111111111111111,1,1,9,0.005785760469734669,b27c33e86d55cc65151f4c234a5ba565a5a68ab38ffd31157d14e2e977c4ce48,False,False
962,1864,LONG,"['MOMENTUM', 'BREAKOUT', 'TREND', 'VOLATILITY']",100,0.006154913920909166,-0.018586092504610487,167,63,0.1111111111111111,1,1,9,0.006154913920909166,23c210d51cdae7b7304bfed60d640b14a8fb7d529358a589973f817b0a88725d,False,False
963,2008,LONG,"['MOMENTUM', 'BREAKOUT', 'MEAN_REVERSION', 'MARKET_REGIME_STRUCTURE']",100,0.007613457273691893,-0.026270044800166086,79,63,0.1111111111111111,1,1,9,0.007613457273691893,e3446fca63f4b5702634cfc8e352a0eeb2dc5b56882bd1629abfc9a09f497c32,False,False
964,1306,LONG,"['BREAKOUT', 'MEAN_REVERSION', 'MARKET_REGIME_STRUCTURE']",101,0.0037270060274749994,-0.020950253179812365,181,63,0.1111111111111111,1,1,9,0.0037270060274749994,b63099205bcb99695a9aa09e97e4d81d7d028d4e986903af841d4a158cbc4832,False,False
965,800,LONG,"['MOMENTUM', 'BREAKOUT', 'RELATIVE_CROSS_SECTIONAL']",101,0.00508668040856719,-0.021889328766151683,178,63,0.1111111111111111,1,1,9,0.00508668040856719,1853c2be75f27fc2d345d8bc80060ad7ba33c2c12c409c73f34e278eff9b1136,False,False
966,4175,SHORT,"['BREAKOUT', 'MEAN_REVERSION', 'VOLATILITY', 'VOLUME_LIQUIDITY', 'MARKET_REGIME_STRUCTURE']",101,0.002903820015490055,-0.018852272490395314,133,7,0.1111111111111111,1,1,9,0.002903820015490055,74f1594433c8c42b0676c854157c73e00252de3e37422124ca0fb06e38b4fb50,False,False
967,986,LONG,"['MOMENTUM', 'MEAN_REVERSION', 'RELATIVE_CROSS_SECTIONAL']",101,0.006012752652168274,-0.022801295388788063,121,63,0.1111111111111111,1,1,9,0.006012752652168274,21199b21017892f776a768c48a1ac5811041964bf6d0672f670cc775829929d4,False,False
968,3218,LONG,"['MEAN_REVERSION', 'VOLUME_LIQUIDITY', 'RELATIVE_CROSS_SECTIONAL', 'MARKET_REGIME_STRUCTURE']",102,0.0016119456849992275,-0.026986731302722288,93,63,0.1111111111111111,1,1,9,0.0016119456849992275,8a2fbbb38573c9111b3d511781ed1fc633b6a9c95f78335fad9358b1446fc49e,False,False
969,838,LONG,"['MOMENTUM', 'BREAKOUT', 'MARKET_REGIME_STRUCTURE']",103,0.0006870157085359097,-0.05332130117803607,68,63,0.1111111111111111,1,1,9,0.0006870157085359097,8e6324e5dfc8d9ca2035532067c0826541c2fd3eeb16ef7e10873bb3e5e4dc2e,False,False
